,timestamp,wind_speed_m_s
0,2024-10-31 00:00:00,3.7
1,2024-10-31 01:00:00,3.6
2,2024-10-31 02:00:00,3.7
3,2024-10-31 03:00:00,3.0
4,2024-10-31 04:00:00,2.0
5,2024-10-31 05:00:00,2.3
6,2024-10-31 06:00:00,3.3
7,2024-10-31 07:00:00,2.1
8,2024-10-31 08:00:00,2.1
9,2024-10-31 09:00:00,2.9
10,2024-10-31 10:00:00,3.6
11,2024-10-31 11:00:00,3.9
12,2024-10-31 12:00:00,4.5
13,2024-10-31 13:00:00,4.0
14,2024-10-31 14:00:00,3.3
15,2024-10-31 15:00:00,3.8
16,2024-10-31 16:00:00,4.2
17,2024-10-31 17:00:00,3.0
19,2024-10-31 19:00:00,4.5
20,2024-10-31 20:00:00,3.0
21,2024-10-31 21:00:00,2.9
22,2024-10-31 22:00:00,3.2
23,2024-10-31 23:00:00,3.3
24,2024-11-01 00:00:00,4.4
25,2024-11-01 01:00:00,4.4
26,2024-11-01 02:00:00,4.6
27,2024-11-01 03:00:00,4.1
28,2024-11-01 04:00:00,4.7
29,2024-11-01 05:00:00,4.4
30,2024-11-01 06:00:00,5.7
31,2024-11-01 07:00:00,6.3
32,2024-11-01 08:00:00,4.9
33,2024-11-01 09:00:00,4.6
34,2024-11-01 10:00:00,5.0
35,2024-11-01 11:00:00,5.6
36,2024-11-01 12:00:00,6.1
37,2024-11-01 13:00:00,6.0
38,2024-11-01 14:00:00,5.5
39,2024-11-01 15:00:00,5.0
40,2024-11-01 16:00:00,4.6
41,2024-11-01 17:00:00,6.1
42,2024-11-01 18:00:00,5.8
43,2024-11-01 19:00:00,6.4
44,2024-11-01 20:00:00,5.4
45,2024-11-01 21:00:00,5.1
46,2024-11-01 22:00:00,5.3
47,2024-11-01 23:00:00,5.1
48,2024-11-02 00:00:00,4.9
49,2024-11-02 01:00:00,5.1
50,2024-11-02 02:00:00,4.7
51,2024-11-02 03:00:00,3.6
52,2024-11-02 04:00:00,1.6
53,2024-11-02 05:00:00,1.5
54,2024-11-02 06:00:00,1.1
55,2024-11-02 07:00:00,1.1
56,2024-11-02 08:00:00,1.5
57,2024-11-02 09:00:00,1.5
58,2024-11-02 10:00:00,1.6
59,2024-11-02 11:00:00,1.2
60,2024-11-02 12:00:00,1.4
61,2024-11-02 13:00:00,1.3
62,2024-11-02 14:00:00,1.6
63,2024-11-02 15:00:00,1.1
64,2024-11-02 16:00:00,0.4
65,2024-11-02 17:00:00,0.4
66,2024-11-02 18:00:00,0.7
67,2024-11-02 19:00:00,0.6
68,2024-11-02 20:00:00,0.7
69,2024-11-02 21:00:00,0.8
70,2024-11-02 22:00:00,0.9
71,2024-11-02 23:00:00,1.1
72,2024-11-03 00:00:00,1.0
73,2024-11-03 01:00:00,1.0
74,2024-11-03 02:00:00,0.8
75,2024-11-03 03:00:00,0.8
76,2024-11-03 04:00:00,1.0
77,2024-11-03 05:00:00,1.2
78,2024-11-03 06:00:00,0.5
79,2024-11-03 07:00:00,0.7
80,2024-11-03 08:00:00,0.7
81,2024-11-03 09:00:00,0.9
82,2024-11-03 10:00:00,0.8
83,2024-11-03 11:00:00,0.8
84,2024-11-03 12:00:00,2.1
85,2024-11-03 13:00:00,1.8
86,2024-11-03 14:00:00,2.5
87,2024-11-03 15:00:00,3.2
88,2024-11-03 16:00:00,3.5
89,2024-11-03 17:00:00,3.0
90,2024-11-03 18:00:00,2.7
91,2024-11-03 19:00:00,2.6
92,2024-11-03 20:00:00,1.6
93,2024-11-03 21:00:00,1.3
94,2024-11-03 22:00:00,1.6
95,2024-11-03 23:00:00,2.2
96,2024-11-04 00:00:00,2.1
97,2024-11-04 01:00:00,2.2
98,2024-11-04 02:00:00,1.9
99,2024-11-04 03:00:00,1.6
100,2024-11-04 04:00:00,1.9
101,2024-11-04 05:00:00,1.8
102,2024-11-04 06:00:00,2.0
103,2024-11-04 07:00:00,2.3
104,2024-11-04 08:00:00,1.7
106,2024-11-11 09:00:00,1.8
107,2024-11-11 10:00:00,1.7
108,2024-11-11 11:00:00,2.2
109,2024-11-11 12:00:00,2.4
110,2024-11-11 13:00:00,2.0
111,2024-11-11 14:00:00,2.3
112,2024-11-11 15:00:00,2.2
113,2024-11-11 16:00:00,2.2
114,2024-11-11 17:00:00,1.8
115,2024-11-11 18:00:00,1.7
116,2024-11-11 19:00:00,2.3
117,2024-11-11 20:00:00,1.9
118,2024-11-11 21:00:00,1.7
119,2024-11-11 22:00:00,1.9
120,2024-11-11 23:00:00,1.9
121,2024-11-12 00:00:00,1.7
122,2024-11-12 01:00:00,1.9
123,2024-11-12 02:00:00,1.5
124,2024-11-12 03:00:00,1.3
125,2024-11-12 04:00:00,1.4
126,2024-11-12 05:00:00,1.8
127,2024-11-12 06:00:00,1.5
128,2024-11-12 07:00:00,1.3
129,2024-11-12 08:00:00,1.5
130,2024-11-12 09:00:00,1.2
131,2024-11-12 10:00:00,0.9
132,2024-11-12 11:00:00,0.9
133,2024-11-12 12:00:00,0.7
134,2024-11-12 13:00:00,0.8
135,2024-11-12 14:00:00,1.4
136,2024-11-12 15:00:00,1.1
137,2024-11-12 16:00:00,1.2
138,2024-11-12 17:00:00,0.5
139,2024-11-12 18:00:00,0.7
140,2024-11-12 19:00:00,1.1
141,2024-11-12 20:00:00,0.8
142,2024-11-12 21:00:00,0.8
143,2024-11-12 22:00:00,0.7
144,2024-11-12 23:00:00,1.0
145,2024-11-13 00:00:00,1.1
146,2024-11-13 01:00:00,1.4
147,2024-11-13 02:00:00,2.0
148,2024-11-13 03:00:00,1.9
149,2024-11-13 04:00:00,1.1
150,2024-11-13 05:00:00,1.3
151,2024-11-13 06:00:00,1.6
152,2024-11-13 07:00:00,2.0
153,2024-11-13 08:00:00,1.8
154,2024-11-13 09:00:00,1.9
155,2024-11-13 10:00:00,1.4
156,2024-11-13 11:00:00,1.6
157,2024-11-13 12:00:00,1.6
158,2024-11-13 13:00:00,1.5
159,2024-11-13 14:00:00,1.2
160,2024-11-13 15:00:00,1.0
161,2024-11-13 16:00:00,0.9
162,2024-11-13 17:00:00,0.9
163,2024-11-13 18:00:00,0.6
164,2024-11-13 19:00:00,1.2
165,2024-11-13 20:00:00,1.3
166,2024-11-13 21:00:00,1.0
167,2024-11-13 22:00:00,0.6
168,2024-11-13 23:00:00,0.9
169,2024-11-14 00:00:00,0.9
170,2024-11-14 01:00:00,1.4
171,2024-11-14 02:00:00,1.6
172,2024-11-14 03:00:00,2.0
173,2024-11-14 04:00:00,2.8
174,2024-11-14 05:00:00,3.4
175,2024-11-14 06:00:00,3.5
176,2024-11-14 07:00:00,3.6
177,2024-11-14 08:00:00,2.9
178,2024-11-14 09:00:00,2.9
179,2024-11-14 10:00:00,3.6
180,2024-11-14 11:00:00,4.2
181,2024-11-14 12:00:00,4.9
182,2024-11-14 13:00:00,4.1
183,2024-11-14 14:00:00,3.7
184,2024-11-14 15:00:00,3.8
185,2024-11-14 16:00:00,3.7
186,2024-11-14 17:00:00,3.5
187,2024-11-14 18:00:00,3.4
188,2024-11-14 19:00:00,3.9
189,2024-11-14 20:00:00,2.9
190,2024-11-14 21:00:00,3.2
191,2024-11-14 22:00:00,3.2
192,2024-11-14 23:00:00,2.2
193,2024-11-15 00:00:00,2.1
194,2024-11-15 01:00:00,2.7
195,2024-11-15 02:00:00,2.3
196,2024-11-15 03:00:00,2.4
197,2024-11-15 04:00:00,3.2
198,2024-11-15 05:00:00,3.2
199,2024-11-15 06:00:00,3.1
200,2024-11-15 07:00:00,3.3
201,2024-11-15 08:00:00,3.8
202,2024-11-15 09:00:00,4.5
203,2024-11-15 10:00:00,4.3
204,2024-11-15 11:00:00,4.9
205,2024-11-15 12:00:00,5.3
206,2024-11-15 13:00:00,4.1
207,2024-11-15 14:00:00,3.9
208,2024-11-15 15:00:00,3.2
209,2024-11-15 16:00:00,3.4
210,2024-11-15 17:00:00,4.1
211,2024-11-15 18:00:00,4.4
212,2024-11-15 19:00:00,4.0
213,2024-11-15 20:00:00,4.2
214,2024-11-15 21:00:00,4.4
215,2024-11-15 22:00:00,4.5
216,2024-11-15 23:00:00,4.5
217,2024-11-16 00:00:00,5.0
218,2024-11-16 01:00:00,3.8
219,2024-11-16 02:00:00,3.5
220,2024-11-16 03:00:00,4.6
221,2024-11-16 04:00:00,3.9
222,2024-11-16 05:00:00,4.2
223,2024-11-16 06:00:00,4.5
224,2024-11-16 07:00:00,4.0
225,2024-11-16 08:00:00,3.9
226,2024-11-16 09:00:00,4.3
227,2024-11-16 10:00:00,4.7
228,2024-11-16 11:00:00,4.2
229,2024-11-16 12:00:00,4.0
230,2024-11-16 13:00:00,4.5
231,2024-11-16 14:00:00,4.8
232,2024-11-16 15:00:00,5.4
233,2024-11-16 16:00:00,5.1
234,2024-11-16 17:00:00,4.5
235,2024-11-16 18:00:00,5.1
236,2024-11-16 19:00:00,5.1
237,2024-11-16 20:00:00,5.3
238,2024-11-16 21:00:00,4.9
239,2024-11-16 22:00:00,5.4
240,2024-11-16 23:00:00,5.7
241,2024-11-17 00:00:00,5.7
242,2024-11-17 01:00:00,5.7
243,2024-11-17 02:00:00,5.7
244,2024-11-17 03:00:00,5.8
245,2024-11-17 04:00:00,5.3
246,2024-11-17 05:00:00,4.1
247,2024-11-17 06:00:00,4.2
248,2024-11-17 07:00:00,5.1
249,2024-11-17 08:00:00,5.3
250,2024-11-17 09:00:00,5.5
251,2024-11-17 10:00:00,6.1
252,2024-11-17 11:00:00,6.1
253,2024-11-17 12:00:00,6.2
254,2024-11-17 13:00:00,6.8
255,2024-11-17 14:00:00,6.0
256,2024-11-17 15:00:00,5.7
257,2024-11-17 16:00:00,5.9
258,2024-11-17 17:00:00,6.2
259,2024-11-17 18:00:00,6.3
260,2024-11-17 19:00:00,7.1
261,2024-11-17 20:00:00,7.7
262,2024-11-17 21:00:00,6.6
263,2024-11-17 22:00:00,6.4
264,2024-11-17 23:00:00,6.1
265,2024-11-18 00:00:00,5.2
266,2024-11-18 01:00:00,6.1
267,2024-11-18 02:00:00,5.8
268,2024-11-18 03:00:00,6.4
269,2024-11-18 04:00:00,4.8
270,2024-11-18 05:00:00,4.8
271,2024-11-18 06:00:00,4.9
272,2024-11-18 07:00:00,5.5
273,2024-11-18 08:00:00,6.1
274,2024-11-18 09:00:00,7.0
275,2024-11-18 10:00:00,6.9
276,2024-11-18 11:00:00,6.7
277,2024-11-18 12:00:00,6.2
278,2024-11-18 13:00:00,6.7
279,2024-11-18 14:00:00,6.2
280,2024-11-18 15:00:00,5.9
281,2024-11-18 16:00:00,4.5
282,2024-11-18 17:00:00,5.0
283,2024-11-18 18:00:00,5.0
284,2024-11-18 19:00:00,4.0
285,2024-11-18 20:00:00,4.6
286,2024-11-18 21:00:00,5.0
287,2024-11-18 22:00:00,4.7
288,2024-11-18 23:00:00,4.4
289,2024-11-19 00:00:00,3.3
290,2024-11-19 01:00:00,3.0
291,2024-11-19 02:00:00,2.9
292,2024-11-19 03:00:00,2.6
293,2024-11-19 04:00:00,1.5
294,2024-11-19 05:00:00,3.1
295,2024-11-19 06:00:00,2.7
296,2024-11-19 07:00:00,3.0
297,2024-11-19 08:00:00,3.2
298,2024-11-19 09:00:00,4.4
299,2024-11-19 10:00:00,3.7
300,2024-11-19 11:00:00,4.4
301,2024-11-19 12:00:00,6.6
302,2024-11-19 13:00:00,8.5
303,2024-11-19 14:00:00,8.9
304,2024-11-19 15:00:00,8.8
305,2024-11-19 16:00:00,6.3
306,2024-11-19 17:00:00,7.5
307,2024-11-19 18:00:00,9.1
308,2024-11-19 19:00:00,8.6
309,2024-11-19 20:00:00,7.3
310,2024-11-19 21:00:00,8.1
311,2024-11-19 22:00:00,6.9
312,2024-11-19 23:00:00,6.0
313,2024-11-20 00:00:00,5.4
314,2024-11-20 01:00:00,5.0
315,2024-11-20 02:00:00,5.0
316,2024-11-20 03:00:00,5.6
317,2024-11-20 04:00:00,5.9
318,2024-11-20 05:00:00,5.9
319,2024-11-20 06:00:00,5.0
320,2024-11-20 07:00:00,4.5
321,2024-11-20 08:00:00,5.1
322,2024-11-20 09:00:00,6.4
323,2024-11-20 10:00:00,6.0
324,2024-11-20 11:00:00,5.9
325,2024-11-20 12:00:00,5.1
326,2024-11-20 13:00:00,4.4
327,2024-11-20 14:00:00,4.9
328,2024-11-20 15:00:00,3.9
329,2024-11-20 16:00:00,3.7
330,2024-11-20 17:00:00,4.2
331,2024-11-20 18:00:00,3.6
332,2024-11-20 19:00:00,3.3
333,2024-11-20 20:00:00,4.9
334,2024-11-20 21:00:00,5.3
335,2024-11-20 22:00:00,6.3
336,2024-11-20 23:00:00,5.7
337,2024-11-21 00:00:00,5.6
338,2024-11-21 01:00:00,3.5
339,2024-11-21 02:00:00,4.1
340,2024-11-21 03:00:00,4.1
341,2024-11-21 04:00:00,5.2
342,2024-11-21 05:00:00,6.2
343,2024-11-21 06:00:00,3.9
344,2024-11-21 07:00:00,2.6
345,2024-11-21 08:00:00,2.6
346,2024-11-21 09:00:00,4.5
347,2024-11-21 10:00:00,5.4
348,2024-11-21 11:00:00,5.8
349,2024-11-21 12:00:00,5.9
350,2024-11-21 13:00:00,5.5
351,2024-11-21 14:00:00,4.4
352,2024-11-21 15:00:00,4.0
353,2024-11-21 16:00:00,3.1
354,2024-11-21 17:00:00,1.7
355,2024-11-21 18:00:00,2.0
356,2024-11-21 19:00:00,3.5
357,2024-11-21 20:00:00,3.1
358,2024-11-21 21:00:00,2.9
359,2024-11-21 22:00:00,3.8
360,2024-11-21 23:00:00,3.4
361,2024-11-22 00:00:00,2.8
362,2024-11-22 01:00:00,3.1
363,2024-11-22 02:00:00,2.8
364,2024-11-22 03:00:00,2.6
365,2024-11-22 04:00:00,4.0
366,2024-11-22 05:00:00,3.7
367,2024-11-22 06:00:00,3.9
368,2024-11-22 07:00:00,4.1
369,2024-11-22 08:00:00,4.0
370,2024-11-22 09:00:00,3.5
371,2024-11-22 10:00:00,3.6
372,2024-11-22 11:00:00,4.6
373,2024-11-22 12:00:00,4.1
374,2024-11-22 13:00:00,4.1
375,2024-11-22 14:00:00,4.5
376,2024-11-22 15:00:00,4.7
377,2024-11-22 16:00:00,4.4
378,2024-11-22 17:00:00,3.8
379,2024-11-22 18:00:00,5.6
380,2024-11-22 19:00:00,5.3
381,2024-11-22 20:00:00,4.6
382,2024-11-22 21:00:00,5.8
383,2024-11-22 22:00:00,3.4
384,2024-11-22 23:00:00,3.5
385,2024-11-23 00:00:00,4.8
386,2024-11-23 01:00:00,4.7
387,2024-11-23 02:00:00,5.1
388,2024-11-23 03:00:00,4.7
389,2024-11-23 04:00:00,4.0
390,2024-11-23 05:00:00,3.6
391,2024-11-23 06:00:00,5.6
392,2024-11-23 07:00:00,5.2
393,2024-11-23 08:00:00,5.7
394,2024-11-23 09:00:00,5.9
395,2024-11-23 10:00:00,5.5
396,2024-11-23 11:00:00,5.8
397,2024-11-23 12:00:00,6.0
398,2024-11-23 13:00:00,6.0
399,2024-11-23 14:00:00,5.6
400,2024-11-23 15:00:00,5.2
401,2024-11-23 16:00:00,4.4
402,2024-11-23 17:00:00,2.9
403,2024-11-23 18:00:00,3.9
404,2024-11-23 19:00:00,4.4
405,2024-11-23 20:00:00,4.5
406,2024-11-23 21:00:00,5.2
407,2024-11-23 22:00:00,5.0
408,2024-11-23 23:00:00,5.2
409,2024-11-24 00:00:00,7.7
410,2024-11-24 01:00:00,5.7
411,2024-11-24 02:00:00,5.0
412,2024-11-24 03:00:00,4.8
413,2024-11-24 04:00:00,3.7
414,2024-11-24 05:00:00,4.7
415,2024-11-24 06:00:00,5.7
416,2024-11-24 07:00:00,5.5
417,2024-11-24 08:00:00,6.2
418,2024-11-24 09:00:00,6.9
419,2024-11-24 10:00:00,6.6
420,2024-11-24 11:00:00,6.0
421,2024-11-24 12:00:00,6.4
422,2024-11-24 13:00:00,6.0
423,2024-11-24 14:00:00,6.0
424,2024-11-24 15:00:00,5.2
425,2024-11-24 16:00:00,5.0
426,2024-11-24 17:00:00,4.1
427,2024-11-24 18:00:00,4.4
428,2024-11-24 19:00:00,4.3
429,2024-11-24 20:00:00,4.6
430,2024-11-24 21:00:00,3.8
431,2024-11-24 22:00:00,3.9
432,2024-11-24 23:00:00,4.7
433,2024-11-25 00:00:00,5.1
434,2024-11-25 01:00:00,3.7
435,2024-11-25 02:00:00,4.2
436,2024-11-25 03:00:00,3.2
437,2024-11-25 04:00:00,2.9
438,2024-11-25 05:00:00,4.5
439,2024-11-25 06:00:00,2.5
440,2024-11-25 07:00:00,3.2
441,2024-11-25 08:00:00,4.6
442,2024-11-25 09:00:00,4.7
443,2024-11-25 10:00:00,4.8
444,2024-11-25 11:00:00,4.7
445,2024-11-25 12:00:00,5.1
446,2024-11-25 13:00:00,4.8
447,2024-11-25 14:00:00,4.7
448,2024-11-25 15:00:00,3.9
449,2024-11-25 16:00:00,3.3
450,2024-11-25 17:00:00,4.3
451,2024-11-25 18:00:00,4.6
452,2024-11-25 19:00:00,5.6
453,2024-11-25 20:00:00,3.8
454,2024-11-25 21:00:00,2.9
455,2024-11-25 22:00:00,3.6
456,2024-11-25 23:00:00,2.5
457,2024-11-26 00:00:00,2.5
458,2024-11-26 01:00:00,2.9
459,2024-11-26 02:00:00,2.8
460,2024-11-26 03:00:00,2.0
461,2024-11-26 04:00:00,1.0
462,2024-11-26 05:00:00,1.4
463,2024-11-26 06:00:00,2.4
464,2024-11-26 07:00:00,2.1
465,2024-11-26 08:00:00,2.6
466,2024-11-26 09:00:00,2.0
467,2024-11-26 10:00:00,2.9
468,2024-11-26 11:00:00,3.0
469,2024-11-26 12:00:00,4.2
470,2024-11-26 13:00:00,4.2
471,2024-11-26 14:00:00,3.6
472,2024-11-26 15:00:00,2.2
473,2024-11-26 16:00:00,1.7
474,2024-11-26 17:00:00,1.0
475,2024-11-26 18:00:00,1.2
476,2024-11-26 19:00:00,1.8
477,2024-11-26 20:00:00,2.1
478,2024-11-26 21:00:00,1.3
479,2024-11-26 22:00:00,1.0
480,2024-11-26 23:00:00,1.8
481,2024-11-27 00:00:00,2.4
482,2024-11-27 01:00:00,3.3
483,2024-11-27 02:00:00,3.4
484,2024-11-27 03:00:00,3.5
485,2024-11-27 04:00:00,3.5
486,2024-11-27 05:00:00,2.8
487,2024-11-27 06:00:00,2.3
488,2024-11-27 07:00:00,2.0
489,2024-11-27 08:00:00,0.7
490,2024-11-27 09:00:00,2.0
491,2024-11-27 10:00:00,2.1
492,2024-11-27 11:00:00,2.2
493,2024-11-27 12:00:00,2.6
494,2024-11-27 13:00:00,2.9
495,2024-11-27 14:00:00,2.9
496,2024-11-27 15:00:00,3.0
497,2024-11-27 16:00:00,3.6
498,2024-11-27 17:00:00,4.6
499,2024-11-27 18:00:00,6.0
500,2024-11-27 19:00:00,6.2
501,2024-11-27 20:00:00,6.5
502,2024-11-27 21:00:00,6.6
503,2024-11-27 22:00:00,6.5
504,2024-11-27 23:00:00,6.9
505,2024-11-28 00:00:00,7.2
506,2024-11-28 01:00:00,5.9
507,2024-11-28 02:00:00,5.9
508,2024-11-28 03:00:00,7.3
509,2024-11-28 04:00:00,9.2
510,2024-11-28 05:00:00,10.5
511,2024-11-28 06:00:00,9.8
512,2024-11-28 07:00:00,7.8
513,2024-11-28 08:00:00,9.1
514,2024-11-28 09:00:00,9.1
515,2024-11-28 10:00:00,9.2
516,2024-11-28 11:00:00,10.4
517,2024-11-28 12:00:00,9.8
518,2024-11-28 13:00:00,10.0
519,2024-11-28 14:00:00,8.9
520,2024-11-28 15:00:00,7.4
521,2024-11-28 16:00:00,6.7
522,2024-11-28 17:00:00,5.5
523,2024-11-28 18:00:00,5.4
524,2024-11-28 19:00:00,5.1
525,2024-11-28 20:00:00,4.8
526,2024-11-28 21:00:00,4.5
527,2024-11-28 22:00:00,4.3
528,2024-11-28 23:00:00,3.9
529,2024-11-29 00:00:00,3.3
530,2024-11-29 01:00:00,3.2
531,2024-11-29 02:00:00,3.1
532,2024-11-29 03:00:00,2.4
533,2024-11-29 04:00:00,2.6
534,2024-11-29 05:00:00,2.7
535,2024-11-29 06:00:00,2.3
536,2024-11-29 07:00:00,2.1
537,2024-11-29 08:00:00,2.3
538,2024-11-29 09:00:00,1.3
539,2024-11-29 10:00:00,1.9
540,2024-11-29 11:00:00,1.3
541,2024-11-29 12:00:00,1.5
542,2024-11-29 13:00:00,1.8
543,2024-11-29 14:00:00,1.1
544,2024-11-29 15:00:00,0.6
545,2024-11-29 16:00:00,0.9
546,2024-11-29 17:00:00,1.1
547,2024-11-29 18:00:00,1.1
548,2024-11-29 19:00:00,0.8
549,2024-11-29 20:00:00,0.9
550,2024-11-29 21:00:00,0.8
551,2024-11-29 22:00:00,1.0
552,2024-11-29 23:00:00,1.5
553,2024-11-30 00:00:00,0.9
554,2024-11-30 01:00:00,1.3
555,2024-11-30 02:00:00,1.1
556,2024-11-30 03:00:00,2.0
557,2024-11-30 04:00:00,2.2
558,2024-11-30 05:00:00,2.6
559,2024-11-30 06:00:00,2.3
560,2024-11-30 07:00:00,1.9
561,2024-11-30 08:00:00,2.3
562,2024-11-30 09:00:00,2.8
563,2024-11-30 10:00:00,2.5
564,2024-11-30 11:00:00,2.8
565,2024-11-30 12:00:00,2.8
566,2024-11-30 13:00:00,3.5
567,2024-11-30 14:00:00,3.3
568,2024-11-30 15:00:00,3.3
569,2024-11-30 16:00:00,2.1
570,2024-11-30 17:00:00,1.7
571,2024-11-30 18:00:00,2.9
572,2024-11-30 19:00:00,2.2
573,2024-11-30 20:00:00,2.5
574,2024-11-30 21:00:00,2.8
575,2024-11-30 22:00:00,2.7
576,2024-11-30 23:00:00,2.6
577,2024-12-01 00:00:00,2.8
578,2024-12-01 01:00:00,2.7
579,2024-12-01 02:00:00,3.0
580,2024-12-01 03:00:00,3.1
581,2024-12-01 04:00:00,3.2
582,2024-12-01 05:00:00,2.6
583,2024-12-01 06:00:00,2.8
584,2024-12-01 07:00:00,3.1
585,2024-12-01 08:00:00,3.0
586,2024-12-01 09:00:00,2.6
587,2024-12-01 10:00:00,2.8
588,2024-12-01 11:00:00,2.7
589,2024-12-01 12:00:00,2.4
590,2024-12-01 13:00:00,2.4
591,2024-12-01 14:00:00,3.3
592,2024-12-01 15:00:00,3.3
593,2024-12-01 16:00:00,2.2
594,2024-12-01 17:00:00,2.8
595,2024-12-01 18:00:00,2.2
596,2024-12-01 19:00:00,3.0
597,2024-12-01 20:00:00,3.1
598,2024-12-01 21:00:00,3.3
599,2024-12-01 22:00:00,3.4
600,2024-12-01 23:00:00,2.8
601,2024-12-02 00:00:00,2.3
602,2024-12-02 01:00:00,3.4
603,2024-12-02 02:00:00,3.4
604,2024-12-02 03:00:00,3.2
605,2024-12-02 04:00:00,3.0
606,2024-12-02 05:00:00,3.3
607,2024-12-02 06:00:00,2.8
608,2024-12-02 07:00:00,2.8
609,2024-12-02 08:00:00,3.0
610,2024-12-02 09:00:00,3.1
611,2024-12-02 10:00:00,3.3
612,2024-12-02 11:00:00,3.9
613,2024-12-02 12:00:00,2.6
614,2024-12-02 13:00:00,3.0
615,2024-12-02 14:00:00,2.8
616,2024-12-02 15:00:00,1.8
617,2024-12-02 16:00:00,1.4
618,2024-12-02 17:00:00,2.1
619,2024-12-02 18:00:00,4.4
620,2024-12-02 19:00:00,5.0
621,2024-12-02 20:00:00,4.8
622,2024-12-02 21:00:00,4.5
623,2024-12-02 22:00:00,3.0
624,2024-12-02 23:00:00,2.6
625,2024-12-03 00:00:00,2.8
626,2024-12-03 01:00:00,2.6
627,2024-12-03 02:00:00,2.6
628,2024-12-03 03:00:00,3.0
629,2024-12-03 04:00:00,2.9
630,2024-12-03 05:00:00,2.8
631,2024-12-03 06:00:00,1.9
632,2024-12-03 07:00:00,1.7
633,2024-12-03 08:00:00,2.5
634,2024-12-03 09:00:00,3.1
635,2024-12-03 10:00:00,4.0
636,2024-12-03 11:00:00,4.7
637,2024-12-03 12:00:00,4.4
638,2024-12-03 13:00:00,4.7
639,2024-12-03 14:00:00,3.1
640,2024-12-03 15:00:00,2.1
641,2024-12-03 16:00:00,1.1
642,2024-12-03 17:00:00,2.1
643,2024-12-03 18:00:00,2.3
644,2024-12-03 19:00:00,4.2
645,2024-12-03 20:00:00,3.7
646,2024-12-03 21:00:00,3.0
647,2024-12-03 22:00:00,3.3
648,2024-12-03 23:00:00,3.3
649,2024-12-04 00:00:00,3.3
650,2024-12-04 01:00:00,2.7
651,2024-12-04 02:00:00,3.2
652,2024-12-04 03:00:00,2.7
653,2024-12-04 04:00:00,2.5
654,2024-12-04 05:00:00,3.2
655,2024-12-04 06:00:00,3.4
656,2024-12-04 07:00:00,2.9
657,2024-12-04 08:00:00,2.7
658,2024-12-04 09:00:00,2.8
659,2024-12-04 10:00:00,3.3
660,2024-12-04 11:00:00,4.1
661,2024-12-04 12:00:00,4.1
662,2024-12-04 13:00:00,3.6
663,2024-12-04 14:00:00,2.4
664,2024-12-04 15:00:00,1.8
665,2024-12-04 16:00:00,2.0
666,2024-12-04 17:00:00,2.6
667,2024-12-04 18:00:00,2.9
668,2024-12-04 19:00:00,3.7
669,2024-12-04 20:00:00,3.3
670,2024-12-04 21:00:00,3.2
671,2024-12-04 22:00:00,3.2
672,2024-12-04 23:00:00,3.5
673,2024-12-05 00:00:00,3.6
674,2024-12-05 01:00:00,4.0
675,2024-12-05 02:00:00,3.9
676,2024-12-05 03:00:00,4.1
677,2024-12-05 04:00:00,4.2
678,2024-12-05 05:00:00,4.0
679,2024-12-05 06:00:00,3.3
680,2024-12-05 07:00:00,2.3
681,2024-12-05 08:00:00,2.3
682,2024-12-05 09:00:00,2.8
683,2024-12-05 10:00:00,4.3
684,2024-12-05 11:00:00,4.6
685,2024-12-05 12:00:00,5.0
686,2024-12-05 13:00:00,4.4
687,2024-12-05 14:00:00,3.5
688,2024-12-05 15:00:00,3.5
689,2024-12-05 16:00:00,3.4
690,2024-12-05 17:00:00,4.0
691,2024-12-05 18:00:00,4.2
692,2024-12-05 19:00:00,3.9
693,2024-12-05 20:00:00,5.0
694,2024-12-05 21:00:00,4.9
695,2024-12-05 22:00:00,5.4
696,2024-12-05 23:00:00,6.4
697,2024-12-06 00:00:00,5.9
698,2024-12-06 01:00:00,5.8
699,2024-12-06 02:00:00,5.7
700,2024-12-06 03:00:00,4.9
701,2024-12-06 04:00:00,5.8
702,2024-12-06 05:00:00,5.3
703,2024-12-06 06:00:00,6.3
704,2024-12-06 07:00:00,6.1
705,2024-12-06 08:00:00,4.3
706,2024-12-06 09:00:00,3.0
707,2024-12-06 10:00:00,2.2
708,2024-12-06 11:00:00,1.5
709,2024-12-06 12:00:00,3.8
710,2024-12-06 13:00:00,3.5
711,2024-12-06 14:00:00,2.9
712,2024-12-06 15:00:00,3.5
713,2024-12-06 16:00:00,2.8
714,2024-12-06 17:00:00,1.6
715,2024-12-06 18:00:00,0.7
716,2024-12-06 19:00:00,0.5
717,2024-12-06 20:00:00,1.7
718,2024-12-06 21:00:00,2.3
719,2024-12-06 22:00:00,1.7
720,2024-12-06 23:00:00,1.9
721,2024-12-07 00:00:00,3.0
722,2024-12-07 01:00:00,3.8
723,2024-12-07 02:00:00,4.2
724,2024-12-07 03:00:00,3.7
725,2024-12-07 04:00:00,3.4
726,2024-12-07 05:00:00,2.4
727,2024-12-07 06:00:00,3.1
728,2024-12-07 07:00:00,3.1
729,2024-12-07 08:00:00,3.7
730,2024-12-07 09:00:00,3.8
731,2024-12-07 10:00:00,4.2
732,2024-12-07 11:00:00,3.8
733,2024-12-07 12:00:00,4.1
734,2024-12-07 13:00:00,5.0
735,2024-12-07 14:00:00,5.9
736,2024-12-07 15:00:00,6.1
737,2024-12-07 16:00:00,4.9
738,2024-12-07 17:00:00,4.4
739,2024-12-07 18:00:00,4.4
740,2024-12-07 19:00:00,5.1
741,2024-12-07 20:00:00,4.8
742,2024-12-07 21:00:00,4.3
743,2024-12-07 22:00:00,3.6
744,2024-12-07 23:00:00,2.8
745,2024-12-08 00:00:00,3.1
746,2024-12-08 01:00:00,2.8
747,2024-12-08 02:00:00,2.7
748,2024-12-08 03:00:00,2.9
749,2024-12-08 04:00:00,2.6
750,2024-12-08 05:00:00,2.1
751,2024-12-08 06:00:00,2.5
752,2024-12-08 07:00:00,2.3
753,2024-12-08 08:00:00,2.1
754,2024-12-08 09:00:00,2.3
755,2024-12-08 10:00:00,1.9
756,2024-12-08 11:00:00,1.8
757,2024-12-08 12:00:00,2.5
758,2024-12-08 13:00:00,2.9
759,2024-12-08 14:00:00,2.6
760,2024-12-08 15:00:00,2.2
761,2024-12-08 16:00:00,2.4
762,2024-12-08 17:00:00,2.0
763,2024-12-08 18:00:00,1.5
764,2024-12-08 19:00:00,2.0
765,2024-12-08 20:00:00,2.7
766,2024-12-08 21:00:00,2.3
767,2024-12-08 22:00:00,2.4
768,2024-12-08 23:00:00,2.1
769,2024-12-09 00:00:00,2.2
770,2024-12-09 01:00:00,1.4
771,2024-12-09 02:00:00,1.7
772,2024-12-09 03:00:00,1.8
773,2024-12-09 04:00:00,1.6
774,2024-12-09 05:00:00,1.5
775,2024-12-09 06:00:00,1.9
776,2024-12-09 07:00:00,2.0
777,2024-12-09 08:00:00,1.9
778,2024-12-09 09:00:00,2.1
779,2024-12-09 10:00:00,2.2
780,2024-12-09 11:00:00,1.8
781,2024-12-09 12:00:00,1.9
782,2024-12-09 13:00:00,2.2
783,2024-12-09 14:00:00,2.0
784,2024-12-09 15:00:00,2.4
785,2024-12-09 16:00:00,1.9
786,2024-12-09 17:00:00,1.9
787,2024-12-09 18:00:00,2.6
788,2024-12-09 19:00:00,3.3
789,2024-12-09 20:00:00,3.7
790,2024-12-09 21:00:00,2.8
791,2024-12-09 22:00:00,3.1
792,2024-12-09 23:00:00,3.0
793,2024-12-10 00:00:00,3.0
794,2024-12-10 01:00:00,2.8
795,2024-12-10 02:00:00,3.0
796,2024-12-10 03:00:00,3.0
797,2024-12-10 04:00:00,2.9
798,2024-12-10 05:00:00,3.4
799,2024-12-10 06:00:00,2.4
800,2024-12-10 07:00:00,2.4
801,2024-12-10 08:00:00,2.7
802,2024-12-10 09:00:00,2.1
803,2024-12-10 10:00:00,2.4
804,2024-12-10 11:00:00,2.5
805,2024-12-10 12:00:00,2.4
806,2024-12-10 13:00:00,2.3
807,2024-12-10 14:00:00,2.2
808,2024-12-10 15:00:00,1.5
809,2024-12-10 16:00:00,1.7
810,2024-12-10 17:00:00,1.9
811,2024-12-10 18:00:00,2.1
812,2024-12-10 19:00:00,1.9
813,2024-12-10 20:00:00,1.8
814,2024-12-10 21:00:00,1.8
815,2024-12-10 22:00:00,1.7
816,2024-12-10 23:00:00,1.1
817,2024-12-11 00:00:00,1.1
818,2024-12-11 01:00:00,0.8
819,2024-12-11 02:00:00,1.0
820,2024-12-11 03:00:00,1.0
821,2024-12-11 04:00:00,0.8
822,2024-12-11 05:00:00,0.8
823,2024-12-11 06:00:00,0.9
824,2024-12-11 07:00:00,1.2
825,2024-12-11 08:00:00,0.9
826,2024-12-11 09:00:00,0.9
827,2024-12-11 10:00:00,0.7
828,2024-12-11 11:00:00,1.0
829,2024-12-11 12:00:00,1.0
830,2024-12-11 13:00:00,1.2
831,2024-12-11 14:00:00,1.0
832,2024-12-11 15:00:00,1.2
833,2024-12-11 16:00:00,1.2
834,2024-12-11 17:00:00,1.6
835,2024-12-11 18:00:00,2.1
836,2024-12-11 19:00:00,2.0
837,2024-12-11 20:00:00,2.0
838,2024-12-11 21:00:00,1.4
839,2024-12-11 22:00:00,2.5
840,2024-12-11 23:00:00,1.7
841,2024-12-12 00:00:00,0.9
842,2024-12-12 01:00:00,1.2
843,2024-12-12 02:00:00,2.1
844,2024-12-12 03:00:00,1.5
845,2024-12-12 04:00:00,1.0
846,2024-12-12 05:00:00,1.2
847,2024-12-12 06:00:00,1.4
848,2024-12-12 07:00:00,0.7
849,2024-12-12 08:00:00,0.4
850,2024-12-12 09:00:00,0.6
851,2024-12-12 10:00:00,0.9
852,2024-12-12 11:00:00,0.9
853,2024-12-12 12:00:00,0.9
854,2024-12-12 13:00:00,0.8
855,2024-12-12 14:00:00,0.9
856,2024-12-12 15:00:00,0.7
857,2024-12-12 16:00:00,0.6
858,2024-12-12 17:00:00,0.5
859,2024-12-12 18:00:00,0.5
860,2024-12-12 19:00:00,0.5
861,2024-12-12 20:00:00,0.8
862,2024-12-12 21:00:00,1.6
863,2024-12-12 22:00:00,1.4
864,2024-12-12 23:00:00,1.3
865,2024-12-13 00:00:00,1.8
866,2024-12-13 01:00:00,1.8
867,2024-12-13 02:00:00,1.2
868,2024-12-13 03:00:00,1.1
869,2024-12-13 04:00:00,1.0
870,2024-12-13 05:00:00,1.2
871,2024-12-13 06:00:00,1.4
872,2024-12-13 07:00:00,1.2
873,2024-12-13 08:00:00,1.1
874,2024-12-13 09:00:00,1.7
875,2024-12-13 10:00:00,3.4
876,2024-12-13 11:00:00,3.3
877,2024-12-13 12:00:00,4.6
878,2024-12-13 13:00:00,5.1
879,2024-12-13 14:00:00,4.8
880,2024-12-13 15:00:00,3.8
881,2024-12-13 16:00:00,3.6
882,2024-12-13 17:00:00,3.8
883,2024-12-13 18:00:00,3.5
884,2024-12-13 19:00:00,3.6
885,2024-12-13 20:00:00,3.9
886,2024-12-13 21:00:00,2.7
887,2024-12-13 22:00:00,1.8
888,2024-12-13 23:00:00,2.1
889,2024-12-14 00:00:00,2.0
890,2024-12-14 01:00:00,2.6
891,2024-12-14 02:00:00,3.8
892,2024-12-14 03:00:00,4.5
893,2024-12-14 04:00:00,4.1
894,2024-12-14 05:00:00,4.1
895,2024-12-14 06:00:00,3.9
896,2024-12-14 07:00:00,3.6
897,2024-12-14 08:00:00,3.3
898,2024-12-14 09:00:00,3.0
899,2024-12-14 10:00:00,3.3
900,2024-12-14 11:00:00,4.2
901,2024-12-14 12:00:00,4.5
902,2024-12-14 13:00:00,5.2
903,2024-12-14 14:00:00,5.4
904,2024-12-14 15:00:00,5.0
905,2024-12-14 16:00:00,5.0
906,2024-12-14 17:00:00,5.3
907,2024-12-14 18:00:00,5.4
908,2024-12-14 19:00:00,6.0
909,2024-12-14 20:00:00,6.0
910,2024-12-14 21:00:00,6.5
911,2024-12-14 22:00:00,6.1
912,2024-12-14 23:00:00,5.7
913,2024-12-15 00:00:00,5.6
914,2024-12-15 01:00:00,5.5
915,2024-12-15 02:00:00,4.8
916,2024-12-15 03:00:00,5.8
917,2024-12-15 04:00:00,6.4
918,2024-12-15 05:00:00,6.5
919,2024-12-15 06:00:00,6.7
920,2024-12-15 07:00:00,6.7
921,2024-12-15 08:00:00,7.0
922,2024-12-15 09:00:00,7.4
923,2024-12-15 10:00:00,7.8
924,2024-12-15 11:00:00,7.3
925,2024-12-15 12:00:00,7.4
926,2024-12-15 13:00:00,7.5
927,2024-12-15 14:00:00,7.0
928,2024-12-15 15:00:00,6.0
929,2024-12-15 16:00:00,6.3
930,2024-12-15 17:00:00,7.2
931,2024-12-15 18:00:00,7.6
932,2024-12-15 19:00:00,7.6
933,2024-12-15 20:00:00,7.8
934,2024-12-15 21:00:00,7.8
935,2024-12-15 22:00:00,8.1
936,2024-12-15 23:00:00,8.0
937,2024-12-16 00:00:00,8.2
938,2024-12-16 01:00:00,8.5
939,2024-12-16 02:00:00,9.3
940,2024-12-16 03:00:00,8.9
941,2024-12-16 04:00:00,7.7
942,2024-12-16 05:00:00,9.2
943,2024-12-16 06:00:00,8.6
944,2024-12-16 07:00:00,7.1
945,2024-12-16 08:00:00,7.4
946,2024-12-16 09:00:00,7.7
947,2024-12-16 10:00:00,8.5
948,2024-12-16 11:00:00,9.4
949,2024-12-16 12:00:00,10.7
950,2024-12-16 13:00:00,10.5
951,2024-12-16 14:00:00,9.7
952,2024-12-16 15:00:00,9.5
953,2024-12-16 16:00:00,9.9
954,2024-12-16 17:00:00,8.6
955,2024-12-16 18:00:00,9.0
956,2024-12-16 19:00:00,9.1
957,2024-12-16 20:00:00,9.8
958,2024-12-16 21:00:00,10.3
959,2024-12-16 22:00:00,9.3
960,2024-12-16 23:00:00,8.9
961,2024-12-17 00:00:00,9.8
962,2024-12-17 01:00:00,8.9
963,2024-12-17 02:00:00,8.8
964,2024-12-17 03:00:00,8.5
965,2024-12-17 04:00:00,8.3
966,2024-12-17 05:00:00,8.8
967,2024-12-17 06:00:00,8.1
968,2024-12-17 07:00:00,7.6
969,2024-12-17 08:00:00,8.0
970,2024-12-17 09:00:00,8.2
971,2024-12-17 10:00:00,8.2
972,2024-12-17 11:00:00,8.0
973,2024-12-17 12:00:00,8.1
974,2024-12-17 13:00:00,6.7
975,2024-12-17 14:00:00,6.3
976,2024-12-17 15:00:00,5.3
977,2024-12-17 16:00:00,5.2
978,2024-12-17 17:00:00,5.4
979,2024-12-17 18:00:00,3.8
980,2024-12-17 19:00:00,4.9
981,2024-12-17 20:00:00,4.5
982,2024-12-17 21:00:00,3.1
983,2024-12-17 22:00:00,3.1
984,2024-12-17 23:00:00,2.9
985,2024-12-18 00:00:00,3.5
986,2024-12-18 01:00:00,3.1
987,2024-12-18 02:00:00,3.2
988,2024-12-18 03:00:00,3.0
989,2024-12-18 04:00:00,3.7
990,2024-12-18 05:00:00,3.8
991,2024-12-18 06:00:00,3.4
992,2024-12-18 07:00:00,3.1
993,2024-12-18 08:00:00,3.6
994,2024-12-18 09:00:00,4.1
995,2024-12-18 10:00:00,4.9
996,2024-12-18 11:00:00,5.5
997,2024-12-18 12:00:00,7.1
998,2024-12-18 13:00:00,5.6
999,2024-12-18 14:00:00,6.3
1000,2024-12-18 15:00:00,5.1
1001,2024-12-18 16:00:00,5.5
1002,2024-12-18 17:00:00,6.2
1003,2024-12-18 18:00:00,6.0
1004,2024-12-18 19:00:00,6.7
1005,2024-12-18 20:00:00,7.3
1006,2024-12-18 21:00:00,6.4
1007,2024-12-18 22:00:00,6.1
1008,2024-12-18 23:00:00,5.8
1009,2024-12-19 00:00:00,6.5
1010,2024-12-19 01:00:00,7.0
1011,2024-12-19 02:00:00,6.4
1012,2024-12-19 03:00:00,6.1
1013,2024-12-19 04:00:00,5.9
1014,2024-12-19 05:00:00,6.1
1015,2024-12-19 06:00:00,5.7
1016,2024-12-19 07:00:00,6.8
1017,2024-12-19 08:00:00,7.4
1018,2024-12-19 09:00:00,7.5
1019,2024-12-19 10:00:00,7.8
1020,2024-12-19 11:00:00,7.2
1021,2024-12-19 12:00:00,7.8
1022,2024-12-19 13:00:00,7.9
1023,2024-12-19 14:00:00,7.3
1024,2024-12-19 15:00:00,7.4
1025,2024-12-19 16:00:00,6.7
1026,2024-12-19 17:00:00,6.9
1027,2024-12-19 18:00:00,6.0
1028,2024-12-19 19:00:00,6.5
1029,2024-12-19 20:00:00,5.7
1030,2024-12-19 21:00:00,4.0
1031,2024-12-19 22:00:00,6.2
1032,2024-12-19 23:00:00,6.9
1033,2024-12-20 00:00:00,6.1
1034,2024-12-20 01:00:00,7.4
1035,2024-12-20 02:00:00,6.3
1036,2024-12-20 03:00:00,6.1
1037,2024-12-20 04:00:00,6.7
1038,2024-12-20 05:00:00,6.3
1039,2024-12-20 06:00:00,6.9
1040,2024-12-20 07:00:00,7.3
1041,2024-12-20 08:00:00,7.2
1042,2024-12-20 09:00:00,7.0
1043,2024-12-20 10:00:00,8.2
1044,2024-12-20 11:00:00,8.2
1045,2024-12-20 12:00:00,8.3
1046,2024-12-20 13:00:00,7.3
1047,2024-12-20 14:00:00,6.9
1048,2024-12-20 15:00:00,6.2
1049,2024-12-20 16:00:00,5.9
1050,2024-12-20 17:00:00,5.7
1051,2024-12-20 18:00:00,5.5
1052,2024-12-20 19:00:00,5.9
1053,2024-12-20 20:00:00,5.3
1054,2024-12-20 21:00:00,4.9
1055,2024-12-20 22:00:00,4.2
1056,2024-12-20 23:00:00,4.5
1057,2024-12-21 00:00:00,3.7
1058,2024-12-21 01:00:00,3.9
1059,2024-12-21 02:00:00,4.1
1060,2024-12-21 03:00:00,4.8
1061,2024-12-21 04:00:00,5.1
1062,2024-12-21 05:00:00,5.1
1063,2024-12-21 06:00:00,4.4
1064,2024-12-21 07:00:00,4.4
1065,2024-12-21 08:00:00,5.8
1066,2024-12-21 09:00:00,5.6
1067,2024-12-21 10:00:00,6.1
1068,2024-12-21 11:00:00,6.2
1069,2024-12-21 12:00:00,7.0
1070,2024-12-21 13:00:00,6.2
1071,2024-12-21 14:00:00,6.0
1072,2024-12-21 15:00:00,7.3
1073,2024-12-21 16:00:00,6.4
1074,2024-12-21 17:00:00,6.5
1075,2024-12-21 18:00:00,6.9
1076,2024-12-21 19:00:00,6.9
1077,2024-12-21 20:00:00,7.4
1078,2024-12-21 21:00:00,7.0
1079,2024-12-21 22:00:00,7.2
1080,2024-12-21 23:00:00,8.2
1081,2024-12-22 00:00:00,7.6
1082,2024-12-22 01:00:00,7.4
1083,2024-12-22 02:00:00,8.1
1084,2024-12-22 03:00:00,7.2
1085,2024-12-22 04:00:00,7.8
1086,2024-12-22 05:00:00,7.9
1087,2024-12-22 06:00:00,5.7
1088,2024-12-22 07:00:00,5.3
1089,2024-12-22 08:00:00,4.1
1090,2024-12-22 09:00:00,5.7
1091,2024-12-22 10:00:00,3.9
1092,2024-12-22 11:00:00,4.7
1093,2024-12-22 12:00:00,6.5
1094,2024-12-22 13:00:00,5.3
1095,2024-12-22 14:00:00,5.3
1096,2024-12-22 15:00:00,3.9
1097,2024-12-22 16:00:00,3.4
1098,2024-12-22 17:00:00,3.0
1099,2024-12-22 18:00:00,3.5
1100,2024-12-22 19:00:00,4.3
1101,2024-12-22 20:00:00,3.6
1102,2024-12-22 21:00:00,4.4
1103,2024-12-22 22:00:00,4.7
1104,2024-12-22 23:00:00,4.2
1105,2024-12-23 00:00:00,4.7
1106,2024-12-23 01:00:00,5.3
1107,2024-12-23 02:00:00,5.5
1108,2024-12-23 03:00:00,5.4
1109,2024-12-23 04:00:00,4.7
1110,2024-12-23 05:00:00,5.1
1111,2024-12-23 06:00:00,4.0
1112,2024-12-23 07:00:00,3.6
1113,2024-12-23 08:00:00,4.0
1114,2024-12-23 09:00:00,3.7
1115,2024-12-23 10:00:00,4.9
1116,2024-12-23 11:00:00,6.2
1117,2024-12-23 12:00:00,6.2
1118,2024-12-23 13:00:00,6.1
1119,2024-12-23 14:00:00,6.1
1120,2024-12-23 15:00:00,5.4
1121,2024-12-23 16:00:00,5.5
1122,2024-12-23 17:00:00,5.5
1123,2024-12-23 18:00:00,4.9
1124,2024-12-23 19:00:00,4.7
1125,2024-12-23 20:00:00,4.4
1126,2024-12-23 21:00:00,4.6
1127,2024-12-23 22:00:00,4.0
1128,2024-12-23 23:00:00,5.9
1129,2024-12-24 00:00:00,5.3
1130,2024-12-24 01:00:00,4.8
1131,2024-12-24 02:00:00,4.7
1132,2024-12-24 03:00:00,4.0
1133,2024-12-24 04:00:00,4.8
1134,2024-12-24 05:00:00,4.6
1135,2024-12-24 06:00:00,4.1
1136,2024-12-24 07:00:00,3.6
1137,2024-12-24 08:00:00,3.1
1138,2024-12-24 09:00:00,3.0
1139,2024-12-24 10:00:00,3.0
1140,2024-12-24 11:00:00,3.4
1141,2024-12-24 12:00:00,3.7
1142,2024-12-24 13:00:00,4.6
1143,2024-12-24 14:00:00,2.6
1144,2024-12-24 15:00:00,2.8
1145,2024-12-24 16:00:00,1.2
1146,2024-12-24 17:00:00,1.1
1147,2024-12-24 18:00:00,0.8
1148,2024-12-24 19:00:00,0.5
1149,2024-12-24 20:00:00,1.0
1150,2024-12-24 21:00:00,1.4
1151,2024-12-24 22:00:00,1.3
1152,2024-12-24 23:00:00,0.8
1153,2024-12-25 00:00:00,1.2
1154,2024-12-25 01:00:00,2.0
1155,2024-12-25 02:00:00,2.2
1156,2024-12-25 03:00:00,1.4
1157,2024-12-25 04:00:00,1.6
1158,2024-12-25 05:00:00,2.4
1159,2024-12-25 06:00:00,2.5
1160,2024-12-25 07:00:00,1.7
1161,2024-12-25 08:00:00,2.4
1162,2024-12-25 09:00:00,1.6
1163,2024-12-25 10:00:00,2.0
1164,2024-12-25 11:00:00,3.0
1165,2024-12-25 12:00:00,3.0
1166,2024-12-25 13:00:00,2.6
1167,2024-12-25 14:00:00,2.5
1168,2024-12-25 15:00:00,1.5
1169,2024-12-25 16:00:00,1.6
1170,2024-12-25 17:00:00,1.7
1171,2024-12-25 18:00:00,1.5
1172,2024-12-25 19:00:00,1.5
1173,2024-12-25 20:00:00,1.7
1174,2024-12-25 21:00:00,1.5
1175,2024-12-25 22:00:00,1.3
1176,2024-12-25 23:00:00,1.4
1177,2024-12-26 00:00:00,1.1
1178,2024-12-26 01:00:00,1.1
1179,2024-12-26 02:00:00,0.9
1180,2024-12-26 03:00:00,0.7
1181,2024-12-26 04:00:00,1.3
1182,2024-12-26 05:00:00,1.2
1183,2024-12-26 06:00:00,1.7
1184,2024-12-26 07:00:00,1.4
1185,2024-12-26 08:00:00,0.9
1186,2024-12-26 09:00:00,1.3
1187,2024-12-26 10:00:00,1.7
1188,2024-12-26 11:00:00,2.1
1189,2024-12-26 12:00:00,1.4
1190,2024-12-26 13:00:00,1.2
1191,2024-12-26 14:00:00,1.8
1192,2024-12-26 15:00:00,1.7
1193,2024-12-26 16:00:00,1.0
1194,2024-12-26 17:00:00,0.9
1195,2024-12-26 18:00:00,1.3
1196,2024-12-26 19:00:00,1.6
1197,2024-12-26 20:00:00,1.5
1198,2024-12-26 21:00:00,1.4
1199,2024-12-26 22:00:00,1.7
1200,2024-12-26 23:00:00,1.8
1201,2024-12-27 00:00:00,1.6
1202,2024-12-27 01:00:00,1.6
1203,2024-12-27 02:00:00,1.5
1204,2024-12-27 03:00:00,1.2
1205,2024-12-27 04:00:00,1.1
1206,2024-12-27 05:00:00,1.6
1207,2024-12-27 06:00:00,1.1
1208,2024-12-27 07:00:00,1.3
1209,2024-12-27 08:00:00,1.8
1210,2024-12-27 09:00:00,1.9
1211,2024-12-27 10:00:00,1.4
1212,2024-12-27 11:00:00,1.1
1213,2024-12-27 12:00:00,1.2
1214,2024-12-27 13:00:00,1.0
1215,2024-12-27 14:00:00,0.8
1216,2024-12-27 15:00:00,1.6
1217,2024-12-27 16:00:00,1.2
1218,2024-12-27 17:00:00,1.0
1219,2024-12-27 18:00:00,1.0
1220,2024-12-27 19:00:00,1.2
1221,2024-12-27 20:00:00,1.9
1222,2024-12-27 21:00:00,1.0
1223,2024-12-27 22:00:00,0.9
1224,2024-12-27 23:00:00,1.4
1225,2024-12-28 00:00:00,1.1
1226,2024-12-28 01:00:00,1.2
1227,2024-12-28 02:00:00,1.0
1228,2024-12-28 03:00:00,0.8
1229,2024-12-28 04:00:00,1.2
1230,2024-12-28 05:00:00,1.3
1231,2024-12-28 06:00:00,0.7
1232,2024-12-28 07:00:00,1.2
1233,2024-12-28 08:00:00,0.8
1234,2024-12-28 09:00:00,0.6
1235,2024-12-28 10:00:00,0.9
1236,2024-12-28 11:00:00,0.9
1237,2024-12-28 12:00:00,0.8
1238,2024-12-28 13:00:00,0.8
1239,2024-12-28 14:00:00,0.9
1240,2024-12-28 15:00:00,1.4
1241,2024-12-28 16:00:00,1.0
1242,2024-12-28 17:00:00,1.0
1243,2024-12-28 18:00:00,1.3
1244,2024-12-28 19:00:00,0.9
1245,2024-12-28 20:00:00,0.9
1246,2024-12-28 21:00:00,0.6
1247,2024-12-28 22:00:00,0.5
1248,2024-12-28 23:00:00,1.0
1249,2024-12-29 00:00:00,1.4
1250,2024-12-29 01:00:00,0.6
1251,2024-12-29 02:00:00,0.8
1252,2024-12-29 03:00:00,0.8
1253,2024-12-29 04:00:00,0.6
1254,2024-12-29 05:00:00,0.4
1255,2024-12-29 06:00:00,0.4
1256,2024-12-29 07:00:00,0.8
1257,2024-12-29 08:00:00,0.5
1258,2024-12-29 09:00:00,0.4
1259,2024-12-29 10:00:00,0.3
1260,2024-12-29 11:00:00,0.6
1261,2024-12-29 12:00:00,3.7
1262,2024-12-29 13:00:00,3.7
1263,2024-12-29 14:00:00,3.9
1264,2024-12-29 15:00:00,3.7
1265,2024-12-29 16:00:00,3.4
1266,2024-12-29 17:00:00,2.9
1267,2024-12-29 18:00:00,3.3
1268,2024-12-29 19:00:00,3.9
1269,2024-12-29 20:00:00,3.7
1270,2024-12-29 21:00:00,3.8
1271,2024-12-29 22:00:00,4.5
1272,2024-12-29 23:00:00,4.3
1273,2024-12-30 00:00:00,4.3
1274,2024-12-30 01:00:00,4.5
1275,2024-12-30 02:00:00,4.4
1276,2024-12-30 03:00:00,4.3
1277,2024-12-30 04:00:00,5.0
1278,2024-12-30 05:00:00,4.7
1279,2024-12-30 06:00:00,4.3
1280,2024-12-30 07:00:00,4.0
1281,2024-12-30 08:00:00,4.4
1282,2024-12-30 09:00:00,4.1
1283,2024-12-30 10:00:00,4.9
1284,2024-12-30 11:00:00,5.7
1285,2024-12-30 12:00:00,5.2
1286,2024-12-30 13:00:00,4.8
1287,2024-12-30 14:00:00,4.4
1288,2024-12-30 15:00:00,4.3
1289,2024-12-30 16:00:00,5.1
1290,2024-12-30 17:00:00,5.1
1291,2024-12-30 18:00:00,5.1
1292,2024-12-30 19:00:00,2.8
1293,2024-12-30 20:00:00,2.1
1294,2024-12-30 21:00:00,2.3
1295,2024-12-30 22:00:00,3.1
1296,2024-12-30 23:00:00,2.7
1297,2024-12-31 00:00:00,3.0
1298,2024-12-31 01:00:00,3.1
1299,2024-12-31 02:00:00,3.0
1300,2024-12-31 03:00:00,3.3
1301,2024-12-31 04:00:00,1.5
1302,2024-12-31 05:00:00,1.2
1303,2024-12-31 06:00:00,1.7
1304,2024-12-31 07:00:00,1.7
1305,2024-12-31 08:00:00,0.9
1306,2024-12-31 09:00:00,1.6
1307,2024-12-31 10:00:00,2.7
1308,2024-12-31 11:00:00,3.4
1309,2024-12-31 12:00:00,3.7
1310,2024-12-31 13:00:00,3.3
1311,2024-12-31 14:00:00,3.8
1312,2024-12-31 15:00:00,3.4
1313,2024-12-31 16:00:00,3.1
1314,2024-12-31 17:00:00,3.8
1315,2024-12-31 18:00:00,5.3
1316,2024-12-31 19:00:00,4.6
1317,2024-12-31 20:00:00,3.7
1318,2024-12-31 21:00:00,6.0
1319,2024-12-31 22:00:00,5.4
1320,2024-12-31 23:00:00,5.5
1321,2025-01-01 00:00:00,6.2
1322,2025-01-01 01:00:00,7.7
1323,2025-01-01 02:00:00,7.7
1324,2025-01-01 03:00:00,7.7
1325,2025-01-01 04:00:00,8.1
1326,2025-01-01 05:00:00,7.7
1327,2025-01-01 06:00:00,8.1
1328,2025-01-01 07:00:00,7.6
1329,2025-01-01 08:00:00,7.9
1330,2025-01-01 09:00:00,8.6
1331,2025-01-01 10:00:00,8.3
1332,2025-01-01 11:00:00,9.0
1333,2025-01-01 12:00:00,10.6
1334,2025-01-01 13:00:00,8.8
1335,2025-01-01 14:00:00,8.6
1336,2025-01-01 15:00:00,7.8
1337,2025-01-01 16:00:00,8.0
1338,2025-01-01 17:00:00,9.0
1339,2025-01-01 18:00:00,8.5
1340,2025-01-01 19:00:00,8.2
1341,2025-01-01 20:00:00,8.1
1342,2025-01-01 21:00:00,9.5
1343,2025-01-01 22:00:00,10.0
1344,2025-01-01 23:00:00,9.3
1345,2025-01-02 00:00:00,9.5
1346,2025-01-02 01:00:00,9.0
1347,2025-01-02 02:00:00,8.4
1348,2025-01-02 03:00:00,9.7
1349,2025-01-02 04:00:00,11.0
1350,2025-01-02 05:00:00,8.4
1351,2025-01-02 06:00:00,9.6
1352,2025-01-02 07:00:00,8.8
1353,2025-01-02 08:00:00,5.8
1354,2025-01-02 09:00:00,5.3
1355,2025-01-02 10:00:00,3.7
1356,2025-01-02 11:00:00,4.6
1357,2025-01-02 12:00:00,5.7
1358,2025-01-02 13:00:00,5.1
1359,2025-01-02 14:00:00,5.9
1360,2025-01-02 15:00:00,4.8
1361,2025-01-02 16:00:00,3.8
1362,2025-01-02 17:00:00,4.0
1363,2025-01-02 18:00:00,4.4
1364,2025-01-02 19:00:00,4.2
1365,2025-01-02 20:00:00,5.4
1366,2025-01-02 21:00:00,5.5
1367,2025-01-02 22:00:00,4.8
1368,2025-01-02 23:00:00,5.2
1369,2025-01-03 00:00:00,5.9
1370,2025-01-03 01:00:00,6.0
1371,2025-01-03 02:00:00,5.6
1372,2025-01-03 03:00:00,6.5
1373,2025-01-03 04:00:00,5.7
1374,2025-01-03 05:00:00,5.6
1375,2025-01-03 06:00:00,5.9
1376,2025-01-03 07:00:00,5.5
1377,2025-01-03 08:00:00,6.2
1378,2025-01-03 09:00:00,5.7
1379,2025-01-03 10:00:00,6.8
1380,2025-01-03 11:00:00,8.7
1381,2025-01-03 12:00:00,8.5
1382,2025-01-03 13:00:00,9.1
1383,2025-01-03 14:00:00,9.7
1384,2025-01-03 15:00:00,10.2
1385,2025-01-03 16:00:00,7.8
1386,2025-01-03 17:00:00,6.7
1387,2025-01-03 18:00:00,6.8
1388,2025-01-03 19:00:00,5.3
1389,2025-01-03 20:00:00,3.8
1390,2025-01-03 21:00:00,4.0
1391,2025-01-03 22:00:00,5.4
1392,2025-01-03 23:00:00,5.5
1393,2025-01-04 00:00:00,7.4
1394,2025-01-04 01:00:00,6.2
1395,2025-01-04 02:00:00,6.2
1396,2025-01-04 03:00:00,4.9
1397,2025-01-04 04:00:00,5.1
1398,2025-01-04 05:00:00,4.2
1399,2025-01-04 06:00:00,4.6
1400,2025-01-04 07:00:00,4.1
1401,2025-01-04 08:00:00,3.3
1402,2025-01-04 09:00:00,3.6
1403,2025-01-04 10:00:00,3.4
1404,2025-01-04 11:00:00,4.0
1405,2025-01-04 12:00:00,3.5
1406,2025-01-04 13:00:00,2.1
1407,2025-01-04 14:00:00,1.9
1408,2025-01-04 15:00:00,2.1
1409,2025-01-04 16:00:00,3.0
1410,2025-01-04 17:00:00,3.1
1411,2025-01-04 18:00:00,3.6
1412,2025-01-04 19:00:00,4.0
1413,2025-01-04 20:00:00,2.6
1414,2025-01-04 21:00:00,1.9
1415,2025-01-04 22:00:00,3.3
1416,2025-01-04 23:00:00,1.9
1417,2025-01-05 00:00:00,2.3
1418,2025-01-05 01:00:00,2.2
1419,2025-01-05 02:00:00,0.5
1420,2025-01-05 03:00:00,1.9
1421,2025-01-05 04:00:00,2.4
1422,2025-01-05 05:00:00,2.8
1423,2025-01-05 06:00:00,2.6
1424,2025-01-05 07:00:00,2.9
1425,2025-01-05 08:00:00,3.4
1426,2025-01-05 09:00:00,3.8
1427,2025-01-05 10:00:00,3.4
1428,2025-01-05 11:00:00,3.2
1429,2025-01-05 12:00:00,3.8
1430,2025-01-05 13:00:00,4.8
1431,2025-01-05 14:00:00,5.0
1432,2025-01-05 15:00:00,5.3
1433,2025-01-05 16:00:00,5.7
1434,2025-01-05 17:00:00,5.8
1435,2025-01-05 18:00:00,5.6
1436,2025-01-05 19:00:00,5.8
1437,2025-01-05 20:00:00,5.4
1438,2025-01-05 21:00:00,4.4
1439,2025-01-05 22:00:00,4.4
1440,2025-01-05 23:00:00,4.0
1441,2025-01-06 00:00:00,3.8
1442,2025-01-06 01:00:00,3.6
1443,2025-01-06 02:00:00,2.5
1444,2025-01-06 03:00:00,3.8
1445,2025-01-06 04:00:00,4.0
1446,2025-01-06 05:00:00,4.8
1447,2025-01-06 06:00:00,5.3
1448,2025-01-06 07:00:00,6.1
1449,2025-01-06 08:00:00,6.5
1450,2025-01-06 09:00:00,7.1
1451,2025-01-06 10:00:00,6.4
1452,2025-01-06 11:00:00,5.3
1453,2025-01-06 12:00:00,6.0
1454,2025-01-06 13:00:00,5.9
1455,2025-01-06 14:00:00,5.4
1456,2025-01-06 15:00:00,5.6
1457,2025-01-06 16:00:00,5.7
1458,2025-01-06 17:00:00,5.4
1459,2025-01-06 18:00:00,5.4
1460,2025-01-06 19:00:00,7.6
1461,2025-01-06 20:00:00,6.7
1462,2025-01-06 21:00:00,8.0
1463,2025-01-06 22:00:00,7.5
1464,2025-01-06 23:00:00,8.2
1465,2025-01-07 00:00:00,7.8
1466,2025-01-07 01:00:00,5.6
1467,2025-01-07 02:00:00,4.4
1468,2025-01-07 03:00:00,6.2
1469,2025-01-07 04:00:00,5.8
1470,2025-01-07 05:00:00,5.0
1471,2025-01-07 06:00:00,5.6
1472,2025-01-07 07:00:00,6.7
1473,2025-01-07 08:00:00,6.9
1474,2025-01-07 09:00:00,6.8
1475,2025-01-07 10:00:00,7.7
1476,2025-01-07 11:00:00,8.6
1477,2025-01-07 12:00:00,8.0
1478,2025-01-07 13:00:00,7.7
1479,2025-01-07 14:00:00,7.7
1480,2025-01-07 15:00:00,5.0
1481,2025-01-07 16:00:00,4.2
1482,2025-01-07 17:00:00,7.0
1483,2025-01-07 18:00:00,8.2
1484,2025-01-07 19:00:00,5.8
1485,2025-01-07 20:00:00,5.0
1486,2025-01-07 21:00:00,5.1
1487,2025-01-07 22:00:00,5.8
1488,2025-01-07 23:00:00,7.3
1489,2025-01-08 00:00:00,3.2
1490,2025-01-08 01:00:00,1.4
1491,2025-01-08 02:00:00,2.6
1492,2025-01-08 03:00:00,4.3
1493,2025-01-08 04:00:00,5.1
1494,2025-01-08 05:00:00,4.1
1495,2025-01-08 06:00:00,4.7
1496,2025-01-08 07:00:00,5.2
1497,2025-01-08 08:00:00,3.8
1498,2025-01-08 09:00:00,4.8
1499,2025-01-08 10:00:00,5.6
1500,2025-01-08 11:00:00,6.0
1501,2025-01-08 12:00:00,7.2
1502,2025-01-08 13:00:00,6.7
1503,2025-01-08 14:00:00,6.0
1504,2025-01-08 15:00:00,3.9
1505,2025-01-08 16:00:00,3.2
1506,2025-01-08 17:00:00,3.2
1507,2025-01-08 18:00:00,3.5
1508,2025-01-08 19:00:00,3.1
1509,2025-01-08 20:00:00,1.9
1510,2025-01-08 21:00:00,1.7
1511,2025-01-08 22:00:00,2.3
1512,2025-01-08 23:00:00,2.9
1513,2025-01-09 00:00:00,3.2
1514,2025-01-09 01:00:00,3.2
1515,2025-01-09 02:00:00,2.0
1516,2025-01-09 03:00:00,1.4
1517,2025-01-09 04:00:00,1.2
1518,2025-01-09 05:00:00,0.9
1519,2025-01-09 06:00:00,0.8
1520,2025-01-09 07:00:00,0.7
1521,2025-01-09 08:00:00,0.8
1522,2025-01-09 09:00:00,0.8
1523,2025-01-09 10:00:00,1.2
1524,2025-01-09 11:00:00,0.7
1525,2025-01-09 12:00:00,0.7
1526,2025-01-09 13:00:00,1.5
1527,2025-01-09 14:00:00,1.8
1528,2025-01-09 15:00:00,1.8
1529,2025-01-09 16:00:00,2.6
1530,2025-01-09 17:00:00,2.6
1531,2025-01-09 18:00:00,3.3
1532,2025-01-09 19:00:00,3.4
1533,2025-01-09 20:00:00,5.0
1534,2025-01-09 21:00:00,4.9
1535,2025-01-09 22:00:00,5.8
1536,2025-01-09 23:00:00,5.5
1537,2025-01-10 00:00:00,7.0
1538,2025-01-10 01:00:00,6.6
1539,2025-01-10 02:00:00,6.7
1540,2025-01-10 03:00:00,6.4
1541,2025-01-10 04:00:00,6.0
1542,2025-01-10 05:00:00,6.1
1543,2025-01-10 06:00:00,6.1
1544,2025-01-10 07:00:00,6.5
1545,2025-01-10 08:00:00,5.6
1546,2025-01-10 09:00:00,5.6
1547,2025-01-10 10:00:00,6.7
1548,2025-01-10 11:00:00,6.0
1549,2025-01-10 12:00:00,6.2
1550,2025-01-10 13:00:00,6.0
1551,2025-01-10 14:00:00,5.9
1552,2025-01-10 15:00:00,6.2
1553,2025-01-10 16:00:00,6.1
1554,2025-01-10 17:00:00,5.3
1555,2025-01-10 18:00:00,5.5
1556,2025-01-10 19:00:00,5.0
1557,2025-01-10 20:00:00,4.7
1558,2025-01-10 21:00:00,5.0
1559,2025-01-10 22:00:00,5.1
1560,2025-01-10 23:00:00,5.7
1561,2025-01-11 00:00:00,5.8
1562,2025-01-11 01:00:00,5.9
1563,2025-01-11 02:00:00,6.4
1564,2025-01-11 03:00:00,5.6
1565,2025-01-11 04:00:00,6.2
1566,2025-01-11 05:00:00,5.9
1567,2025-01-11 06:00:00,6.5
1568,2025-01-11 07:00:00,6.8
1569,2025-01-11 08:00:00,7.0
1570,2025-01-11 09:00:00,7.2
1571,2025-01-11 10:00:00,8.2
1572,2025-01-11 11:00:00,7.9
1573,2025-01-11 12:00:00,8.0
1574,2025-01-11 13:00:00,7.9
1575,2025-01-11 14:00:00,7.5
1576,2025-01-11 15:00:00,6.9
1577,2025-01-11 16:00:00,6.9
1578,2025-01-11 17:00:00,6.1
1579,2025-01-11 18:00:00,6.1
1580,2025-01-11 19:00:00,5.4
1581,2025-01-11 20:00:00,5.5
1582,2025-01-11 21:00:00,5.1
1583,2025-01-11 22:00:00,4.6
1584,2025-01-11 23:00:00,4.4
1585,2025-01-12 00:00:00,4.0
1586,2025-01-12 01:00:00,3.8
1587,2025-01-12 02:00:00,3.9
1588,2025-01-12 03:00:00,3.7
1589,2025-01-12 04:00:00,3.8
1590,2025-01-12 05:00:00,3.9
1591,2025-01-12 06:00:00,3.9
1592,2025-01-12 07:00:00,3.7
1593,2025-01-12 08:00:00,3.9
1594,2025-01-12 09:00:00,3.9
1595,2025-01-12 10:00:00,2.6
1596,2025-01-12 11:00:00,2.6
1597,2025-01-12 12:00:00,3.7
1598,2025-01-12 13:00:00,3.0
1599,2025-01-12 14:00:00,3.4
1600,2025-01-12 15:00:00,2.7
1601,2025-01-12 16:00:00,2.3
1602,2025-01-12 17:00:00,1.7
1603,2025-01-12 18:00:00,2.4
1604,2025-01-12 19:00:00,1.9
1605,2025-01-12 20:00:00,1.2
1606,2025-01-12 21:00:00,1.3
1607,2025-01-12 22:00:00,1.5
1608,2025-01-12 23:00:00,0.9
1609,2025-01-13 00:00:00,0.6
1610,2025-01-13 01:00:00,1.0
1611,2025-01-13 02:00:00,0.9
1612,2025-01-13 03:00:00,1.1
1613,2025-01-13 04:00:00,1.1
1614,2025-01-13 05:00:00,1.3
1615,2025-01-13 06:00:00,1.2
1616,2025-01-13 07:00:00,0.9
1617,2025-01-13 08:00:00,0.7
1618,2025-01-13 09:00:00,0.6
1619,2025-01-13 10:00:00,0.7
1620,2025-01-13 11:00:00,2.1
1621,2025-01-13 12:00:00,3.2
1622,2025-01-13 13:00:00,4.1
1623,2025-01-13 14:00:00,4.5
1624,2025-01-13 15:00:00,3.8
1625,2025-01-13 16:00:00,2.3
1626,2025-01-13 17:00:00,1.7
1627,2025-01-13 18:00:00,1.7
1628,2025-01-13 19:00:00,1.9
1629,2025-01-13 20:00:00,1.7
1630,2025-01-13 21:00:00,1.5
1631,2025-01-13 22:00:00,2.3
1632,2025-01-13 23:00:00,1.9
1633,2025-01-14 00:00:00,2.9
1634,2025-01-14 01:00:00,2.4
1635,2025-01-14 02:00:00,2.4
1636,2025-01-14 03:00:00,2.1
1637,2025-01-14 04:00:00,1.4
1638,2025-01-14 05:00:00,2.4
1639,2025-01-14 06:00:00,2.7
1640,2025-01-14 07:00:00,2.7
1641,2025-01-14 08:00:00,2.6
1642,2025-01-14 09:00:00,2.9
1643,2025-01-14 10:00:00,2.1
1644,2025-01-14 11:00:00,2.8
1645,2025-01-14 12:00:00,3.1
1646,2025-01-14 13:00:00,3.0
1647,2025-01-14 14:00:00,3.2
1648,2025-01-14 15:00:00,3.4
1649,2025-01-14 16:00:00,5.1
1650,2025-01-14 17:00:00,5.0
1651,2025-01-14 18:00:00,4.5
1652,2025-01-14 19:00:00,5.2
1653,2025-01-14 20:00:00,5.1
1654,2025-01-14 21:00:00,4.9
1655,2025-01-14 22:00:00,5.1
1656,2025-01-14 23:00:00,4.4
1657,2025-01-15 00:00:00,4.8
1658,2025-01-15 01:00:00,4.9
1659,2025-01-15 02:00:00,3.7
1660,2025-01-15 03:00:00,2.9
1661,2025-01-15 04:00:00,3.7
1662,2025-01-15 05:00:00,3.7
1663,2025-01-15 06:00:00,2.8
1664,2025-01-15 07:00:00,2.9
1665,2025-01-15 08:00:00,2.9
1666,2025-01-15 09:00:00,2.6
1667,2025-01-15 10:00:00,2.4
1668,2025-01-15 11:00:00,3.6
1669,2025-01-15 12:00:00,2.1
1670,2025-01-15 13:00:00,1.8
1671,2025-01-15 14:00:00,1.8
1672,2025-01-15 15:00:00,1.9
1673,2025-01-15 16:00:00,1.6
1674,2025-01-15 17:00:00,1.5
1675,2025-01-15 18:00:00,2.0
1676,2025-01-15 19:00:00,0.9
1677,2025-01-15 20:00:00,1.2
1678,2025-01-15 21:00:00,1.2
1679,2025-01-15 22:00:00,1.3
1680,2025-01-15 23:00:00,1.0
1681,2025-01-16 00:00:00,0.8
1682,2025-01-16 01:00:00,1.3
1683,2025-01-16 02:00:00,0.9
1684,2025-01-16 03:00:00,1.3
1685,2025-01-16 04:00:00,2.1
1686,2025-01-16 05:00:00,2.6
1687,2025-01-16 06:00:00,2.9
1688,2025-01-16 07:00:00,2.7
1689,2025-01-16 08:00:00,2.8
1690,2025-01-16 09:00:00,3.7
1691,2025-01-16 10:00:00,4.6
1692,2025-01-16 11:00:00,4.5
1693,2025-01-16 12:00:00,3.8
1694,2025-01-16 13:00:00,4.3
1695,2025-01-16 14:00:00,3.8
1696,2025-01-16 15:00:00,2.9
1697,2025-01-16 16:00:00,3.0
1698,2025-01-16 17:00:00,3.5
1699,2025-01-16 18:00:00,4.1
1700,2025-01-16 19:00:00,4.5
1701,2025-01-16 20:00:00,3.8
1702,2025-01-16 21:00:00,3.5
1703,2025-01-16 22:00:00,2.4
1704,2025-01-16 23:00:00,2.4
1705,2025-01-17 00:00:00,3.2
1706,2025-01-17 01:00:00,2.9
1707,2025-01-17 02:00:00,3.7
1708,2025-01-17 03:00:00,2.4
1709,2025-01-17 04:00:00,2.8
1710,2025-01-17 05:00:00,2.8
1711,2025-01-17 06:00:00,2.0
1712,2025-01-17 07:00:00,3.1
1713,2025-01-17 08:00:00,2.5
1714,2025-01-17 09:00:00,2.1
1715,2025-01-17 10:00:00,2.5
1716,2025-01-17 11:00:00,1.9
1717,2025-01-17 12:00:00,1.6
1718,2025-01-17 13:00:00,1.8
1719,2025-01-17 14:00:00,1.7
1720,2025-01-17 15:00:00,1.6
1721,2025-01-17 16:00:00,1.7
1722,2025-01-17 17:00:00,1.8
1723,2025-01-17 18:00:00,2.1
1724,2025-01-17 19:00:00,1.9
1725,2025-01-17 20:00:00,1.7
1726,2025-01-17 21:00:00,2.0
1727,2025-01-17 22:00:00,1.3
1728,2025-01-17 23:00:00,1.9
1729,2025-01-18 00:00:00,0.7
1730,2025-01-18 01:00:00,0.7
1731,2025-01-18 02:00:00,1.0
1732,2025-01-18 03:00:00,1.2
1733,2025-01-18 04:00:00,1.6
1734,2025-01-18 05:00:00,1.1
1735,2025-01-18 06:00:00,1.4
1736,2025-01-18 07:00:00,0.8
1737,2025-01-18 08:00:00,0.7
1738,2025-01-18 09:00:00,0.8
1739,2025-01-18 10:00:00,0.8
1740,2025-01-18 11:00:00,0.7
1741,2025-01-18 12:00:00,0.9
1742,2025-01-18 13:00:00,0.9
1743,2025-01-18 14:00:00,1.1
1744,2025-01-18 15:00:00,0.8
1745,2025-01-18 16:00:00,1.1
1746,2025-01-18 17:00:00,1.1
1747,2025-01-18 18:00:00,1.2
1748,2025-01-18 19:00:00,0.6
1749,2025-01-18 20:00:00,0.8
1750,2025-01-18 21:00:00,1.0
1751,2025-01-18 22:00:00,1.4
1752,2025-01-18 23:00:00,1.7
1753,2025-01-19 00:00:00,1.8
1754,2025-01-19 01:00:00,1.6
1755,2025-01-19 02:00:00,1.8
1756,2025-01-19 03:00:00,1.7
1757,2025-01-19 04:00:00,2.1
1758,2025-01-19 05:00:00,1.8
1759,2025-01-19 06:00:00,2.0
1760,2025-01-19 07:00:00,1.5
1761,2025-01-19 08:00:00,1.2
1762,2025-01-19 09:00:00,2.0
1763,2025-01-19 10:00:00,3.1
1764,2025-01-19 11:00:00,3.2
1765,2025-01-19 12:00:00,3.6
1766,2025-01-19 13:00:00,3.4
1767,2025-01-19 14:00:00,2.7
1768,2025-01-19 15:00:00,3.2
1769,2025-01-19 16:00:00,2.6
1770,2025-01-19 17:00:00,2.6
1771,2025-01-19 18:00:00,4.1
1772,2025-01-19 19:00:00,4.1
1773,2025-01-19 20:00:00,4.2
1774,2025-01-19 21:00:00,4.5
1775,2025-01-19 22:00:00,4.3
1776,2025-01-19 23:00:00,4.9
1777,2025-01-20 00:00:00,5.2
1778,2025-01-20 01:00:00,4.3
1779,2025-01-20 02:00:00,4.0
1780,2025-01-20 03:00:00,2.7
1781,2025-01-20 04:00:00,3.0
1782,2025-01-20 05:00:00,4.2
1783,2025-01-20 06:00:00,2.2
1784,2025-01-20 07:00:00,2.1
1785,2025-01-20 08:00:00,2.8
1786,2025-01-20 09:00:00,2.4
1787,2025-01-20 10:00:00,2.0
1788,2025-01-20 11:00:00,2.2
1789,2025-01-20 12:00:00,2.4
1790,2025-01-20 13:00:00,3.1
1791,2025-01-20 14:00:00,3.4
1792,2025-01-20 15:00:00,3.3
1793,2025-01-20 16:00:00,2.6
1794,2025-01-20 17:00:00,2.0
1795,2025-01-20 18:00:00,1.5
1796,2025-01-20 19:00:00,1.5
1797,2025-01-20 20:00:00,1.6
1798,2025-01-20 21:00:00,0.9
1799,2025-01-20 22:00:00,1.4
1800,2025-01-20 23:00:00,1.0
1801,2025-01-21 00:00:00,1.3
1802,2025-01-21 01:00:00,1.6
1803,2025-01-21 02:00:00,2.8
1804,2025-01-21 03:00:00,2.6
1805,2025-01-21 04:00:00,1.9
1806,2025-01-21 05:00:00,2.2
1807,2025-01-21 06:00:00,2.6
1808,2025-01-21 07:00:00,1.5
1809,2025-01-21 08:00:00,2.1
1810,2025-01-21 09:00:00,1.7
1811,2025-01-21 10:00:00,1.8
1812,2025-01-21 11:00:00,1.1
1813,2025-01-21 12:00:00,1.0
1814,2025-01-21 13:00:00,1.0
1815,2025-01-21 14:00:00,1.2
1816,2025-01-21 15:00:00,1.0
1817,2025-01-21 16:00:00,2.1
1818,2025-01-21 17:00:00,1.9
1819,2025-01-21 18:00:00,1.8
1820,2025-01-21 19:00:00,1.4
1821,2025-01-21 20:00:00,1.2
1822,2025-01-21 21:00:00,1.0
1823,2025-01-21 22:00:00,1.8
1824,2025-01-21 23:00:00,1.5
1825,2025-01-22 00:00:00,1.5
1826,2025-01-22 01:00:00,1.7
1827,2025-01-22 02:00:00,1.4
1828,2025-01-22 03:00:00,2.3
1829,2025-01-22 04:00:00,2.7
1830,2025-01-22 05:00:00,2.2
1831,2025-01-22 06:00:00,2.4
1832,2025-01-22 07:00:00,2.3
1833,2025-01-22 08:00:00,3.1
1834,2025-01-22 09:00:00,3.2
1835,2025-01-22 10:00:00,3.0
1836,2025-01-22 11:00:00,3.6
1837,2025-01-22 12:00:00,3.3
1838,2025-01-22 13:00:00,2.4
1839,2025-01-22 14:00:00,2.9
1840,2025-01-22 15:00:00,2.6
1841,2025-01-22 16:00:00,3.7
1842,2025-01-22 17:00:00,3.8
1843,2025-01-22 18:00:00,3.7
1844,2025-01-22 19:00:00,4.6
1845,2025-01-22 20:00:00,5.8
1846,2025-01-22 21:00:00,5.6
1847,2025-01-22 22:00:00,4.5
1848,2025-01-22 23:00:00,3.7
1849,2025-01-23 00:00:00,4.3
1850,2025-01-23 01:00:00,4.0
1851,2025-01-23 02:00:00,4.2
1852,2025-01-23 03:00:00,3.8
1853,2025-01-23 04:00:00,3.8
1854,2025-01-23 05:00:00,3.8
1855,2025-01-23 06:00:00,4.6
1856,2025-01-23 07:00:00,4.5
1857,2025-01-23 08:00:00,4.0
1858,2025-01-23 09:00:00,3.1
1859,2025-01-23 10:00:00,2.3
1860,2025-01-23 11:00:00,5.0
1861,2025-01-23 12:00:00,5.3
1862,2025-01-23 13:00:00,6.6
1863,2025-01-23 14:00:00,6.3
1864,2025-01-23 15:00:00,6.1
1865,2025-01-23 16:00:00,4.0
1866,2025-01-23 17:00:00,2.7
1867,2025-01-23 18:00:00,3.1
1868,2025-01-23 19:00:00,4.3
1869,2025-01-23 20:00:00,4.1
1870,2025-01-23 21:00:00,3.9
1871,2025-01-23 22:00:00,2.9
1872,2025-01-23 23:00:00,3.0
1873,2025-01-24 00:00:00,3.6
1874,2025-01-24 01:00:00,3.3
1875,2025-01-24 02:00:00,4.4
1876,2025-01-24 03:00:00,5.3
1877,2025-01-24 04:00:00,5.0
1878,2025-01-24 05:00:00,3.8
1879,2025-01-24 06:00:00,3.5
1880,2025-01-24 07:00:00,5.3
1881,2025-01-24 08:00:00,4.7
1882,2025-01-24 09:00:00,4.4
1883,2025-01-24 10:00:00,6.1
1884,2025-01-24 11:00:00,5.1
1885,2025-01-24 12:00:00,4.8
1886,2025-01-24 13:00:00,5.0
1887,2025-01-24 14:00:00,4.6
1888,2025-01-24 15:00:00,4.8
1889,2025-01-24 16:00:00,4.0
1890,2025-01-24 17:00:00,5.2
1891,2025-01-24 18:00:00,5.1
1892,2025-01-24 19:00:00,4.4
1893,2025-01-24 20:00:00,4.2
1894,2025-01-24 21:00:00,3.8
1895,2025-01-24 22:00:00,4.3
1896,2025-01-24 23:00:00,4.8
1897,2025-01-25 00:00:00,4.0
1898,2025-01-25 01:00:00,2.7
1899,2025-01-25 02:00:00,3.4
1900,2025-01-25 03:00:00,2.3
1901,2025-01-25 04:00:00,2.5
1902,2025-01-25 05:00:00,2.9
1903,2025-01-25 06:00:00,3.9
1904,2025-01-25 07:00:00,6.2
1905,2025-01-25 08:00:00,6.8
1906,2025-01-25 09:00:00,6.6
1907,2025-01-25 10:00:00,4.9
1908,2025-01-25 11:00:00,5.8
1909,2025-01-25 12:00:00,7.0
1910,2025-01-25 13:00:00,6.5
1911,2025-01-25 14:00:00,5.5
1912,2025-01-25 15:00:00,5.4
1913,2025-01-25 16:00:00,4.8
1914,2025-01-25 17:00:00,4.5
1915,2025-01-25 18:00:00,3.4
1916,2025-01-25 19:00:00,1.9
1917,2025-01-25 20:00:00,1.6
1918,2025-01-25 21:00:00,1.1
1919,2025-01-25 22:00:00,0.5
1920,2025-01-25 23:00:00,1.1
1921,2025-01-26 00:00:00,1.0
1922,2025-01-26 01:00:00,2.0
1923,2025-01-26 02:00:00,3.3
1924,2025-01-26 03:00:00,2.5
1925,2025-01-26 04:00:00,3.3
1926,2025-01-26 05:00:00,3.0
1927,2025-01-26 06:00:00,1.9
1928,2025-01-26 07:00:00,2.5
1929,2025-01-26 08:00:00,3.7
1930,2025-01-26 09:00:00,6.3
1931,2025-01-26 10:00:00,6.1
1932,2025-01-26 11:00:00,5.6
1933,2025-01-26 12:00:00,5.0
1934,2025-01-26 13:00:00,5.9
1935,2025-01-26 14:00:00,5.3
1936,2025-01-26 15:00:00,5.6
1937,2025-01-26 16:00:00,7.8
1938,2025-01-26 17:00:00,7.9
1939,2025-01-26 18:00:00,6.8
1940,2025-01-26 19:00:00,5.7
1941,2025-01-26 20:00:00,5.5
1942,2025-01-26 21:00:00,3.6
1943,2025-01-26 22:00:00,3.7
1944,2025-01-26 23:00:00,3.6
1945,2025-01-27 00:00:00,3.0
1946,2025-01-27 01:00:00,3.3
1947,2025-01-27 02:00:00,4.1
1948,2025-01-27 03:00:00,5.1
1949,2025-01-27 04:00:00,4.3
1950,2025-01-27 05:00:00,4.7
1951,2025-01-27 06:00:00,4.9
1952,2025-01-27 07:00:00,6.8
1953,2025-01-27 08:00:00,6.0
1954,2025-01-27 09:00:00,6.6
1955,2025-01-27 10:00:00,8.2
1956,2025-01-27 11:00:00,6.9
1957,2025-01-27 12:00:00,5.1
1958,2025-01-27 13:00:00,3.4
1959,2025-01-27 14:00:00,4.7
1960,2025-01-27 15:00:00,4.5
1961,2025-01-27 16:00:00,5.1
1962,2025-01-27 17:00:00,6.2
1963,2025-01-27 18:00:00,5.0
1964,2025-01-27 19:00:00,3.5
1965,2025-01-27 20:00:00,1.8
1966,2025-01-27 21:00:00,1.7
1967,2025-01-27 22:00:00,2.5
1968,2025-01-27 23:00:00,4.1
1969,2025-01-28 00:00:00,3.5
1970,2025-01-28 01:00:00,3.9
1971,2025-01-28 02:00:00,4.9
1972,2025-01-28 03:00:00,4.3
1973,2025-01-28 04:00:00,4.4
1974,2025-01-28 05:00:00,3.7
1975,2025-01-28 06:00:00,4.1
1976,2025-01-28 07:00:00,3.5
1977,2025-01-28 08:00:00,4.2
1978,2025-01-28 09:00:00,3.8
1979,2025-01-28 10:00:00,1.5
1980,2025-01-28 11:00:00,2.0
1981,2025-01-28 12:00:00,1.2
1982,2025-01-28 13:00:00,2.2
1983,2025-01-28 14:00:00,2.0
1984,2025-01-28 15:00:00,1.4
1985,2025-01-28 16:00:00,1.6
1986,2025-01-28 17:00:00,1.2
1987,2025-01-28 18:00:00,2.0
1988,2025-01-28 19:00:00,1.8
1989,2025-01-28 20:00:00,1.7
1990,2025-01-28 21:00:00,2.2
1991,2025-01-28 22:00:00,3.2
1992,2025-01-28 23:00:00,2.2
1993,2025-01-29 00:00:00,3.9
1994,2025-01-29 01:00:00,5.3
1995,2025-01-29 02:00:00,5.4
1996,2025-01-29 03:00:00,5.5
1997,2025-01-29 04:00:00,3.2
1998,2025-01-29 05:00:00,4.1
1999,2025-01-29 06:00:00,6.2
2000,2025-01-29 07:00:00,5.9
2001,2025-01-29 08:00:00,5.8
2002,2025-01-29 09:00:00,5.8
2003,2025-01-29 10:00:00,5.5
2004,2025-01-29 11:00:00,6.2
2005,2025-01-29 12:00:00,6.9
2006,2025-01-29 13:00:00,7.3
2007,2025-01-29 14:00:00,7.3
2008,2025-01-29 15:00:00,6.1
2009,2025-01-29 16:00:00,4.7
2010,2025-01-29 17:00:00,5.0
2011,2025-01-29 18:00:00,5.1
2012,2025-01-29 19:00:00,5.0
2013,2025-01-29 20:00:00,5.7
2014,2025-01-29 21:00:00,5.2
2015,2025-01-29 22:00:00,4.3
2016,2025-01-29 23:00:00,4.2
2017,2025-01-30 00:00:00,4.2
2018,2025-01-30 01:00:00,2.8
2019,2025-01-30 02:00:00,2.6
2020,2025-01-30 03:00:00,3.3
2021,2025-01-30 04:00:00,2.7
2022,2025-01-30 05:00:00,1.0
2023,2025-01-30 06:00:00,1.3
2024,2025-01-30 07:00:00,1.4
2025,2025-01-30 08:00:00,1.3
2026,2025-01-30 09:00:00,1.3
2027,2025-01-30 10:00:00,2.0
2028,2025-01-30 11:00:00,2.0
2029,2025-01-30 12:00:00,1.7
2030,2025-01-30 13:00:00,1.1
2031,2025-01-30 14:00:00,1.9
2032,2025-01-30 15:00:00,2.6
2033,2025-01-30 16:00:00,1.1
2034,2025-01-30 17:00:00,0.7
2035,2025-01-30 18:00:00,0.6
2036,2025-01-30 19:00:00,1.3
2037,2025-01-30 20:00:00,2.5
2038,2025-01-30 21:00:00,2.6
2039,2025-01-30 22:00:00,2.8
2040,2025-01-30 23:00:00,3.2
2041,2025-01-31 00:00:00,3.2
2042,2025-01-31 01:00:00,4.0
2043,2025-01-31 02:00:00,3.8
2044,2025-01-31 03:00:00,2.6
2045,2025-01-31 04:00:00,4.4
2046,2025-01-31 05:00:00,4.5
2047,2025-01-31 06:00:00,4.3
2048,2025-01-31 07:00:00,5.0
2049,2025-01-31 08:00:00,4.7
2050,2025-01-31 09:00:00,6.5
2051,2025-01-31 10:00:00,6.2
2052,2025-01-31 11:00:00,6.9
2053,2025-01-31 12:00:00,6.6
2054,2025-01-31 13:00:00,7.1
2055,2025-01-31 14:00:00,5.9
2056,2025-01-31 15:00:00,5.7
2057,2025-01-31 16:00:00,5.6
2058,2025-01-31 17:00:00,5.4
2059,2025-01-31 18:00:00,5.1
2060,2025-01-31 19:00:00,5.3
2061,2025-01-31 20:00:00,4.5
2062,2025-01-31 21:00:00,3.5
2063,2025-01-31 22:00:00,3.4
2064,2025-01-31 23:00:00,3.4
2065,2025-02-01 00:00:00,2.7
2066,2025-02-01 01:00:00,2.6
2067,2025-02-01 02:00:00,1.9
2068,2025-02-01 03:00:00,1.9
2069,2025-02-01 04:00:00,1.8
2070,2025-02-01 05:00:00,1.5
2071,2025-02-01 06:00:00,1.3
2072,2025-02-01 07:00:00,1.2
2073,2025-02-01 08:00:00,1.4
2074,2025-02-01 09:00:00,1.7
2075,2025-02-01 10:00:00,2.0
2076,2025-02-01 11:00:00,2.0
2077,2025-02-01 12:00:00,1.8
2078,2025-02-01 13:00:00,1.9
2079,2025-02-01 14:00:00,2.0
2080,2025-02-01 15:00:00,2.4
2081,2025-02-01 16:00:00,2.6
2082,2025-02-01 17:00:00,1.7
2083,2025-02-01 18:00:00,1.1
2084,2025-02-01 19:00:00,1.1
2085,2025-02-01 20:00:00,1.4
2086,2025-02-01 21:00:00,1.0
2087,2025-02-01 22:00:00,1.0
2088,2025-02-01 23:00:00,1.3
2089,2025-02-02 00:00:00,1.2
2090,2025-02-02 01:00:00,1.3
2091,2025-02-02 02:00:00,1.1
2092,2025-02-02 03:00:00,1.5
2093,2025-02-02 04:00:00,1.3
2094,2025-02-02 05:00:00,0.8
2095,2025-02-02 06:00:00,1.0
2096,2025-02-02 07:00:00,1.3
2097,2025-02-02 08:00:00,1.6
2098,2025-02-02 09:00:00,1.4
2099,2025-02-02 10:00:00,1.6
2100,2025-02-02 11:00:00,1.3
2101,2025-02-02 12:00:00,1.8
2102,2025-02-02 13:00:00,2.9
2103,2025-02-02 14:00:00,2.4
2104,2025-02-02 15:00:00,1.8
2105,2025-02-02 16:00:00,1.6
2106,2025-02-02 17:00:00,1.2
2107,2025-02-02 18:00:00,0.8
2108,2025-02-02 19:00:00,0.9
2109,2025-02-02 20:00:00,1.1
2110,2025-02-02 21:00:00,1.4
2111,2025-02-02 22:00:00,1.4
2112,2025-02-02 23:00:00,1.0
2113,2025-02-03 00:00:00,1.3
2114,2025-02-03 01:00:00,0.9
2115,2025-02-03 02:00:00,0.9
2116,2025-02-03 03:00:00,0.4
2117,2025-02-03 04:00:00,0.5
2118,2025-02-03 05:00:00,0.8
2119,2025-02-03 06:00:00,0.7
2120,2025-02-03 07:00:00,1.1
2121,2025-02-03 08:00:00,0.6
2122,2025-02-03 09:00:00,0.4
2123,2025-02-03 10:00:00,0.4
2124,2025-02-03 11:00:00,1.6
2125,2025-02-03 12:00:00,3.4
2126,2025-02-03 13:00:00,3.0
2127,2025-02-03 14:00:00,3.3
2128,2025-02-03 15:00:00,3.2
2129,2025-02-03 16:00:00,1.9
2130,2025-02-03 17:00:00,1.0
2131,2025-02-03 18:00:00,1.4
2132,2025-02-03 19:00:00,0.9
2133,2025-02-03 20:00:00,0.6
2134,2025-02-03 21:00:00,1.5
2135,2025-02-03 22:00:00,1.8
2136,2025-02-03 23:00:00,1.7
2137,2025-02-04 00:00:00,1.5
2138,2025-02-04 01:00:00,2.0
2139,2025-02-04 02:00:00,1.6
2140,2025-02-04 03:00:00,2.1
2141,2025-02-04 04:00:00,1.8
2142,2025-02-04 05:00:00,1.8
2143,2025-02-04 06:00:00,1.3
2144,2025-02-04 07:00:00,1.0
2145,2025-02-04 08:00:00,0.9
2146,2025-02-04 09:00:00,0.4
2147,2025-02-04 10:00:00,1.7
2148,2025-02-04 11:00:00,1.6
2149,2025-02-04 12:00:00,1.7
2150,2025-02-04 13:00:00,1.5
2151,2025-02-04 14:00:00,2.2
2152,2025-02-04 15:00:00,2.1
2153,2025-02-04 16:00:00,1.7
2154,2025-02-04 17:00:00,1.4
2155,2025-02-04 18:00:00,1.0
2156,2025-02-04 19:00:00,0.7
2157,2025-02-04 20:00:00,0.5
2158,2025-02-04 21:00:00,1.1
2159,2025-02-04 22:00:00,2.3
2160,2025-02-04 23:00:00,2.3
2161,2025-02-05 00:00:00,0.9
2162,2025-02-05 01:00:00,1.1
2163,2025-02-05 02:00:00,1.2
2164,2025-02-05 03:00:00,2.0
2165,2025-02-05 04:00:00,1.4
2166,2025-02-05 05:00:00,1.7
2167,2025-02-05 06:00:00,0.5
2168,2025-02-05 07:00:00,1.1
2169,2025-02-05 08:00:00,1.0
2170,2025-02-05 09:00:00,2.5
2171,2025-02-05 10:00:00,1.7
2172,2025-02-05 11:00:00,3.1
2173,2025-02-05 12:00:00,4.5
2174,2025-02-05 13:00:00,4.6
2175,2025-02-05 14:00:00,4.3
2176,2025-02-05 15:00:00,4.2
2177,2025-02-05 16:00:00,3.9
2178,2025-02-05 17:00:00,3.9
2179,2025-02-05 18:00:00,2.7
2180,2025-02-05 19:00:00,2.3
2181,2025-02-05 20:00:00,1.5
2182,2025-02-05 21:00:00,1.5
2183,2025-02-05 22:00:00,1.5
2184,2025-02-05 23:00:00,1.8
2185,2025-02-06 00:00:00,2.2
2186,2025-02-06 01:00:00,2.3
2187,2025-02-06 02:00:00,2.4
2188,2025-02-06 03:00:00,2.0
2189,2025-02-06 04:00:00,1.9
2190,2025-02-06 05:00:00,1.8
2191,2025-02-06 06:00:00,1.3
2192,2025-02-06 07:00:00,0.9
2193,2025-02-06 08:00:00,1.1
2194,2025-02-06 09:00:00,1.1
2195,2025-02-06 10:00:00,1.3
2196,2025-02-06 11:00:00,1.3
2197,2025-02-06 12:00:00,1.3
2198,2025-02-06 13:00:00,1.3
2199,2025-02-06 14:00:00,1.2
2200,2025-02-06 15:00:00,1.7
2201,2025-02-06 16:00:00,1.4
2202,2025-02-06 17:00:00,1.8
2203,2025-02-06 18:00:00,1.6
2204,2025-02-06 19:00:00,2.0
2205,2025-02-06 20:00:00,2.5
2206,2025-02-06 21:00:00,3.1
2207,2025-02-06 22:00:00,2.6
2208,2025-02-06 23:00:00,1.7
2209,2025-02-07 00:00:00,1.7
2210,2025-02-07 01:00:00,2.0
2211,2025-02-07 02:00:00,2.0
2212,2025-02-07 03:00:00,1.6
2213,2025-02-07 04:00:00,1.7
2214,2025-02-07 05:00:00,2.2
2215,2025-02-07 06:00:00,2.2
2216,2025-02-07 07:00:00,2.4
2217,2025-02-07 08:00:00,2.5
2218,2025-02-07 09:00:00,2.7
2219,2025-02-07 10:00:00,3.0
2220,2025-02-07 11:00:00,3.6
2221,2025-02-07 12:00:00,3.4
2222,2025-02-07 13:00:00,3.4
2223,2025-02-07 14:00:00,3.7
2224,2025-02-07 15:00:00,4.2
2225,2025-02-07 16:00:00,3.4
2226,2025-02-07 17:00:00,3.2
2227,2025-02-07 18:00:00,3.8
2228,2025-02-07 19:00:00,3.8
2229,2025-02-07 20:00:00,4.1
2230,2025-02-07 21:00:00,3.9
2231,2025-02-07 22:00:00,3.9
2232,2025-02-07 23:00:00,3.7
2233,2025-02-08 00:00:00,3.2
2234,2025-02-08 01:00:00,3.3
2235,2025-02-08 02:00:00,3.4
2236,2025-02-08 03:00:00,3.4
2237,2025-02-08 04:00:00,3.2
2238,2025-02-08 05:00:00,2.8
2239,2025-02-08 06:00:00,3.0
2240,2025-02-08 07:00:00,2.9
2241,2025-02-08 08:00:00,2.3
2242,2025-02-08 09:00:00,2.6
2243,2025-02-08 10:00:00,3.5
2244,2025-02-08 11:00:00,4.1
2245,2025-02-08 12:00:00,4.7
2246,2025-02-08 13:00:00,3.9
2247,2025-02-08 14:00:00,3.9
2248,2025-02-08 15:00:00,3.7
2249,2025-02-08 16:00:00,2.8
2250,2025-02-08 17:00:00,1.8
2251,2025-02-08 18:00:00,1.2
2252,2025-02-08 19:00:00,0.8
2253,2025-02-08 20:00:00,0.9
2254,2025-02-08 21:00:00,1.5
2255,2025-02-08 22:00:00,1.6
2256,2025-02-08 23:00:00,1.3
2257,2025-02-09 00:00:00,1.1
2258,2025-02-09 01:00:00,1.8
2259,2025-02-09 02:00:00,1.1
2260,2025-02-09 03:00:00,1.1
2261,2025-02-09 04:00:00,1.1
2262,2025-02-09 05:00:00,1.7
2263,2025-02-09 06:00:00,1.6
2264,2025-02-09 07:00:00,1.2
2265,2025-02-09 08:00:00,1.5
2266,2025-02-09 09:00:00,1.3
2267,2025-02-09 10:00:00,1.4
2268,2025-02-09 11:00:00,1.6
2269,2025-02-09 12:00:00,1.5
2270,2025-02-09 13:00:00,1.7
2271,2025-02-09 14:00:00,1.8
2272,2025-02-09 15:00:00,2.1
2273,2025-02-09 16:00:00,1.6
2274,2025-02-09 17:00:00,1.1
2275,2025-02-09 18:00:00,0.5
2276,2025-02-09 19:00:00,0.5
2277,2025-02-09 20:00:00,0.9
2278,2025-02-09 21:00:00,1.2
2279,2025-02-09 22:00:00,1.4
2280,2025-02-09 23:00:00,1.3
2281,2025-02-10 00:00:00,1.5
2282,2025-02-10 01:00:00,1.6
2283,2025-02-10 02:00:00,1.8
2284,2025-02-10 03:00:00,1.9
2285,2025-02-10 04:00:00,1.8
2286,2025-02-10 05:00:00,1.8
2287,2025-02-10 06:00:00,1.9
2288,2025-02-10 07:00:00,2.4
2289,2025-02-10 08:00:00,2.5
2290,2025-02-10 09:00:00,2.4
2291,2025-02-10 10:00:00,2.9
2292,2025-02-10 11:00:00,3.3
2293,2025-02-10 12:00:00,3.5
2294,2025-02-10 13:00:00,3.0
2295,2025-02-10 14:00:00,3.3
2296,2025-02-10 15:00:00,3.2
2297,2025-02-10 16:00:00,2.5
2298,2025-02-10 17:00:00,2.1
2299,2025-02-10 18:00:00,2.6
2300,2025-02-10 19:00:00,2.8
2301,2025-02-10 20:00:00,2.8
2302,2025-02-10 21:00:00,3.2
2303,2025-02-10 22:00:00,3.2
2304,2025-02-10 23:00:00,3.3
2305,2025-02-11 00:00:00,3.6
2306,2025-02-11 01:00:00,3.9
2307,2025-02-11 02:00:00,4.2
2308,2025-02-11 03:00:00,3.7
2309,2025-02-11 04:00:00,4.0
2310,2025-02-11 05:00:00,4.1
2311,2025-02-11 06:00:00,3.9
2312,2025-02-11 07:00:00,3.4
2313,2025-02-11 08:00:00,3.6
2314,2025-02-11 09:00:00,4.7
2315,2025-02-11 10:00:00,5.6
2316,2025-02-11 11:00:00,5.5
2317,2025-02-11 12:00:00,5.1
2318,2025-02-11 13:00:00,4.7
2319,2025-02-11 14:00:00,4.8
2320,2025-02-11 15:00:00,2.8
2321,2025-02-11 16:00:00,3.2
2322,2025-02-11 17:00:00,3.7
2323,2025-02-11 18:00:00,4.6
2324,2025-02-11 19:00:00,4.6
2325,2025-02-11 20:00:00,4.8
2326,2025-02-11 21:00:00,3.7
2327,2025-02-11 22:00:00,4.3
2328,2025-02-11 23:00:00,3.9
2329,2025-02-12 00:00:00,3.2
2330,2025-02-12 01:00:00,3.3
2331,2025-02-12 02:00:00,3.3
2332,2025-02-12 03:00:00,3.6
2333,2025-02-12 04:00:00,3.9
2334,2025-02-12 05:00:00,3.6
2335,2025-02-12 06:00:00,3.6
2336,2025-02-12 07:00:00,3.8
2337,2025-02-12 08:00:00,4.3
2338,2025-02-12 09:00:00,4.1
2339,2025-02-12 10:00:00,4.3
2340,2025-02-12 11:00:00,4.3
2341,2025-02-12 12:00:00,3.8
2342,2025-02-12 13:00:00,3.3
2343,2025-02-12 14:00:00,3.5
2344,2025-02-12 15:00:00,3.0
2345,2025-02-12 16:00:00,3.4
2346,2025-02-12 17:00:00,3.0
2347,2025-02-12 18:00:00,2.8
2348,2025-02-12 19:00:00,2.5
2349,2025-02-12 20:00:00,2.3
2350,2025-02-12 21:00:00,2.0
2351,2025-02-12 22:00:00,1.7
2352,2025-02-12 23:00:00,1.6
2353,2025-02-13 00:00:00,1.7
2354,2025-02-13 01:00:00,1.6
2355,2025-02-13 02:00:00,1.3
2356,2025-02-13 03:00:00,1.0
2357,2025-02-13 04:00:00,0.9
2358,2025-02-13 05:00:00,0.7
2359,2025-02-13 06:00:00,0.9
2360,2025-02-13 07:00:00,0.9
2361,2025-02-13 08:00:00,0.9
2362,2025-02-13 09:00:00,1.0
2363,2025-02-13 10:00:00,1.2
2364,2025-02-13 11:00:00,1.4
2365,2025-02-13 12:00:00,1.5
2366,2025-02-13 13:00:00,1.6
2367,2025-02-13 14:00:00,1.8
2368,2025-02-13 15:00:00,1.8
2369,2025-02-13 16:00:00,1.9
2370,2025-02-13 17:00:00,2.3
2371,2025-02-13 18:00:00,2.3
2372,2025-02-13 19:00:00,2.8
2373,2025-02-13 20:00:00,2.6
2374,2025-02-13 21:00:00,2.5
2375,2025-02-13 22:00:00,2.2
2376,2025-02-13 23:00:00,2.0
2377,2025-02-14 00:00:00,1.9
2378,2025-02-14 01:00:00,2.0
2379,2025-02-14 02:00:00,1.7
2380,2025-02-14 03:00:00,1.1
2381,2025-02-14 04:00:00,1.1
2382,2025-02-14 05:00:00,1.2
2383,2025-02-14 06:00:00,1.3
2384,2025-02-14 07:00:00,0.9
2385,2025-02-14 08:00:00,1.2
2386,2025-02-14 09:00:00,1.5
2387,2025-02-14 10:00:00,1.2
2388,2025-02-14 11:00:00,1.6
2389,2025-02-14 12:00:00,1.5
2390,2025-02-14 13:00:00,1.3
2391,2025-02-14 14:00:00,1.0
2392,2025-02-14 15:00:00,1.5
2393,2025-02-14 16:00:00,1.7
2394,2025-02-14 17:00:00,1.5
2395,2025-02-14 18:00:00,1.6
2396,2025-02-14 19:00:00,1.2
2397,2025-02-14 20:00:00,1.6
2398,2025-02-14 21:00:00,1.6
2399,2025-02-14 22:00:00,1.1
2400,2025-02-14 23:00:00,1.3
2401,2025-02-15 00:00:00,1.1
2402,2025-02-15 01:00:00,1.5
2403,2025-02-15 02:00:00,1.2
2404,2025-02-15 03:00:00,1.8
2405,2025-02-15 04:00:00,1.2
2406,2025-02-15 05:00:00,0.9
2407,2025-02-15 06:00:00,1.2
2408,2025-02-15 07:00:00,0.7
2409,2025-02-15 08:00:00,1.1
2410,2025-02-15 09:00:00,2.5
2411,2025-02-15 10:00:00,2.9
2412,2025-02-15 11:00:00,4.2
2413,2025-02-15 12:00:00,3.8
2414,2025-02-15 13:00:00,3.1
2415,2025-02-15 14:00:00,2.7
2416,2025-02-15 15:00:00,1.9
2417,2025-02-15 16:00:00,1.0
2418,2025-02-15 17:00:00,1.1
2419,2025-02-15 18:00:00,0.7
2420,2025-02-15 19:00:00,0.7
2421,2025-02-15 20:00:00,0.8
2422,2025-02-15 21:00:00,1.0
2423,2025-02-15 22:00:00,0.7
2424,2025-02-15 23:00:00,1.0
2425,2025-02-16 00:00:00,1.0
2426,2025-02-16 01:00:00,0.9
2427,2025-02-16 02:00:00,0.6
2428,2025-02-16 03:00:00,0.6
2429,2025-02-16 04:00:00,0.5
2430,2025-02-16 05:00:00,0.6
2431,2025-02-16 06:00:00,0.5
2432,2025-02-16 07:00:00,0.8
2433,2025-02-16 08:00:00,0.5
2434,2025-02-16 09:00:00,0.7
2435,2025-02-16 10:00:00,0.7
2436,2025-02-16 11:00:00,1.6
2437,2025-02-16 12:00:00,2.1
2438,2025-02-16 13:00:00,1.5
2439,2025-02-16 14:00:00,1.5
2440,2025-02-16 15:00:00,1.8
2441,2025-02-16 16:00:00,1.9
2442,2025-02-16 17:00:00,1.6
2443,2025-02-16 18:00:00,1.1
2444,2025-02-16 19:00:00,0.7
2445,2025-02-16 20:00:00,0.7
2446,2025-02-16 21:00:00,0.5
2447,2025-02-16 22:00:00,0.5
2448,2025-02-16 23:00:00,0.7
2449,2025-02-17 00:00:00,0.7
2450,2025-02-17 01:00:00,0.3
2451,2025-02-17 02:00:00,0.4
2452,2025-02-17 03:00:00,0.5
2453,2025-02-17 04:00:00,0.6
2454,2025-02-17 05:00:00,0.5
2455,2025-02-17 06:00:00,0.3
2456,2025-02-17 07:00:00,0.5
2457,2025-02-17 08:00:00,0.4
2458,2025-02-17 09:00:00,0.5
2459,2025-02-17 10:00:00,0.4
2460,2025-02-17 11:00:00,1.0
2461,2025-02-17 12:00:00,1.4
2462,2025-02-17 13:00:00,1.1
2463,2025-02-17 14:00:00,1.7
2464,2025-02-17 15:00:00,1.3
2465,2025-02-17 16:00:00,1.0
2466,2025-02-17 17:00:00,1.3
2467,2025-02-17 18:00:00,0.5
2468,2025-02-17 19:00:00,0.5
2469,2025-02-17 20:00:00,0.5
2470,2025-02-17 21:00:00,0.9
2471,2025-02-17 22:00:00,0.7
2472,2025-02-17 23:00:00,0.5
2473,2025-02-18 00:00:00,0.4
2474,2025-02-18 01:00:00,0.8
2475,2025-02-18 02:00:00,0.8
2476,2025-02-18 03:00:00,1.0
2477,2025-02-18 04:00:00,0.8
2478,2025-02-18 05:00:00,0.8
2479,2025-02-18 06:00:00,0.9
2480,2025-02-18 07:00:00,0.7
2481,2025-02-18 08:00:00,0.6
2482,2025-02-18 09:00:00,1.3
2483,2025-02-18 10:00:00,1.6
2484,2025-02-18 11:00:00,1.3
2485,2025-02-18 12:00:00,2.2
2486,2025-02-18 13:00:00,2.7
2487,2025-02-18 14:00:00,1.8
2488,2025-02-18 15:00:00,1.7
2489,2025-02-18 16:00:00,0.8
2490,2025-02-18 17:00:00,0.5
2491,2025-02-18 18:00:00,0.5
2492,2025-02-18 19:00:00,0.8
2493,2025-02-18 20:00:00,0.8
2494,2025-02-18 21:00:00,0.6
2495,2025-02-18 22:00:00,0.8
2496,2025-02-18 23:00:00,0.5
2497,2025-02-19 00:00:00,0.9
2498,2025-02-19 01:00:00,0.4
2499,2025-02-19 02:00:00,0.8
2500,2025-02-19 03:00:00,1.5
2501,2025-02-19 04:00:00,1.8
2502,2025-02-19 05:00:00,1.7
2503,2025-02-19 06:00:00,1.5
2504,2025-02-19 07:00:00,1.8
2505,2025-02-19 08:00:00,1.7
2506,2025-02-19 09:00:00,2.3
2507,2025-02-19 10:00:00,2.6
2508,2025-02-19 11:00:00,2.6
2509,2025-02-19 12:00:00,3.3
2510,2025-02-19 13:00:00,3.2
2511,2025-02-19 14:00:00,2.9
2512,2025-02-19 15:00:00,3.6
2513,2025-02-19 16:00:00,3.1
2514,2025-02-19 17:00:00,2.2
2515,2025-02-19 18:00:00,2.2
2516,2025-02-19 19:00:00,2.7
2517,2025-02-19 20:00:00,2.8
2518,2025-02-19 21:00:00,2.6
2519,2025-02-19 22:00:00,2.8
2520,2025-02-19 23:00:00,3.1
2521,2025-02-20 00:00:00,3.3
2522,2025-02-20 01:00:00,2.5
2523,2025-02-20 02:00:00,2.6
2524,2025-02-20 03:00:00,2.7
2525,2025-02-20 04:00:00,3.5
2526,2025-02-20 05:00:00,3.0
2527,2025-02-20 06:00:00,2.7
2528,2025-02-20 07:00:00,2.2
2529,2025-02-20 08:00:00,2.5
2530,2025-02-20 09:00:00,3.1
2531,2025-02-20 10:00:00,3.9
2532,2025-02-20 11:00:00,4.6
2533,2025-02-20 12:00:00,4.9
2534,2025-02-20 13:00:00,5.5
2535,2025-02-20 14:00:00,5.0
2536,2025-02-20 15:00:00,5.1
2537,2025-02-20 16:00:00,3.5
2538,2025-02-20 17:00:00,2.9
2539,2025-02-20 18:00:00,4.3
2540,2025-02-20 19:00:00,4.9
2541,2025-02-20 20:00:00,5.2
2542,2025-02-20 21:00:00,4.6
2543,2025-02-20 22:00:00,4.4
2544,2025-02-20 23:00:00,4.4
2545,2025-02-21 00:00:00,3.5
2546,2025-02-21 01:00:00,3.3
2547,2025-02-21 02:00:00,2.2
2548,2025-02-21 03:00:00,3.2
2549,2025-02-21 04:00:00,2.9
2550,2025-02-21 05:00:00,2.8
2551,2025-02-21 06:00:00,3.2
2552,2025-02-21 07:00:00,3.0
2553,2025-02-21 08:00:00,2.6
2554,2025-02-21 09:00:00,2.6
2555,2025-02-21 10:00:00,2.3
2556,2025-02-21 11:00:00,1.8
2557,2025-02-21 12:00:00,3.7
2558,2025-02-21 13:00:00,3.8
2559,2025-02-21 14:00:00,4.6
2560,2025-02-21 15:00:00,4.1
2561,2025-02-21 16:00:00,3.8
2562,2025-02-21 17:00:00,3.1
2563,2025-02-21 18:00:00,3.2
2564,2025-02-21 19:00:00,3.5
2565,2025-02-21 20:00:00,3.8
2566,2025-02-21 21:00:00,4.6
2567,2025-02-21 22:00:00,3.6
2568,2025-02-21 23:00:00,3.3
2569,2025-02-22 00:00:00,3.4
2570,2025-02-22 01:00:00,3.3
2571,2025-02-22 02:00:00,3.1
2572,2025-02-22 03:00:00,3.3
2573,2025-02-22 04:00:00,3.3
2574,2025-02-22 05:00:00,3.0
2575,2025-02-22 06:00:00,2.9
2576,2025-02-22 07:00:00,2.9
2577,2025-02-22 08:00:00,3.8
2578,2025-02-22 09:00:00,5.2
2579,2025-02-22 10:00:00,4.8
2580,2025-02-22 11:00:00,4.4
2581,2025-02-22 12:00:00,4.6
2582,2025-02-22 13:00:00,5.4
2583,2025-02-22 14:00:00,5.2
2584,2025-02-22 15:00:00,5.3
2585,2025-02-22 16:00:00,3.8
2586,2025-02-22 17:00:00,4.4
2587,2025-02-22 18:00:00,4.2
2588,2025-02-22 19:00:00,3.7
2589,2025-02-22 20:00:00,3.5
2590,2025-02-22 21:00:00,3.2
2591,2025-02-22 22:00:00,2.9
2592,2025-02-22 23:00:00,2.8
2593,2025-02-23 00:00:00,1.9
2594,2025-02-23 01:00:00,1.5
2595,2025-02-23 02:00:00,2.2
2596,2025-02-23 03:00:00,1.7
2597,2025-02-23 04:00:00,2.3
2598,2025-02-23 05:00:00,3.5
2599,2025-02-23 06:00:00,2.4
2600,2025-02-23 07:00:00,4.3
2601,2025-02-23 08:00:00,4.6
2602,2025-02-23 09:00:00,4.9
2603,2025-02-23 10:00:00,4.4
2604,2025-02-23 11:00:00,5.0
2605,2025-02-23 12:00:00,6.3
2606,2025-02-23 13:00:00,4.9
2607,2025-02-23 14:00:00,4.5
2608,2025-02-23 15:00:00,1.6
2609,2025-02-23 16:00:00,1.3
2610,2025-02-23 17:00:00,3.0
2611,2025-02-23 18:00:00,1.1
2612,2025-02-23 19:00:00,1.0
2613,2025-02-23 20:00:00,0.7
2614,2025-02-23 21:00:00,0.8
2615,2025-02-23 22:00:00,1.3
2616,2025-02-23 23:00:00,1.3
2617,2025-02-24 00:00:00,1.4
2618,2025-02-24 01:00:00,1.4
2619,2025-02-24 02:00:00,2.3
2620,2025-02-24 03:00:00,2.3
2621,2025-02-24 04:00:00,2.4
2622,2025-02-24 05:00:00,2.6
2623,2025-02-24 06:00:00,2.4
2624,2025-02-24 07:00:00,2.5
2625,2025-02-24 08:00:00,2.4
2626,2025-02-24 09:00:00,1.9
2627,2025-02-24 10:00:00,3.0
2628,2025-02-24 11:00:00,4.2
2629,2025-02-24 12:00:00,4.7
2630,2025-02-24 13:00:00,5.4
2631,2025-02-24 14:00:00,4.9
2632,2025-02-24 15:00:00,4.3
2633,2025-02-24 16:00:00,4.2
2634,2025-02-24 17:00:00,3.4
2635,2025-02-24 18:00:00,3.8
2636,2025-02-24 19:00:00,3.5
2637,2025-02-24 20:00:00,3.2
2638,2025-02-24 21:00:00,4.2
2639,2025-02-24 22:00:00,4.3
2640,2025-02-24 23:00:00,5.1
2641,2025-02-25 00:00:00,5.1
2642,2025-02-25 01:00:00,4.8
2643,2025-02-25 02:00:00,4.1
2644,2025-02-25 03:00:00,3.8
2645,2025-02-25 04:00:00,3.2
2646,2025-02-25 05:00:00,2.8
2647,2025-02-25 06:00:00,2.6
2648,2025-02-25 07:00:00,2.3
2649,2025-02-25 08:00:00,2.6
2650,2025-02-25 09:00:00,2.1
2651,2025-02-25 10:00:00,2.6
2652,2025-02-25 11:00:00,2.0
2653,2025-02-25 12:00:00,2.1
2654,2025-02-25 13:00:00,1.3
2655,2025-02-25 14:00:00,1.2
2656,2025-02-25 15:00:00,1.1
2657,2025-02-25 16:00:00,1.6
2658,2025-02-25 17:00:00,1.6
2659,2025-02-25 18:00:00,1.9
2660,2025-02-25 19:00:00,1.7
2661,2025-02-25 20:00:00,1.6
2662,2025-02-25 21:00:00,0.8
2663,2025-02-25 22:00:00,1.4
2664,2025-02-25 23:00:00,1.6
2665,2025-02-26 00:00:00,3.0
2666,2025-02-26 01:00:00,2.6
2667,2025-02-26 02:00:00,2.9
2668,2025-02-26 03:00:00,2.6
2669,2025-02-26 04:00:00,2.7
2670,2025-02-26 05:00:00,2.4
2671,2025-02-26 06:00:00,2.9
2672,2025-02-26 07:00:00,3.5
2673,2025-02-26 08:00:00,2.7
2674,2025-02-26 09:00:00,3.2
2675,2025-02-26 10:00:00,2.1
2676,2025-02-26 11:00:00,1.5
2677,2025-02-26 12:00:00,2.5
2678,2025-02-26 13:00:00,2.3
2679,2025-02-26 14:00:00,2.5
2680,2025-02-26 15:00:00,4.5
2681,2025-02-26 16:00:00,4.5
2682,2025-02-26 17:00:00,3.9
2683,2025-02-26 18:00:00,3.9
2684,2025-02-26 19:00:00,4.1
2685,2025-02-26 20:00:00,4.3
2686,2025-02-26 21:00:00,4.0
2687,2025-02-26 22:00:00,4.4
2688,2025-02-26 23:00:00,3.9
2689,2025-02-27 00:00:00,3.1
2690,2025-02-27 01:00:00,2.4
2691,2025-02-27 02:00:00,2.6
2692,2025-02-27 03:00:00,2.0
2693,2025-02-27 04:00:00,2.3
2694,2025-02-27 05:00:00,1.3
2695,2025-02-27 06:00:00,2.0
2696,2025-02-27 07:00:00,1.8
2697,2025-02-27 08:00:00,1.7
2698,2025-02-27 09:00:00,2.1
2699,2025-02-27 10:00:00,4.6
2700,2025-02-27 11:00:00,5.1
2701,2025-02-27 12:00:00,5.3
2702,2025-02-27 13:00:00,5.6
2703,2025-02-27 14:00:00,6.4
2704,2025-02-27 15:00:00,5.0
2705,2025-02-27 16:00:00,3.9
2706,2025-02-27 17:00:00,2.6
2707,2025-02-27 18:00:00,2.6
2708,2025-02-27 19:00:00,2.3
2709,2025-02-27 20:00:00,2.5
2710,2025-02-27 21:00:00,1.9
2711,2025-02-27 22:00:00,1.1
2712,2025-02-27 23:00:00,2.5
2713,2025-02-28 00:00:00,1.8
2714,2025-02-28 01:00:00,1.6
2715,2025-02-28 02:00:00,2.0
2716,2025-02-28 03:00:00,1.6
2717,2025-02-28 04:00:00,0.7
2718,2025-02-28 05:00:00,1.5
2719,2025-02-28 06:00:00,1.7
2720,2025-02-28 07:00:00,1.7
2721,2025-02-28 08:00:00,2.0
2722,2025-02-28 09:00:00,3.2
2723,2025-02-28 10:00:00,3.2
2724,2025-02-28 11:00:00,3.6
2725,2025-02-28 12:00:00,3.8
2726,2025-02-28 13:00:00,4.0
2727,2025-02-28 14:00:00,3.2
2728,2025-02-28 15:00:00,2.7
2729,2025-02-28 16:00:00,2.7
2730,2025-02-28 17:00:00,3.1
2731,2025-02-28 18:00:00,3.0
2732,2025-02-28 19:00:00,3.1
2733,2025-02-28 20:00:00,2.5
2734,2025-02-28 21:00:00,2.0
2735,2025-02-28 22:00:00,2.2
2736,2025-02-28 23:00:00,1.6
2737,2025-03-01 00:00:00,1.9
2738,2025-03-01 01:00:00,2.1
2739,2025-03-01 02:00:00,2.2
2740,2025-03-01 03:00:00,1.6
2741,2025-03-01 04:00:00,1.3
2742,2025-03-01 05:00:00,1.1
2743,2025-03-01 06:00:00,1.3
2744,2025-03-01 07:00:00,2.0
2745,2025-03-01 08:00:00,2.1
2746,2025-03-01 09:00:00,2.0
2747,2025-03-01 10:00:00,2.4
2748,2025-03-01 11:00:00,2.8
2749,2025-03-01 12:00:00,3.0
2750,2025-03-01 13:00:00,3.0
2751,2025-03-01 14:00:00,2.6
2752,2025-03-01 15:00:00,2.7
2753,2025-03-01 16:00:00,1.3
2754,2025-03-01 17:00:00,2.1
2755,2025-03-01 18:00:00,1.6
2756,2025-03-01 19:00:00,1.6
2757,2025-03-01 20:00:00,1.7
2758,2025-03-01 21:00:00,1.6
2759,2025-03-01 22:00:00,1.8
2760,2025-03-01 23:00:00,2.0
2761,2025-03-02 00:00:00,2.6
2762,2025-03-02 01:00:00,2.1
2763,2025-03-02 02:00:00,2.4
2764,2025-03-02 03:00:00,3.1
2765,2025-03-02 04:00:00,2.7
2766,2025-03-02 05:00:00,3.0
2767,2025-03-02 06:00:00,3.4
2768,2025-03-02 07:00:00,3.3
2769,2025-03-02 08:00:00,3.5
2770,2025-03-02 09:00:00,4.1
2771,2025-03-02 10:00:00,4.1
2772,2025-03-02 11:00:00,3.9
2773,2025-03-02 12:00:00,4.6
2774,2025-03-02 13:00:00,4.8
2775,2025-03-02 14:00:00,4.9
2776,2025-03-02 15:00:00,4.3
2777,2025-03-02 16:00:00,3.9
2778,2025-03-02 17:00:00,2.6
2779,2025-03-02 18:00:00,1.8
2780,2025-03-02 19:00:00,1.4
2781,2025-03-02 20:00:00,1.8
2782,2025-03-02 21:00:00,2.4
2783,2025-03-02 22:00:00,3.0
2784,2025-03-02 23:00:00,3.2
2785,2025-03-03 00:00:00,3.2
2786,2025-03-03 01:00:00,3.0
2787,2025-03-03 02:00:00,2.6
2788,2025-03-03 03:00:00,2.0
2789,2025-03-03 04:00:00,2.1
2790,2025-03-03 05:00:00,1.9
2791,2025-03-03 06:00:00,1.0
2792,2025-03-03 07:00:00,0.8
2793,2025-03-03 08:00:00,2.2
2794,2025-03-03 09:00:00,3.1
2795,2025-03-03 10:00:00,4.5
2796,2025-03-03 11:00:00,5.5
2797,2025-03-03 12:00:00,5.3
2798,2025-03-03 13:00:00,4.9
2799,2025-03-03 14:00:00,5.5
2800,2025-03-03 15:00:00,4.9
2801,2025-03-03 16:00:00,4.1
2802,2025-03-03 17:00:00,3.5
2803,2025-03-03 18:00:00,2.5
2804,2025-03-03 19:00:00,1.4
2805,2025-03-03 20:00:00,1.9
2806,2025-03-03 21:00:00,1.0
2807,2025-03-03 22:00:00,1.1
2808,2025-03-03 23:00:00,1.3
2809,2025-03-04 00:00:00,0.7
2810,2025-03-04 01:00:00,0.6
2811,2025-03-04 02:00:00,0.5
2812,2025-03-04 03:00:00,0.5
2813,2025-03-04 04:00:00,0.6
2814,2025-03-04 05:00:00,0.4
2815,2025-03-04 06:00:00,0.7
2816,2025-03-04 07:00:00,0.6
2817,2025-03-04 08:00:00,0.8
2818,2025-03-04 09:00:00,0.7
2819,2025-03-04 10:00:00,1.8
2820,2025-03-04 11:00:00,3.8
2821,2025-03-04 12:00:00,4.1
2822,2025-03-04 13:00:00,4.0
2823,2025-03-04 14:00:00,3.9
2824,2025-03-04 15:00:00,3.9
2825,2025-03-04 16:00:00,3.9
2826,2025-03-04 17:00:00,3.0
2827,2025-03-04 18:00:00,2.1
2828,2025-03-04 19:00:00,1.3
2829,2025-03-04 20:00:00,1.2
2830,2025-03-04 21:00:00,0.9
2831,2025-03-04 22:00:00,1.1
2832,2025-03-04 23:00:00,0.5
2833,2025-03-05 00:00:00,0.5
2834,2025-03-05 01:00:00,0.8
2835,2025-03-05 02:00:00,1.0
2836,2025-03-05 03:00:00,1.1
2837,2025-03-05 04:00:00,0.8
2838,2025-03-05 05:00:00,0.9
2839,2025-03-05 06:00:00,1.3
2840,2025-03-05 07:00:00,1.3
2841,2025-03-05 08:00:00,1.3
2842,2025-03-05 09:00:00,1.9
2843,2025-03-05 10:00:00,3.0
2844,2025-03-05 11:00:00,4.8
2845,2025-03-05 12:00:00,5.5
2846,2025-03-05 13:00:00,5.1
2847,2025-03-05 14:00:00,5.1
2848,2025-03-05 15:00:00,4.2
2849,2025-03-05 16:00:00,3.6
2850,2025-03-05 17:00:00,2.7
2851,2025-03-05 18:00:00,1.7
2852,2025-03-05 19:00:00,1.1
2853,2025-03-05 20:00:00,1.3
2854,2025-03-05 21:00:00,1.5
2855,2025-03-05 22:00:00,2.1
2856,2025-03-05 23:00:00,1.9
2857,2025-03-06 00:00:00,2.0
2858,2025-03-06 01:00:00,1.8
2859,2025-03-06 02:00:00,1.3
2860,2025-03-06 03:00:00,0.9
2861,2025-03-06 04:00:00,1.1
2862,2025-03-06 05:00:00,1.7
2863,2025-03-06 06:00:00,1.6
2864,2025-03-06 07:00:00,1.8
2865,2025-03-06 08:00:00,0.6
2866,2025-03-06 09:00:00,1.7
2867,2025-03-06 10:00:00,3.7
2868,2025-03-06 11:00:00,4.3
2869,2025-03-06 12:00:00,4.8
2870,2025-03-06 13:00:00,4.3
2871,2025-03-06 14:00:00,4.9
2872,2025-03-06 15:00:00,5.1
2873,2025-03-06 16:00:00,4.2
2874,2025-03-06 17:00:00,2.8
2875,2025-03-06 18:00:00,1.3
2876,2025-03-06 19:00:00,0.9
2877,2025-03-06 20:00:00,0.3
2878,2025-03-06 21:00:00,1.4
2879,2025-03-06 22:00:00,2.0
2880,2025-03-06 23:00:00,2.1
2881,2025-03-07 00:00:00,1.9
2882,2025-03-07 01:00:00,1.5
2883,2025-03-07 02:00:00,2.0
2884,2025-03-07 03:00:00,1.9
2885,2025-03-07 04:00:00,1.7
2886,2025-03-07 05:00:00,1.1
2887,2025-03-07 06:00:00,2.0
2888,2025-03-07 07:00:00,1.5
2889,2025-03-07 08:00:00,1.1
2890,2025-03-07 09:00:00,0.9
2891,2025-03-07 10:00:00,0.7
2892,2025-03-07 11:00:00,2.9
2893,2025-03-07 12:00:00,3.7
2894,2025-03-07 13:00:00,2.2
2895,2025-03-07 14:00:00,2.1
2896,2025-03-07 15:00:00,2.7
2897,2025-03-07 16:00:00,2.7
2898,2025-03-07 17:00:00,1.9
2899,2025-03-07 18:00:00,0.5
2900,2025-03-07 19:00:00,0.6
2901,2025-03-07 20:00:00,0.7
2902,2025-03-07 21:00:00,1.6
2903,2025-03-07 22:00:00,1.4
2904,2025-03-07 23:00:00,1.8
2905,2025-03-08 00:00:00,2.0
2906,2025-03-08 01:00:00,2.3
2907,2025-03-08 02:00:00,1.9
2908,2025-03-08 03:00:00,1.4
2909,2025-03-08 04:00:00,1.1
2910,2025-03-08 05:00:00,1.3
2911,2025-03-08 06:00:00,0.9
2912,2025-03-08 07:00:00,1.1
2913,2025-03-08 08:00:00,1.1
2914,2025-03-08 09:00:00,1.3
2915,2025-03-08 10:00:00,1.8
2916,2025-03-08 11:00:00,3.1
2917,2025-03-08 12:00:00,3.6
2918,2025-03-08 13:00:00,3.3
2919,2025-03-08 14:00:00,2.7
2920,2025-03-08 15:00:00,2.7
2921,2025-03-08 16:00:00,2.2
2922,2025-03-08 17:00:00,1.9
2923,2025-03-08 18:00:00,1.8
2924,2025-03-08 19:00:00,1.7
2925,2025-03-08 20:00:00,1.7
2926,2025-03-08 21:00:00,1.6
2927,2025-03-08 22:00:00,1.5
2928,2025-03-08 23:00:00,1.0
2929,2025-03-09 00:00:00,0.8
2930,2025-03-09 01:00:00,1.0
2931,2025-03-09 02:00:00,1.5
2932,2025-03-09 03:00:00,0.5
2933,2025-03-09 04:00:00,0.5
2934,2025-03-09 05:00:00,0.3
2935,2025-03-09 06:00:00,0.2
2936,2025-03-09 07:00:00,1.3
2937,2025-03-09 08:00:00,1.6
2938,2025-03-09 09:00:00,2.3
2939,2025-03-09 10:00:00,2.1
2940,2025-03-09 11:00:00,1.4
2941,2025-03-09 12:00:00,0.9
2942,2025-03-09 13:00:00,1.6
2943,2025-03-09 14:00:00,2.4
2944,2025-03-09 15:00:00,2.1
2945,2025-03-09 16:00:00,2.2
2946,2025-03-09 17:00:00,1.2
2947,2025-03-09 18:00:00,0.4
2948,2025-03-09 19:00:00,0.5
2949,2025-03-09 20:00:00,0.7
2950,2025-03-09 21:00:00,0.5
2951,2025-03-09 22:00:00,0.7
2952,2025-03-09 23:00:00,0.8
2953,2025-03-10 00:00:00,0.7
2954,2025-03-10 01:00:00,0.8
2955,2025-03-10 02:00:00,0.9
2956,2025-03-10 03:00:00,1.3
2957,2025-03-10 04:00:00,1.8
2958,2025-03-10 05:00:00,0.6
2959,2025-03-10 06:00:00,0.6
2960,2025-03-10 07:00:00,0.4
2961,2025-03-10 08:00:00,0.9
2962,2025-03-10 09:00:00,1.5
2963,2025-03-10 10:00:00,1.6
2964,2025-03-10 11:00:00,1.6
2965,2025-03-10 12:00:00,1.8
2966,2025-03-10 13:00:00,2.7
2967,2025-03-10 14:00:00,2.4
2968,2025-03-10 15:00:00,2.2
2969,2025-03-10 16:00:00,1.7
2970,2025-03-10 17:00:00,0.8
2971,2025-03-10 18:00:00,1.2
2972,2025-03-10 19:00:00,1.2
2973,2025-03-10 20:00:00,1.1
2974,2025-03-10 21:00:00,1.2
2975,2025-03-10 22:00:00,2.0
2976,2025-03-10 23:00:00,2.4
2977,2025-03-11 00:00:00,2.2
2978,2025-03-11 01:00:00,2.0
2979,2025-03-11 02:00:00,2.1
2980,2025-03-11 03:00:00,1.7
2981,2025-03-11 04:00:00,1.8
2982,2025-03-11 05:00:00,2.4
2983,2025-03-11 06:00:00,2.5
2984,2025-03-11 07:00:00,2.1
2985,2025-03-11 08:00:00,1.5
2986,2025-03-11 09:00:00,1.3
2987,2025-03-11 10:00:00,1.9
2988,2025-03-11 11:00:00,1.5
2989,2025-03-11 12:00:00,1.6
2990,2025-03-11 13:00:00,1.4
2991,2025-03-11 14:00:00,1.1
2992,2025-03-11 15:00:00,1.2
2993,2025-03-11 16:00:00,0.9
2994,2025-03-11 17:00:00,0.9
2995,2025-03-11 18:00:00,1.1
2996,2025-03-11 19:00:00,1.4
2997,2025-03-11 20:00:00,0.8
2998,2025-03-11 21:00:00,1.0
2999,2025-03-11 22:00:00,0.9
3000,2025-03-11 23:00:00,0.8
3001,2025-03-12 00:00:00,1.4
3002,2025-03-12 01:00:00,0.8
3003,2025-03-12 02:00:00,1.1
3004,2025-03-12 03:00:00,2.0
3005,2025-03-12 04:00:00,0.8
3006,2025-03-12 05:00:00,1.1
3007,2025-03-12 06:00:00,1.4
3008,2025-03-12 07:00:00,1.3
3009,2025-03-12 08:00:00,1.5
3010,2025-03-12 09:00:00,1.7
3011,2025-03-12 10:00:00,1.3
3012,2025-03-12 11:00:00,1.6
3013,2025-03-12 12:00:00,1.0
3014,2025-03-12 13:00:00,1.8
3015,2025-03-12 14:00:00,1.6
3016,2025-03-12 15:00:00,1.0
3017,2025-03-12 16:00:00,1.4
3018,2025-03-12 17:00:00,1.0
3019,2025-03-12 18:00:00,0.7
3020,2025-03-12 19:00:00,1.1
3021,2025-03-12 20:00:00,0.6
3022,2025-03-12 21:00:00,0.5
3023,2025-03-12 22:00:00,0.8
3024,2025-03-12 23:00:00,0.9
3025,2025-03-13 00:00:00,0.5
3026,2025-03-13 01:00:00,1.6
3027,2025-03-13 02:00:00,1.8
3028,2025-03-13 03:00:00,1.2
3029,2025-03-13 04:00:00,0.9
3030,2025-03-13 05:00:00,1.4
3031,2025-03-13 06:00:00,2.5
3032,2025-03-13 07:00:00,2.0
3033,2025-03-13 08:00:00,1.5
3034,2025-03-13 09:00:00,1.6
3035,2025-03-13 10:00:00,1.3
3036,2025-03-13 11:00:00,1.7
3037,2025-03-13 12:00:00,1.6
3038,2025-03-13 13:00:00,1.4
3039,2025-03-13 14:00:00,1.6
3040,2025-03-13 15:00:00,2.1
3041,2025-03-13 16:00:00,2.1
3042,2025-03-13 17:00:00,2.7
3043,2025-03-13 18:00:00,1.8
3044,2025-03-13 19:00:00,1.4
3045,2025-03-13 20:00:00,1.3
3046,2025-03-13 21:00:00,1.4
3047,2025-03-13 22:00:00,1.5
3048,2025-03-13 23:00:00,1.2
3049,2025-03-14 00:00:00,1.0
3050,2025-03-14 01:00:00,1.1
3051,2025-03-14 02:00:00,1.7
3052,2025-03-14 03:00:00,1.5
3053,2025-03-14 04:00:00,1.0
3054,2025-03-14 05:00:00,0.9
3055,2025-03-14 06:00:00,0.7
3056,2025-03-14 07:00:00,0.4
3057,2025-03-14 08:00:00,0.8
3058,2025-03-14 09:00:00,1.0
3059,2025-03-14 10:00:00,1.4
3060,2025-03-14 11:00:00,1.3
3061,2025-03-14 12:00:00,1.2
3062,2025-03-14 13:00:00,1.2
3063,2025-03-14 14:00:00,1.4
3064,2025-03-14 15:00:00,1.2
3065,2025-03-14 16:00:00,1.0
3066,2025-03-14 17:00:00,0.5
3067,2025-03-14 18:00:00,1.0
3068,2025-03-14 19:00:00,0.8
3069,2025-03-14 20:00:00,0.6
3070,2025-03-14 21:00:00,0.6
3071,2025-03-14 22:00:00,0.7
3072,2025-03-14 23:00:00,1.0
3073,2025-03-15 00:00:00,1.2
3074,2025-03-15 01:00:00,1.0
3075,2025-03-15 02:00:00,1.3
3076,2025-03-15 03:00:00,1.3
3077,2025-03-15 04:00:00,1.0
3078,2025-03-15 05:00:00,1.0
3079,2025-03-15 06:00:00,1.3
3080,2025-03-15 07:00:00,0.9
3081,2025-03-15 08:00:00,1.8
3082,2025-03-15 09:00:00,2.1
3083,2025-03-15 10:00:00,1.9
3084,2025-03-15 11:00:00,1.9
3085,2025-03-15 12:00:00,2.3
3086,2025-03-15 13:00:00,2.2
3087,2025-03-15 14:00:00,2.6
3088,2025-03-15 15:00:00,2.4
3089,2025-03-15 16:00:00,2.4
3090,2025-03-15 17:00:00,2.2
3091,2025-03-15 18:00:00,1.8
3092,2025-03-15 19:00:00,1.6
3093,2025-03-15 20:00:00,1.1
3094,2025-03-15 21:00:00,0.7
3095,2025-03-15 22:00:00,0.6
3096,2025-03-15 23:00:00,0.5
3097,2025-03-16 00:00:00,0.8
3098,2025-03-16 01:00:00,0.7
3099,2025-03-16 02:00:00,0.9
3100,2025-03-16 03:00:00,0.9
3101,2025-03-16 04:00:00,1.1
3102,2025-03-16 05:00:00,1.2
3103,2025-03-16 06:00:00,1.2
3104,2025-03-16 07:00:00,1.4
3105,2025-03-16 08:00:00,1.2
3106,2025-03-16 09:00:00,1.5
3107,2025-03-16 10:00:00,2.2
3108,2025-03-16 11:00:00,2.4
3109,2025-03-16 12:00:00,2.4
3110,2025-03-16 13:00:00,3.8
3111,2025-03-16 14:00:00,3.0
3112,2025-03-16 15:00:00,3.0
3113,2025-03-16 16:00:00,3.3
3114,2025-03-16 17:00:00,2.6
3115,2025-03-16 18:00:00,2.0
3116,2025-03-16 19:00:00,1.8
3117,2025-03-16 20:00:00,2.0
3118,2025-03-16 21:00:00,2.3
3119,2025-03-16 22:00:00,2.7
3120,2025-03-16 23:00:00,3.1
3121,2025-03-17 00:00:00,2.5
3122,2025-03-17 01:00:00,3.1
3123,2025-03-17 02:00:00,3.2
3124,2025-03-17 03:00:00,2.5
3125,2025-03-17 04:00:00,2.0
3126,2025-03-17 05:00:00,1.2
3127,2025-03-17 06:00:00,0.9
3128,2025-03-17 07:00:00,0.9
3129,2025-03-17 08:00:00,2.5
3130,2025-03-17 09:00:00,3.4
3131,2025-03-17 10:00:00,3.4
3132,2025-03-17 11:00:00,3.2
3133,2025-03-17 12:00:00,2.9
3134,2025-03-17 13:00:00,2.8
3135,2025-03-17 14:00:00,2.9
3136,2025-03-17 15:00:00,2.3
3137,2025-03-17 16:00:00,2.4
3138,2025-03-17 17:00:00,2.2
3139,2025-03-17 18:00:00,1.1
3140,2025-03-17 19:00:00,1.1
3141,2025-03-17 20:00:00,0.4
3142,2025-03-17 21:00:00,0.9
3143,2025-03-17 22:00:00,0.7
3144,2025-03-17 23:00:00,0.6
3145,2025-03-18 00:00:00,0.4
3146,2025-03-18 01:00:00,0.4
3147,2025-03-18 02:00:00,0.4
3148,2025-03-18 03:00:00,0.4
3149,2025-03-18 04:00:00,0.4
3150,2025-03-18 05:00:00,0.4
3151,2025-03-18 06:00:00,0.3
3152,2025-03-18 07:00:00,0.3
3153,2025-03-18 08:00:00,0.6
3154,2025-03-18 09:00:00,2.2
3155,2025-03-18 10:00:00,2.7
3156,2025-03-18 11:00:00,2.6
3157,2025-03-18 12:00:00,2.3
3158,2025-03-18 13:00:00,2.2
3159,2025-03-18 14:00:00,2.2
3160,2025-03-18 15:00:00,2.2
3161,2025-03-18 16:00:00,2.3
3162,2025-03-18 17:00:00,1.5
3163,2025-03-18 18:00:00,1.1
3164,2025-03-18 19:00:00,0.5
3165,2025-03-18 20:00:00,0.9
3166,2025-03-18 21:00:00,0.9
3167,2025-03-18 22:00:00,1.3
3168,2025-03-18 23:00:00,1.0
3169,2025-03-19 00:00:00,1.3
3170,2025-03-19 01:00:00,1.7
3171,2025-03-19 02:00:00,1.7
3172,2025-03-19 03:00:00,2.0
3173,2025-03-19 04:00:00,2.0
3174,2025-03-19 05:00:00,1.6
3175,2025-03-19 06:00:00,1.6
3176,2025-03-19 07:00:00,1.3
3177,2025-03-19 08:00:00,0.9
3178,2025-03-19 09:00:00,0.9
3179,2025-03-19 10:00:00,0.8
3180,2025-03-19 11:00:00,2.2
3181,2025-03-19 12:00:00,2.0
3182,2025-03-19 13:00:00,2.2
3183,2025-03-19 14:00:00,1.8
3184,2025-03-19 15:00:00,2.2
3185,2025-03-19 16:00:00,3.6
3186,2025-03-19 17:00:00,2.8
3187,2025-03-19 18:00:00,1.2
3188,2025-03-19 19:00:00,0.5
3189,2025-03-19 20:00:00,1.1
3190,2025-03-19 21:00:00,1.9
3191,2025-03-19 22:00:00,1.7
3192,2025-03-19 23:00:00,2.2
3193,2025-03-20 00:00:00,2.0
3194,2025-03-20 01:00:00,1.5
3195,2025-03-20 02:00:00,2.2
3196,2025-03-20 03:00:00,2.1
3197,2025-03-20 04:00:00,1.5
3198,2025-03-20 05:00:00,1.3
3199,2025-03-20 06:00:00,1.7
3200,2025-03-20 07:00:00,1.2
3201,2025-03-20 08:00:00,0.7
3202,2025-03-20 09:00:00,2.4
3203,2025-03-20 10:00:00,2.6
3204,2025-03-20 11:00:00,2.6
3205,2025-03-20 12:00:00,2.7
3206,2025-03-20 13:00:00,3.5
3207,2025-03-20 14:00:00,3.5
3208,2025-03-20 15:00:00,3.3
3209,2025-03-20 16:00:00,2.6
3210,2025-03-20 17:00:00,2.0
3211,2025-03-20 18:00:00,0.9
3212,2025-03-20 19:00:00,0.6
3213,2025-03-20 20:00:00,1.0
3214,2025-03-20 21:00:00,1.3
3215,2025-03-20 22:00:00,1.4
3216,2025-03-20 23:00:00,1.0
3217,2025-03-21 00:00:00,1.2
3218,2025-03-21 01:00:00,1.2
3219,2025-03-21 02:00:00,1.4
3220,2025-03-21 03:00:00,1.5
3221,2025-03-21 04:00:00,1.3
3222,2025-03-21 05:00:00,1.4
3223,2025-03-21 06:00:00,1.2
3224,2025-03-21 07:00:00,2.0
3225,2025-03-21 08:00:00,1.7
3226,2025-03-21 09:00:00,1.7
3227,2025-03-21 10:00:00,2.9
3228,2025-03-21 11:00:00,3.8
3229,2025-03-21 12:00:00,4.2
3230,2025-03-21 13:00:00,3.5
3231,2025-03-21 14:00:00,3.3
3232,2025-03-21 15:00:00,3.3
3233,2025-03-21 16:00:00,3.8
3234,2025-03-21 17:00:00,3.2
3235,2025-03-21 18:00:00,2.7
3236,2025-03-21 19:00:00,2.3
3237,2025-03-21 20:00:00,2.3
3238,2025-03-21 21:00:00,2.8
3239,2025-03-21 22:00:00,2.2
3240,2025-03-21 23:00:00,2.3
3241,2025-03-22 00:00:00,2.1
3242,2025-03-22 01:00:00,2.2
3243,2025-03-22 02:00:00,1.6
3244,2025-03-22 03:00:00,2.0
3245,2025-03-22 04:00:00,2.1
3246,2025-03-22 05:00:00,2.3
3247,2025-03-22 06:00:00,2.6
3248,2025-03-22 07:00:00,3.8
3249,2025-03-22 08:00:00,4.5
3250,2025-03-22 09:00:00,4.6
3251,2025-03-22 10:00:00,5.6
3252,2025-03-22 11:00:00,5.7
3253,2025-03-22 12:00:00,6.8
3254,2025-03-22 13:00:00,6.6
3255,2025-03-22 14:00:00,6.3
3256,2025-03-22 15:00:00,6.0
3257,2025-03-22 16:00:00,5.7
3258,2025-03-22 17:00:00,4.8
3259,2025-03-22 18:00:00,4.6
3260,2025-03-22 19:00:00,3.9
3261,2025-03-22 20:00:00,3.4
3262,2025-03-22 21:00:00,2.8
3263,2025-03-22 22:00:00,2.5
3264,2025-03-22 23:00:00,2.2
3265,2025-03-23 00:00:00,2.7
3266,2025-03-23 01:00:00,3.0
3267,2025-03-23 02:00:00,2.8
3268,2025-03-23 03:00:00,3.5
3269,2025-03-23 04:00:00,3.5
3270,2025-03-23 05:00:00,3.7
3271,2025-03-23 06:00:00,3.1
3272,2025-03-23 07:00:00,3.6
3273,2025-03-23 08:00:00,3.3
3274,2025-03-23 09:00:00,3.5
3275,2025-03-23 10:00:00,3.7
3276,2025-03-23 11:00:00,3.3
3277,2025-03-23 12:00:00,3.5
3278,2025-03-23 13:00:00,4.1
3279,2025-03-23 14:00:00,3.0
3280,2025-03-23 15:00:00,3.5
3281,2025-03-23 16:00:00,3.2
3282,2025-03-23 17:00:00,3.2
3283,2025-03-23 18:00:00,2.2
3284,2025-03-23 19:00:00,2.0
3285,2025-03-23 20:00:00,1.6
3286,2025-03-23 21:00:00,1.4
3287,2025-03-23 22:00:00,1.4
3288,2025-03-23 23:00:00,0.6
3289,2025-03-24 00:00:00,1.2
3290,2025-03-24 01:00:00,0.8
3291,2025-03-24 02:00:00,0.7
3292,2025-03-24 03:00:00,0.5
3293,2025-03-24 04:00:00,0.7
3294,2025-03-24 05:00:00,0.7
3295,2025-03-24 06:00:00,0.6
3296,2025-03-24 07:00:00,1.1
3297,2025-03-24 08:00:00,0.6
3298,2025-03-24 09:00:00,1.7
3299,2025-03-24 10:00:00,1.4
3300,2025-03-24 11:00:00,1.1
3301,2025-03-24 12:00:00,1.4
3302,2025-03-24 13:00:00,2.1
3303,2025-03-24 14:00:00,2.1
3304,2025-03-24 15:00:00,1.5
3305,2025-03-24 16:00:00,1.9
3306,2025-03-24 17:00:00,1.5
3307,2025-03-24 18:00:00,0.6
3308,2025-03-24 19:00:00,0.8
3309,2025-03-24 20:00:00,0.7
3310,2025-03-24 21:00:00,1.3
3311,2025-03-24 22:00:00,1.1
3312,2025-03-24 23:00:00,0.9
3313,2025-03-25 00:00:00,1.4
3314,2025-03-25 01:00:00,1.4
3315,2025-03-25 02:00:00,1.0
3316,2025-03-25 03:00:00,1.0
3317,2025-03-25 04:00:00,1.6
3318,2025-03-25 05:00:00,0.7
3319,2025-03-25 06:00:00,0.6
3320,2025-03-25 07:00:00,2.5
3321,2025-03-25 08:00:00,4.1
3322,2025-03-25 09:00:00,3.1
3323,2025-03-25 10:00:00,2.8
3324,2025-03-25 11:00:00,2.7
3325,2025-03-25 12:00:00,4.0
3326,2025-03-25 13:00:00,4.7
3327,2025-03-25 14:00:00,3.4
3328,2025-03-25 15:00:00,3.4
3329,2025-03-25 16:00:00,3.5
3330,2025-03-25 17:00:00,2.7
3331,2025-03-25 18:00:00,2.2
3332,2025-03-25 19:00:00,3.8
3333,2025-03-25 20:00:00,3.2
3334,2025-03-25 21:00:00,3.1
3335,2025-03-25 22:00:00,2.8
3336,2025-03-25 23:00:00,1.6
3337,2025-03-26 00:00:00,2.2
3338,2025-03-26 01:00:00,1.7
3339,2025-03-26 02:00:00,1.9
3340,2025-03-26 03:00:00,1.8
3341,2025-03-26 04:00:00,2.2
3342,2025-03-26 05:00:00,2.3
3343,2025-03-26 06:00:00,2.6
3344,2025-03-26 07:00:00,3.2
3345,2025-03-26 08:00:00,3.3
3346,2025-03-26 09:00:00,3.4
3347,2025-03-26 10:00:00,3.5
3348,2025-03-26 11:00:00,3.5
3349,2025-03-26 12:00:00,3.4
3350,2025-03-26 13:00:00,3.1
3351,2025-03-26 14:00:00,2.8
3352,2025-03-26 15:00:00,1.9
3353,2025-03-26 16:00:00,2.9
3354,2025-03-26 17:00:00,2.4
3355,2025-03-26 18:00:00,2.3
3356,2025-03-26 19:00:00,2.2
3357,2025-03-26 20:00:00,1.3
3358,2025-03-26 21:00:00,1.5
3359,2025-03-26 22:00:00,1.5
3360,2025-03-26 23:00:00,1.5
3361,2025-03-27 00:00:00,1.4
3362,2025-03-27 01:00:00,1.7
3363,2025-03-27 02:00:00,2.2
3364,2025-03-27 03:00:00,2.6
3365,2025-03-27 04:00:00,2.7
3366,2025-03-27 05:00:00,3.3
3367,2025-03-27 06:00:00,3.0
3368,2025-03-27 07:00:00,2.7
3369,2025-03-27 08:00:00,2.1
3370,2025-03-27 09:00:00,1.9
3371,2025-03-27 10:00:00,2.2
3372,2025-03-27 11:00:00,1.9
3373,2025-03-27 12:00:00,1.7
3374,2025-03-27 13:00:00,2.1
3375,2025-03-27 14:00:00,1.9
3376,2025-03-27 15:00:00,2.1
3377,2025-03-27 16:00:00,1.2
3378,2025-03-27 17:00:00,2.0
3379,2025-03-27 18:00:00,1.4
3380,2025-03-27 19:00:00,2.1
3381,2025-03-27 20:00:00,1.5
3382,2025-03-27 21:00:00,1.8
3383,2025-03-27 22:00:00,1.8
3384,2025-03-27 23:00:00,1.5
3385,2025-03-28 00:00:00,2.0
3386,2025-03-28 01:00:00,1.9
3387,2025-03-28 02:00:00,2.5
3388,2025-03-28 03:00:00,2.6
3389,2025-03-28 04:00:00,2.3
3390,2025-03-28 05:00:00,2.1
3391,2025-03-28 06:00:00,2.3
3392,2025-03-28 07:00:00,2.2
3393,2025-03-28 08:00:00,2.5
3394,2025-03-28 09:00:00,2.9
3395,2025-03-28 10:00:00,2.7
3396,2025-03-28 11:00:00,3.1
3397,2025-03-28 12:00:00,3.3
3398,2025-03-28 13:00:00,3.0
3399,2025-03-28 14:00:00,3.3
3400,2025-03-28 15:00:00,3.6
3401,2025-03-28 16:00:00,2.9
3402,2025-03-28 17:00:00,2.5
3403,2025-03-28 18:00:00,1.7
3404,2025-03-28 19:00:00,1.9
3405,2025-03-28 20:00:00,1.4
3406,2025-03-28 21:00:00,0.9
3407,2025-03-28 22:00:00,0.4
3408,2025-03-28 23:00:00,0.8
3409,2025-03-29 00:00:00,0.5
3410,2025-03-29 01:00:00,0.6
3411,2025-03-29 02:00:00,0.5
3412,2025-03-29 03:00:00,0.3
3413,2025-03-29 04:00:00,1.1
3414,2025-03-29 05:00:00,1.1
3415,2025-03-29 06:00:00,1.6
3416,2025-03-29 07:00:00,1.7
3417,2025-03-29 08:00:00,3.1
3418,2025-03-29 09:00:00,4.2
3419,2025-03-29 10:00:00,4.3
3420,2025-03-29 11:00:00,4.7
3421,2025-03-29 12:00:00,3.9
3422,2025-03-29 13:00:00,4.2
3423,2025-03-29 14:00:00,4.8
3424,2025-03-29 15:00:00,4.3
3425,2025-03-29 16:00:00,4.7
3426,2025-03-29 17:00:00,4.4
3427,2025-03-29 18:00:00,3.4
3428,2025-03-29 19:00:00,1.5
3429,2025-03-29 20:00:00,1.5
3430,2025-03-29 21:00:00,1.8
3431,2025-03-29 22:00:00,1.8
3432,2025-03-29 23:00:00,1.4
3433,2025-03-30 00:00:00,1.2
3434,2025-03-30 01:00:00,2.4
3435,2025-03-30 02:00:00,1.8
3436,2025-03-30 03:00:00,1.8
3437,2025-03-30 04:00:00,1.2
3438,2025-03-30 05:00:00,1.1
3439,2025-03-30 06:00:00,0.9
3440,2025-03-30 07:00:00,1.7
3441,2025-03-30 08:00:00,5.3
3442,2025-03-30 09:00:00,5.8
3443,2025-03-30 10:00:00,7.4
3444,2025-03-30 11:00:00,5.4
3445,2025-03-30 12:00:00,5.7
3446,2025-03-30 13:00:00,6.6
3447,2025-03-30 14:00:00,6.7
3448,2025-03-30 15:00:00,5.9
3449,2025-03-30 16:00:00,6.3
3450,2025-03-30 17:00:00,3.8
3451,2025-03-30 18:00:00,4.9
3452,2025-03-30 19:00:00,6.4
3453,2025-03-30 20:00:00,4.1
3454,2025-03-30 21:00:00,3.5
3455,2025-03-30 22:00:00,4.8
3456,2025-03-30 23:00:00,4.5
3457,2025-03-31 00:00:00,4.8
3458,2025-03-31 01:00:00,4.9
3459,2025-03-31 02:00:00,4.2
3460,2025-03-31 03:00:00,4.0
3461,2025-03-31 04:00:00,3.2
3462,2025-03-31 05:00:00,3.1
3463,2025-03-31 06:00:00,2.6
3464,2025-03-31 07:00:00,2.9
3465,2025-03-31 08:00:00,3.0
3466,2025-03-31 09:00:00,2.7
3467,2025-03-31 10:00:00,2.5
3468,2025-03-31 11:00:00,2.4
3469,2025-03-31 12:00:00,2.1
3470,2025-03-31 13:00:00,2.4
3471,2025-03-31 14:00:00,2.2
3472,2025-03-31 15:00:00,2.2
3473,2025-03-31 16:00:00,1.9
3474,2025-03-31 17:00:00,2.3
3475,2025-03-31 18:00:00,1.7
3476,2025-03-31 19:00:00,1.8
3477,2025-03-31 20:00:00,1.3
3478,2025-03-31 21:00:00,1.1
3479,2025-03-31 22:00:00,1.2
3480,2025-03-31 23:00:00,1.3
3481,2025-04-01 00:00:00,1.3
3482,2025-04-01 01:00:00,1.1
3483,2025-04-01 02:00:00,1.1
3484,2025-04-01 03:00:00,0.9
3485,2025-04-01 04:00:00,0.9
3486,2025-04-01 05:00:00,1.0
3487,2025-04-01 06:00:00,0.8
3488,2025-04-01 07:00:00,1.4
3489,2025-04-01 08:00:00,2.0
3490,2025-04-01 09:00:00,2.3
3491,2025-04-01 10:00:00,2.7
3492,2025-04-01 11:00:00,2.4
3493,2025-04-01 12:00:00,3.4
3494,2025-04-01 13:00:00,3.6
3495,2025-04-01 14:00:00,3.2
3496,2025-04-01 15:00:00,2.5
3497,2025-04-01 16:00:00,3.1
3498,2025-04-01 17:00:00,2.4
3499,2025-04-01 18:00:00,1.7
3500,2025-04-01 19:00:00,0.8
3501,2025-04-01 20:00:00,0.7
3502,2025-04-01 21:00:00,1.3
3503,2025-04-01 22:00:00,0.7
3504,2025-04-01 23:00:00,0.8
3505,2025-04-02 00:00:00,0.8
3506,2025-04-02 01:00:00,0.9
3507,2025-04-02 02:00:00,0.8
3508,2025-04-02 03:00:00,1.1
3509,2025-04-02 04:00:00,1.0
3510,2025-04-02 05:00:00,1.0
3511,2025-04-02 06:00:00,0.9
3512,2025-04-02 07:00:00,0.7
3513,2025-04-02 08:00:00,1.4
3514,2025-04-02 09:00:00,2.1
3515,2025-04-02 10:00:00,2.1
3516,2025-04-02 11:00:00,2.5
3517,2025-04-02 12:00:00,3.0
3518,2025-04-02 13:00:00,3.1
3519,2025-04-02 14:00:00,2.9
3520,2025-04-02 15:00:00,2.8
3521,2025-04-02 16:00:00,3.0
3522,2025-04-02 17:00:00,2.7
3523,2025-04-02 18:00:00,1.7
3524,2025-04-02 19:00:00,1.5
3525,2025-04-02 20:00:00,2.3
3526,2025-04-02 21:00:00,1.8
3527,2025-04-02 22:00:00,2.5
3528,2025-04-02 23:00:00,2.6
3529,2025-04-03 00:00:00,2.1
3530,2025-04-03 01:00:00,1.5
3531,2025-04-03 02:00:00,2.4
3532,2025-04-03 03:00:00,1.2
3533,2025-04-03 04:00:00,1.3
3534,2025-04-03 05:00:00,0.6
3535,2025-04-03 06:00:00,0.3
3536,2025-04-03 07:00:00,0.7
3537,2025-04-03 08:00:00,2.2
3538,2025-04-03 09:00:00,2.6
3539,2025-04-03 10:00:00,2.3
3540,2025-04-03 11:00:00,2.7
3541,2025-04-03 12:00:00,3.3
3542,2025-04-03 13:00:00,3.5
3543,2025-04-03 14:00:00,2.8
3544,2025-04-03 15:00:00,2.6
3545,2025-04-03 16:00:00,3.6
3546,2025-04-03 17:00:00,2.5
3547,2025-04-03 18:00:00,1.4
3548,2025-04-03 19:00:00,0.5
3549,2025-04-03 20:00:00,0.5
3550,2025-04-03 21:00:00,0.7
3551,2025-04-03 22:00:00,0.7
3552,2025-04-03 23:00:00,0.9
3553,2025-04-04 00:00:00,0.9
3554,2025-04-04 01:00:00,0.6
3555,2025-04-04 02:00:00,0.2
3556,2025-04-04 03:00:00,0.6
3557,2025-04-04 04:00:00,0.3
3558,2025-04-04 05:00:00,0.4
3559,2025-04-04 06:00:00,0.4
3560,2025-04-04 07:00:00,0.7
3561,2025-04-04 08:00:00,0.9
3562,2025-04-04 09:00:00,1.2
3563,2025-04-04 10:00:00,1.4
3564,2025-04-04 11:00:00,1.8
3565,2025-04-04 12:00:00,1.8
3566,2025-04-04 13:00:00,1.8
3567,2025-04-04 14:00:00,1.8
3568,2025-04-04 15:00:00,1.9
3569,2025-04-04 16:00:00,2.0
3570,2025-04-04 17:00:00,1.7
3571,2025-04-04 18:00:00,1.5
3572,2025-04-04 19:00:00,1.0
3573,2025-04-04 20:00:00,1.4
3574,2025-04-04 21:00:00,1.1
3575,2025-04-04 22:00:00,1.1
3576,2025-04-04 23:00:00,1.3
3577,2025-04-05 00:00:00,0.9
3578,2025-04-05 01:00:00,1.4
3579,2025-04-05 02:00:00,1.1
3580,2025-04-05 03:00:00,1.1
3581,2025-04-05 04:00:00,1.5
3582,2025-04-05 05:00:00,1.7
3583,2025-04-05 06:00:00,2.0
3584,2025-04-05 07:00:00,1.8
3585,2025-04-05 08:00:00,2.1
3586,2025-04-05 09:00:00,2.2
3587,2025-04-05 10:00:00,2.0
3588,2025-04-05 11:00:00,2.8
3589,2025-04-05 12:00:00,3.5
3590,2025-04-05 13:00:00,2.9
3591,2025-04-05 14:00:00,3.6
3592,2025-04-05 15:00:00,4.1
3593,2025-04-05 16:00:00,4.2
3594,2025-04-05 17:00:00,4.0
3595,2025-04-05 18:00:00,3.6
3596,2025-04-05 19:00:00,3.7
3597,2025-04-05 20:00:00,2.3
3598,2025-04-05 21:00:00,2.5
3599,2025-04-05 22:00:00,1.6
3600,2025-04-05 23:00:00,1.1
3601,2025-04-06 00:00:00,1.0
3602,2025-04-06 01:00:00,0.8
3603,2025-04-06 02:00:00,0.8
3604,2025-04-06 03:00:00,0.7
3605,2025-04-06 04:00:00,1.1
3606,2025-04-06 05:00:00,1.1
3607,2025-04-06 06:00:00,1.0
3608,2025-04-06 07:00:00,1.5
3609,2025-04-06 08:00:00,1.6
3610,2025-04-06 09:00:00,2.8
3611,2025-04-06 10:00:00,3.0
3612,2025-04-06 11:00:00,2.7
3613,2025-04-06 12:00:00,3.3
3614,2025-04-06 13:00:00,3.3
3615,2025-04-06 14:00:00,3.6
3616,2025-04-06 15:00:00,3.0
3617,2025-04-06 16:00:00,3.5
3618,2025-04-06 17:00:00,3.0
3619,2025-04-06 18:00:00,2.1
3620,2025-04-06 19:00:00,1.2
3621,2025-04-06 20:00:00,0.8
3622,2025-04-06 21:00:00,1.3
3623,2025-04-06 22:00:00,1.4
3624,2025-04-06 23:00:00,2.1
3625,2025-04-07 00:00:00,2.5
3626,2025-04-07 01:00:00,2.8
3627,2025-04-07 02:00:00,2.7
3628,2025-04-07 03:00:00,2.6
3629,2025-04-07 04:00:00,2.7
3630,2025-04-07 05:00:00,2.4
3631,2025-04-07 06:00:00,2.3
3632,2025-04-07 07:00:00,2.9
3633,2025-04-07 08:00:00,2.4
3634,2025-04-07 09:00:00,2.1
3635,2025-04-07 10:00:00,2.5
3636,2025-04-07 11:00:00,2.8
3637,2025-04-07 12:00:00,2.7
3638,2025-04-07 13:00:00,2.5
3639,2025-04-07 14:00:00,2.8
3640,2025-04-07 15:00:00,2.9
3641,2025-04-07 16:00:00,2.6
3642,2025-04-07 17:00:00,2.9
3643,2025-04-07 18:00:00,1.6
3644,2025-04-07 19:00:00,1.3
3645,2025-04-07 20:00:00,1.1
3646,2025-04-07 21:00:00,0.8
3647,2025-04-07 22:00:00,0.6
3648,2025-04-07 23:00:00,0.9
3649,2025-04-08 00:00:00,0.7
3650,2025-04-08 01:00:00,0.8
3651,2025-04-08 02:00:00,0.9
3652,2025-04-08 03:00:00,0.9
3653,2025-04-08 04:00:00,0.8
3654,2025-04-08 05:00:00,0.9
3655,2025-04-08 06:00:00,0.9
3656,2025-04-08 07:00:00,1.0
3657,2025-04-08 08:00:00,1.2
3658,2025-04-08 09:00:00,1.8
3659,2025-04-08 10:00:00,2.6
3660,2025-04-08 11:00:00,2.4
3661,2025-04-08 12:00:00,2.0
3662,2025-04-08 13:00:00,2.0
3663,2025-04-08 14:00:00,1.9
3664,2025-04-08 15:00:00,2.4
3665,2025-04-08 16:00:00,2.0
3666,2025-04-08 17:00:00,1.8
3667,2025-04-08 18:00:00,0.9
3668,2025-04-08 19:00:00,0.7
3669,2025-04-08 20:00:00,0.9
3670,2025-04-08 21:00:00,0.6
3671,2025-04-08 22:00:00,0.4
3672,2025-04-08 23:00:00,0.4
3673,2025-04-09 00:00:00,0.4
3674,2025-04-09 01:00:00,0.7
3675,2025-04-09 02:00:00,1.4
3676,2025-04-09 03:00:00,0.5
3677,2025-04-09 04:00:00,0.6
3678,2025-04-09 05:00:00,0.7
3679,2025-04-09 06:00:00,1.1
3680,2025-04-09 07:00:00,0.9
3681,2025-04-09 08:00:00,0.7
3682,2025-04-09 09:00:00,0.6
3683,2025-04-09 10:00:00,3.0
3684,2025-04-09 11:00:00,3.0
3685,2025-04-09 12:00:00,3.9
3686,2025-04-09 13:00:00,3.0
3687,2025-04-09 14:00:00,3.7
3688,2025-04-09 15:00:00,3.5
3689,2025-04-09 16:00:00,3.1
3690,2025-04-09 17:00:00,2.7
3691,2025-04-09 18:00:00,2.5
3692,2025-04-09 19:00:00,2.2
3693,2025-04-09 20:00:00,1.6
3694,2025-04-09 21:00:00,2.2
3695,2025-04-09 22:00:00,2.5
3696,2025-04-09 23:00:00,2.7
3697,2025-04-10 00:00:00,3.1
3698,2025-04-10 01:00:00,3.0
3699,2025-04-10 02:00:00,2.5
3700,2025-04-10 03:00:00,2.8
3701,2025-04-10 04:00:00,2.5
3702,2025-04-10 05:00:00,2.3
3703,2025-04-10 06:00:00,2.2
3704,2025-04-10 07:00:00,2.2
3705,2025-04-10 08:00:00,2.9
3706,2025-04-10 09:00:00,2.8
3707,2025-04-10 10:00:00,4.3
3708,2025-04-10 11:00:00,6.1
3709,2025-04-10 12:00:00,5.8
3710,2025-04-10 13:00:00,5.6
3711,2025-04-10 14:00:00,5.4
3712,2025-04-10 15:00:00,4.8
3713,2025-04-10 16:00:00,4.7
3714,2025-04-10 17:00:00,4.7
3715,2025-04-10 18:00:00,3.9
3716,2025-04-10 19:00:00,2.8
3717,2025-04-10 20:00:00,3.7
3718,2025-04-10 21:00:00,5.0
3719,2025-04-10 22:00:00,5.3
3720,2025-04-10 23:00:00,5.6
3721,2025-04-11 00:00:00,5.2
3722,2025-04-11 01:00:00,5.2
3723,2025-04-11 02:00:00,5.3
3724,2025-04-11 03:00:00,6.0
3725,2025-04-11 04:00:00,6.5
3726,2025-04-11 05:00:00,6.2
3727,2025-04-11 06:00:00,5.7
3728,2025-04-11 07:00:00,6.2
3729,2025-04-11 08:00:00,6.0
3730,2025-04-11 09:00:00,5.9
3731,2025-04-11 10:00:00,6.6
3732,2025-04-11 11:00:00,5.5
3733,2025-04-11 12:00:00,4.9
3734,2025-04-11 13:00:00,5.2
3735,2025-04-11 14:00:00,3.7
3736,2025-04-11 15:00:00,3.1
3737,2025-04-11 16:00:00,3.4
3738,2025-04-11 17:00:00,3.3
3739,2025-04-11 18:00:00,2.4
3740,2025-04-11 19:00:00,1.1
3741,2025-04-11 20:00:00,1.8
3742,2025-04-11 21:00:00,1.9
3743,2025-04-11 22:00:00,1.1
3744,2025-04-11 23:00:00,0.6
3745,2025-04-12 00:00:00,0.7
3746,2025-04-12 01:00:00,0.7
3747,2025-04-12 02:00:00,2.0
3748,2025-04-12 03:00:00,2.0
3749,2025-04-12 04:00:00,2.4
3750,2025-04-12 05:00:00,2.2
3751,2025-04-12 06:00:00,2.1
3752,2025-04-12 07:00:00,2.0
3753,2025-04-12 08:00:00,2.9
3754,2025-04-12 09:00:00,3.0
3755,2025-04-12 10:00:00,3.3
3756,2025-04-12 11:00:00,2.5
3757,2025-04-12 12:00:00,2.2
3758,2025-04-12 13:00:00,1.9
3759,2025-04-12 14:00:00,1.8
3760,2025-04-12 15:00:00,1.3
3761,2025-04-12 16:00:00,1.0
3762,2025-04-12 17:00:00,1.6
3763,2025-04-12 18:00:00,1.1
3764,2025-04-12 19:00:00,0.9
3765,2025-04-12 20:00:00,1.0
3766,2025-04-12 21:00:00,1.5
3767,2025-04-12 22:00:00,1.9
3768,2025-04-12 23:00:00,2.2
3769,2025-04-13 00:00:00,2.2
3770,2025-04-13 01:00:00,2.6
3771,2025-04-13 02:00:00,2.3
3772,2025-04-13 03:00:00,3.2
3773,2025-04-13 04:00:00,3.2
3774,2025-04-13 05:00:00,3.8
3775,2025-04-13 06:00:00,3.8
3776,2025-04-13 07:00:00,3.4
3777,2025-04-13 08:00:00,3.4
3778,2025-04-13 09:00:00,3.4
3779,2025-04-13 10:00:00,3.9
3780,2025-04-13 11:00:00,3.9
3781,2025-04-13 12:00:00,5.1
3782,2025-04-13 13:00:00,5.1
3783,2025-04-13 14:00:00,7.2
3784,2025-04-13 15:00:00,7.9
3785,2025-04-13 16:00:00,7.4
3786,2025-04-13 17:00:00,5.7
3787,2025-04-13 18:00:00,3.3
3788,2025-04-13 19:00:00,1.8
3789,2025-04-13 20:00:00,0.8
3790,2025-04-13 21:00:00,1.4
3791,2025-04-13 22:00:00,2.9
3792,2025-04-13 23:00:00,1.5
3793,2025-04-14 00:00:00,1.3
3794,2025-04-14 01:00:00,0.8
3795,2025-04-14 02:00:00,0.5
3796,2025-04-14 03:00:00,0.5
3797,2025-04-14 04:00:00,1.1
3798,2025-04-14 05:00:00,1.1
3799,2025-04-14 06:00:00,0.6
3800,2025-04-14 07:00:00,0.7
3801,2025-04-14 08:00:00,1.8
3802,2025-04-14 09:00:00,1.6
3803,2025-04-14 10:00:00,1.7
3804,2025-04-14 11:00:00,3.9
3805,2025-04-14 12:00:00,2.9
3806,2025-04-14 13:00:00,3.4
3807,2025-04-14 14:00:00,3.7
3808,2025-04-14 15:00:00,3.2
3809,2025-04-14 16:00:00,2.9
3810,2025-04-14 17:00:00,3.5
3811,2025-04-14 18:00:00,2.8
3812,2025-04-14 19:00:00,2.1
3813,2025-04-14 20:00:00,1.1
3814,2025-04-14 21:00:00,1.6
3815,2025-04-14 22:00:00,1.4
3816,2025-04-14 23:00:00,0.6
3817,2025-04-15 00:00:00,1.6
3818,2025-04-15 01:00:00,2.1
3819,2025-04-15 02:00:00,1.5
3820,2025-04-15 03:00:00,1.7
3821,2025-04-15 04:00:00,1.7
3822,2025-04-15 05:00:00,1.6
3823,2025-04-15 06:00:00,1.5
3824,2025-04-15 07:00:00,2.3
3825,2025-04-15 08:00:00,4.5
3826,2025-04-15 09:00:00,5.3
3827,2025-04-15 10:00:00,5.9
3828,2025-04-15 11:00:00,6.2
3829,2025-04-15 12:00:00,5.9
3830,2025-04-15 13:00:00,5.4
3831,2025-04-15 14:00:00,5.9
3832,2025-04-15 15:00:00,6.0
3833,2025-04-15 16:00:00,6.9
3834,2025-04-15 17:00:00,6.1
3835,2025-04-15 18:00:00,4.1
3836,2025-04-15 19:00:00,4.4
3837,2025-04-15 20:00:00,3.7
3838,2025-04-15 21:00:00,3.5
3839,2025-04-15 22:00:00,3.4
3840,2025-04-15 23:00:00,3.4
3841,2025-04-16 00:00:00,2.9
3842,2025-04-16 01:00:00,2.4
3843,2025-04-16 02:00:00,2.4
3844,2025-04-16 03:00:00,3.6
3845,2025-04-16 04:00:00,3.9
3846,2025-04-16 05:00:00,3.7
3847,2025-04-16 06:00:00,2.5
3848,2025-04-16 07:00:00,2.3
3849,2025-04-16 08:00:00,2.0
3850,2025-04-16 09:00:00,1.2
3851,2025-04-16 10:00:00,1.7
3852,2025-04-16 11:00:00,2.6
3853,2025-04-16 12:00:00,3.5
3854,2025-04-16 13:00:00,3.0
3855,2025-04-16 14:00:00,3.2
3856,2025-04-16 15:00:00,3.7
3857,2025-04-16 16:00:00,4.0
3858,2025-04-16 17:00:00,3.5
3859,2025-04-16 18:00:00,2.2
3860,2025-04-16 19:00:00,2.5
3861,2025-04-16 20:00:00,2.4
3862,2025-04-16 21:00:00,2.0
3863,2025-04-16 22:00:00,1.9
3864,2025-04-16 23:00:00,2.0
3865,2025-04-17 00:00:00,3.0
3866,2025-04-17 01:00:00,3.4
3867,2025-04-17 02:00:00,3.1
3868,2025-04-17 03:00:00,3.3
3869,2025-04-17 04:00:00,3.0
3870,2025-04-17 05:00:00,3.1
3871,2025-04-17 06:00:00,2.8
3872,2025-04-17 07:00:00,3.9
3873,2025-04-17 08:00:00,4.0
3874,2025-04-17 09:00:00,4.0
3875,2025-04-17 10:00:00,4.3
3876,2025-04-17 11:00:00,3.4
3877,2025-04-17 12:00:00,3.2
3878,2025-04-17 13:00:00,2.7
3879,2025-04-17 14:00:00,2.9
3880,2025-04-17 15:00:00,1.9
3881,2025-04-17 16:00:00,2.6
3882,2025-04-17 17:00:00,3.1
3883,2025-04-17 18:00:00,2.2
3884,2025-04-17 19:00:00,2.5
3885,2025-04-17 20:00:00,2.2
3886,2025-04-17 21:00:00,2.4
3887,2025-04-17 22:00:00,2.0
3888,2025-04-17 23:00:00,2.3
3889,2025-04-18 00:00:00,2.5
3890,2025-04-18 01:00:00,4.2
3891,2025-04-18 02:00:00,3.9
3892,2025-04-18 03:00:00,3.4
3893,2025-04-18 04:00:00,4.0
3894,2025-04-18 05:00:00,3.5
3895,2025-04-18 06:00:00,4.1
3896,2025-04-18 07:00:00,4.2
3897,2025-04-18 08:00:00,4.5
3898,2025-04-18 09:00:00,4.2
3899,2025-04-18 10:00:00,3.7
3900,2025-04-18 11:00:00,2.5
3901,2025-04-18 12:00:00,3.6
3902,2025-04-18 13:00:00,3.7
3903,2025-04-18 14:00:00,4.3
3904,2025-04-18 15:00:00,5.0
3905,2025-04-18 16:00:00,4.5
3906,2025-04-18 17:00:00,3.7
3907,2025-04-18 18:00:00,3.3
3908,2025-04-18 19:00:00,2.8
3909,2025-04-18 20:00:00,3.7
3910,2025-04-18 21:00:00,3.5
3911,2025-04-18 22:00:00,4.0
3912,2025-04-18 23:00:00,3.3
3913,2025-04-19 00:00:00,4.3
3914,2025-04-19 01:00:00,3.4
3915,2025-04-19 02:00:00,3.1
3916,2025-04-19 03:00:00,2.1
3917,2025-04-19 04:00:00,2.4
3918,2025-04-19 05:00:00,2.2
3919,2025-04-19 06:00:00,2.3
3920,2025-04-19 07:00:00,2.9
3921,2025-04-19 08:00:00,3.0
3922,2025-04-19 09:00:00,4.0
3923,2025-04-19 10:00:00,4.6
3924,2025-04-19 11:00:00,4.1
3925,2025-04-19 12:00:00,4.0
3926,2025-04-19 13:00:00,4.5
3927,2025-04-19 14:00:00,3.7
3928,2025-04-19 15:00:00,3.7
3929,2025-04-19 16:00:00,3.3
3930,2025-04-19 17:00:00,2.8
3931,2025-04-19 18:00:00,1.8
3932,2025-04-19 19:00:00,1.9
3933,2025-04-19 20:00:00,2.4
3934,2025-04-19 21:00:00,2.0
3935,2025-04-19 22:00:00,1.6
3936,2025-04-19 23:00:00,1.5
3937,2025-04-20 00:00:00,1.1
3938,2025-04-20 01:00:00,1.2
3939,2025-04-20 02:00:00,1.7
3940,2025-04-20 03:00:00,1.7
3941,2025-04-20 04:00:00,1.5
3942,2025-04-20 05:00:00,1.6
3943,2025-04-20 06:00:00,1.5
3944,2025-04-20 07:00:00,1.4
3945,2025-04-20 08:00:00,1.6
3946,2025-04-20 09:00:00,2.3
3947,2025-04-20 10:00:00,2.2
3948,2025-04-20 11:00:00,1.8
3949,2025-04-20 12:00:00,2.5
3950,2025-04-20 13:00:00,2.2
3951,2025-04-20 14:00:00,1.7
3952,2025-04-20 15:00:00,1.4
3953,2025-04-20 16:00:00,1.7
3954,2025-04-20 17:00:00,1.9
3955,2025-04-20 18:00:00,0.7
3956,2025-04-20 19:00:00,0.6
3957,2025-04-20 20:00:00,1.0
3958,2025-04-20 21:00:00,0.5
3959,2025-04-20 22:00:00,0.4
3960,2025-04-20 23:00:00,2.1
3961,2025-04-21 00:00:00,1.8
3962,2025-04-21 01:00:00,2.3
3963,2025-04-21 02:00:00,0.9
3964,2025-04-21 03:00:00,1.4
3965,2025-04-21 04:00:00,1.5
3966,2025-04-21 05:00:00,1.6
3967,2025-04-21 06:00:00,0.9
3968,2025-04-21 07:00:00,1.0
3969,2025-04-21 08:00:00,1.9
3970,2025-04-21 09:00:00,2.8
3971,2025-04-21 10:00:00,1.5
3972,2025-04-21 11:00:00,2.0
3973,2025-04-21 12:00:00,2.5
3974,2025-04-21 13:00:00,2.2
3975,2025-04-21 14:00:00,2.2
3976,2025-04-21 15:00:00,2.7
3977,2025-04-21 16:00:00,2.3
3978,2025-04-21 17:00:00,2.0
3979,2025-04-21 18:00:00,1.3
3980,2025-04-21 19:00:00,1.9
3981,2025-04-21 20:00:00,1.1
3982,2025-04-21 21:00:00,0.6
3983,2025-04-21 22:00:00,0.9
3984,2025-04-21 23:00:00,1.8
3985,2025-04-22 00:00:00,0.6
3986,2025-04-22 01:00:00,1.1
3987,2025-04-22 02:00:00,1.4
3988,2025-04-22 03:00:00,1.3
3989,2025-04-22 04:00:00,1.3
3990,2025-04-22 05:00:00,1.5
3991,2025-04-22 06:00:00,2.0
3992,2025-04-22 07:00:00,2.0
3993,2025-04-22 08:00:00,2.2
3994,2025-04-22 09:00:00,3.1
3995,2025-04-22 10:00:00,2.3
3996,2025-04-22 11:00:00,1.2
3997,2025-04-22 12:00:00,3.4
3998,2025-04-22 13:00:00,3.9
3999,2025-04-22 14:00:00,3.0
4000,2025-04-22 15:00:00,3.2
4001,2025-04-22 16:00:00,3.1
4002,2025-04-22 17:00:00,2.7
4003,2025-04-22 18:00:00,1.9
4004,2025-04-22 19:00:00,1.7
4005,2025-04-22 20:00:00,1.1
4006,2025-04-22 21:00:00,1.6
4007,2025-04-22 22:00:00,1.3
4008,2025-04-22 23:00:00,1.2
4009,2025-04-23 00:00:00,1.0
4010,2025-04-23 01:00:00,1.0
4011,2025-04-23 02:00:00,0.8
4012,2025-04-23 03:00:00,0.8
4013,2025-04-23 04:00:00,0.4
4014,2025-04-23 05:00:00,0.4
4015,2025-04-23 06:00:00,0.2
4016,2025-04-23 07:00:00,0.6
4017,2025-04-23 08:00:00,0.8
4018,2025-04-23 09:00:00,1.3
4019,2025-04-23 10:00:00,1.2
4020,2025-04-23 11:00:00,1.6
4021,2025-04-23 12:00:00,1.2
4022,2025-04-23 13:00:00,1.5
4023,2025-04-23 14:00:00,1.6
4024,2025-04-23 15:00:00,1.1
4025,2025-04-23 16:00:00,1.8
4026,2025-04-23 17:00:00,1.6
4027,2025-04-23 18:00:00,2.0
4028,2025-04-23 19:00:00,1.7
4029,2025-04-23 20:00:00,1.8
4030,2025-04-23 21:00:00,1.8
4031,2025-04-23 22:00:00,1.5
4032,2025-04-23 23:00:00,1.1
4033,2025-04-24 00:00:00,1.2
4034,2025-04-24 01:00:00,1.1
4035,2025-04-24 02:00:00,0.6
4036,2025-04-24 03:00:00,0.6
4037,2025-04-24 04:00:00,0.8
4038,2025-04-24 05:00:00,1.3
4039,2025-04-24 06:00:00,1.5
4040,2025-04-24 07:00:00,1.8
4041,2025-04-24 08:00:00,2.2
4042,2025-04-24 09:00:00,2.7
4043,2025-04-24 10:00:00,2.9
4044,2025-04-24 11:00:00,3.0
4045,2025-04-24 12:00:00,2.6
4046,2025-04-24 13:00:00,2.8
4047,2025-04-24 14:00:00,2.9
4048,2025-04-24 15:00:00,2.8
4049,2025-04-24 16:00:00,2.8
4050,2025-04-24 17:00:00,2.4
4051,2025-04-24 18:00:00,1.5
4052,2025-04-24 19:00:00,1.0
4053,2025-04-24 20:00:00,1.2
4054,2025-04-24 21:00:00,1.2
4055,2025-04-24 22:00:00,1.2
4056,2025-04-24 23:00:00,1.3
4057,2025-04-25 00:00:00,1.5
4058,2025-04-25 01:00:00,1.3
4059,2025-04-25 02:00:00,1.4
4060,2025-04-25 03:00:00,1.4
4061,2025-04-25 04:00:00,1.7
4062,2025-04-25 05:00:00,2.1
4063,2025-04-25 06:00:00,2.1
4064,2025-04-25 07:00:00,2.4
4065,2025-04-25 08:00:00,2.2
4066,2025-04-25 09:00:00,2.1
4067,2025-04-25 10:00:00,2.0
4068,2025-04-25 11:00:00,2.2
4069,2025-04-25 12:00:00,2.3
4070,2025-04-25 13:00:00,2.4
4071,2025-04-25 14:00:00,2.3
4072,2025-04-25 15:00:00,3.0
4073,2025-04-25 16:00:00,2.7
4074,2025-04-25 17:00:00,2.4
4075,2025-04-25 18:00:00,2.0
4076,2025-04-25 19:00:00,0.8
4077,2025-04-25 20:00:00,1.3
4078,2025-04-25 21:00:00,1.6
4079,2025-04-25 22:00:00,1.6
4080,2025-04-25 23:00:00,1.1
4081,2025-04-26 00:00:00,1.0
4082,2025-04-26 01:00:00,1.4
4083,2025-04-26 02:00:00,1.8
4084,2025-04-26 03:00:00,1.9
4085,2025-04-26 04:00:00,1.9
4086,2025-04-26 05:00:00,1.7
4087,2025-04-26 06:00:00,2.2
4088,2025-04-26 07:00:00,4.0
4089,2025-04-26 08:00:00,4.0
4090,2025-04-26 09:00:00,3.6
4091,2025-04-26 10:00:00,3.2
4092,2025-04-26 11:00:00,3.2
4093,2025-04-26 12:00:00,3.3
4094,2025-04-26 13:00:00,3.2
4095,2025-04-26 14:00:00,3.2
4096,2025-04-26 15:00:00,3.2
4097,2025-04-26 16:00:00,3.0
4098,2025-04-26 17:00:00,2.6
4099,2025-04-26 18:00:00,2.6
4100,2025-04-26 19:00:00,1.8
4101,2025-04-26 20:00:00,1.4
4102,2025-04-26 21:00:00,1.6
4103,2025-04-26 22:00:00,1.0
4104,2025-04-26 23:00:00,0.6
4105,2025-04-27 00:00:00,1.0
4106,2025-04-27 01:00:00,0.6
4107,2025-04-27 02:00:00,0.4
4108,2025-04-27 03:00:00,0.6
4109,2025-04-27 04:00:00,1.2
4110,2025-04-27 05:00:00,1.0
4111,2025-04-27 06:00:00,1.1
4112,2025-04-27 07:00:00,2.5
4113,2025-04-27 08:00:00,2.7
4114,2025-04-27 09:00:00,3.7
4115,2025-04-27 10:00:00,5.2
4116,2025-04-27 11:00:00,4.4
4117,2025-04-27 12:00:00,4.9
4118,2025-04-27 13:00:00,3.5
4119,2025-04-27 14:00:00,4.0
4120,2025-04-27 15:00:00,4.0
4121,2025-04-27 16:00:00,4.3
4122,2025-04-27 17:00:00,4.3
4123,2025-04-27 18:00:00,3.0
4124,2025-04-27 19:00:00,2.0
4125,2025-04-27 20:00:00,1.2
4126,2025-04-27 21:00:00,2.1
4127,2025-04-27 22:00:00,2.0
4128,2025-04-27 23:00:00,1.6
4129,2025-04-28 00:00:00,1.3
4130,2025-04-28 01:00:00,1.1
4131,2025-04-28 02:00:00,1.5
4132,2025-04-28 03:00:00,1.2
4133,2025-04-28 04:00:00,1.1
4134,2025-04-28 05:00:00,2.0
4135,2025-04-28 06:00:00,1.8
4136,2025-04-28 07:00:00,2.1
4137,2025-04-28 08:00:00,1.4
4138,2025-04-28 09:00:00,1.8
4139,2025-04-28 10:00:00,1.7
4140,2025-04-28 11:00:00,1.8
4141,2025-04-28 12:00:00,2.2
4142,2025-04-28 13:00:00,2.2
4143,2025-04-28 14:00:00,2.0
4144,2025-04-28 15:00:00,1.6
4145,2025-04-28 16:00:00,1.9
4146,2025-04-28 17:00:00,1.5
4147,2025-04-28 18:00:00,0.8
4148,2025-04-28 19:00:00,0.3
4149,2025-04-28 20:00:00,0.7
4150,2025-04-28 21:00:00,0.7
4151,2025-04-28 22:00:00,0.8
4152,2025-04-28 23:00:00,0.5
4153,2025-04-29 00:00:00,0.6
4154,2025-04-29 01:00:00,0.4
4155,2025-04-29 02:00:00,0.3
4156,2025-04-29 03:00:00,0.4
4157,2025-04-29 04:00:00,0.7
4158,2025-04-29 05:00:00,1.0
4159,2025-04-29 06:00:00,0.8
4160,2025-04-29 07:00:00,2.0
4161,2025-04-29 08:00:00,1.8
4162,2025-04-29 09:00:00,2.5
4163,2025-04-29 10:00:00,3.0
4164,2025-04-29 11:00:00,2.7
4165,2025-04-29 12:00:00,2.9
4166,2025-04-29 13:00:00,3.2
4167,2025-04-29 14:00:00,3.2
4168,2025-04-29 15:00:00,2.9
4169,2025-04-29 16:00:00,2.7
4170,2025-04-29 17:00:00,2.5
4171,2025-04-29 18:00:00,2.1
4172,2025-04-29 19:00:00,1.4
4173,2025-04-29 20:00:00,1.1
4174,2025-04-29 21:00:00,0.9
4175,2025-04-29 22:00:00,0.9
4176,2025-04-29 23:00:00,0.6
4177,2025-04-30 00:00:00,0.7
4178,2025-04-30 01:00:00,0.5
4179,2025-04-30 02:00:00,0.5
4180,2025-04-30 03:00:00,0.5
4181,2025-04-30 04:00:00,0.4
4182,2025-04-30 05:00:00,0.6
4183,2025-04-30 06:00:00,0.7
4184,2025-04-30 07:00:00,1.2
4185,2025-04-30 08:00:00,1.4
4186,2025-04-30 09:00:00,2.0
4187,2025-04-30 10:00:00,2.0
4188,2025-04-30 11:00:00,2.7
4189,2025-04-30 12:00:00,3.1
4190,2025-04-30 13:00:00,2.6
4191,2025-04-30 14:00:00,2.2
4192,2025-04-30 15:00:00,2.6
4193,2025-04-30 16:00:00,2.2
4194,2025-04-30 17:00:00,2.1
4195,2025-04-30 18:00:00,1.4
4196,2025-04-30 19:00:00,0.7
4197,2025-04-30 20:00:00,0.9
4198,2025-04-30 21:00:00,0.6
4199,2025-04-30 22:00:00,0.8
4200,2025-04-30 23:00:00,0.6
4201,2025-05-01 00:00:00,0.7
4202,2025-05-01 01:00:00,0.5
4203,2025-05-01 02:00:00,0.2
4204,2025-05-01 03:00:00,0.3
4205,2025-05-01 04:00:00,0.4
4206,2025-05-01 05:00:00,1.0
4207,2025-05-01 06:00:00,0.9
4208,2025-05-01 07:00:00,2.5
4209,2025-05-01 08:00:00,2.8
4210,2025-05-01 09:00:00,2.3
4211,2025-05-01 10:00:00,2.0
4212,2025-05-01 11:00:00,1.7
4213,2025-05-01 12:00:00,2.2
4214,2025-05-01 13:00:00,1.9
4215,2025-05-01 14:00:00,1.8
4216,2025-05-01 15:00:00,2.2
4217,2025-05-01 16:00:00,2.0
4218,2025-05-01 17:00:00,1.5
4219,2025-05-01 18:00:00,1.4
4220,2025-05-01 19:00:00,1.3
4221,2025-05-01 20:00:00,1.9
4222,2025-05-01 21:00:00,2.5
4223,2025-05-01 22:00:00,2.1
4224,2025-05-01 23:00:00,2.9
4225,2025-05-02 00:00:00,3.0
4226,2025-05-02 01:00:00,2.8
4227,2025-05-02 02:00:00,2.8
4228,2025-05-02 03:00:00,2.9
4229,2025-05-02 04:00:00,1.7
4230,2025-05-02 05:00:00,1.6
4231,2025-05-02 06:00:00,1.2
4232,2025-05-02 07:00:00,1.0
4233,2025-05-02 08:00:00,2.9
4234,2025-05-02 09:00:00,3.8
4235,2025-05-02 10:00:00,4.0
4236,2025-05-02 11:00:00,4.5
4237,2025-05-02 12:00:00,4.6
4238,2025-05-02 13:00:00,5.5
4239,2025-05-02 14:00:00,7.0
4240,2025-05-02 15:00:00,5.5
4241,2025-05-02 16:00:00,5.4
4242,2025-05-02 17:00:00,4.6
4243,2025-05-02 18:00:00,5.3
4244,2025-05-02 19:00:00,2.3
4245,2025-05-02 20:00:00,1.2
4246,2025-05-02 21:00:00,1.4
4247,2025-05-02 22:00:00,1.5
4248,2025-05-02 23:00:00,1.3
4249,2025-05-03 00:00:00,1.7
4250,2025-05-03 01:00:00,1.8
4251,2025-05-03 02:00:00,1.9
4252,2025-05-03 03:00:00,2.2
4253,2025-05-03 04:00:00,1.7
4254,2025-05-03 05:00:00,1.4
4255,2025-05-03 06:00:00,1.4
4256,2025-05-03 07:00:00,2.1
4257,2025-05-03 08:00:00,2.2
4258,2025-05-03 09:00:00,2.5
4259,2025-05-03 10:00:00,2.5
4260,2025-05-03 11:00:00,2.4
4261,2025-05-03 12:00:00,2.2
4262,2025-05-03 13:00:00,3.3
4263,2025-05-03 14:00:00,2.4
4264,2025-05-03 15:00:00,2.4
4265,2025-05-03 16:00:00,1.5
4266,2025-05-03 17:00:00,1.5
4267,2025-05-03 18:00:00,1.7
4268,2025-05-03 19:00:00,1.3
4269,2025-05-03 20:00:00,1.2
4270,2025-05-03 21:00:00,2.4
4271,2025-05-03 22:00:00,4.5
4272,2025-05-03 23:00:00,4.2
4273,2025-05-04 00:00:00,4.3
4274,2025-05-04 01:00:00,4.3
4275,2025-05-04 02:00:00,4.8
4276,2025-05-04 03:00:00,5.4
4277,2025-05-04 04:00:00,4.4
4278,2025-05-04 05:00:00,4.7
4279,2025-05-04 06:00:00,5.2
4280,2025-05-04 07:00:00,5.4
4281,2025-05-04 08:00:00,5.6
4282,2025-05-04 09:00:00,6.4
4283,2025-05-04 10:00:00,6.5
4284,2025-05-04 11:00:00,6.4
4285,2025-05-04 12:00:00,6.3
4286,2025-05-04 13:00:00,6.4
4287,2025-05-04 14:00:00,5.7
4288,2025-05-04 15:00:00,4.9
4289,2025-05-04 16:00:00,3.9
4290,2025-05-04 17:00:00,3.7
4291,2025-05-04 18:00:00,3.0
4292,2025-05-04 19:00:00,1.3
4293,2025-05-04 20:00:00,1.0
4294,2025-05-04 21:00:00,1.7
4295,2025-05-04 22:00:00,1.5
4296,2025-05-04 23:00:00,0.9
4297,2025-05-05 00:00:00,1.5
4298,2025-05-05 01:00:00,1.8
4299,2025-05-05 02:00:00,2.0
4300,2025-05-05 03:00:00,2.1
4301,2025-05-05 04:00:00,1.8
4302,2025-05-05 05:00:00,1.2
4303,2025-05-05 06:00:00,1.3
4304,2025-05-05 07:00:00,3.2
4305,2025-05-05 08:00:00,3.3
4306,2025-05-05 09:00:00,3.1
4307,2025-05-05 10:00:00,2.7
4308,2025-05-05 11:00:00,3.4
4309,2025-05-05 12:00:00,3.5
4310,2025-05-05 13:00:00,2.9
4311,2025-05-05 14:00:00,2.7
4312,2025-05-05 15:00:00,2.5
4313,2025-05-05 16:00:00,2.7
4314,2025-05-05 17:00:00,1.8
4315,2025-05-05 18:00:00,2.0
4316,2025-05-05 19:00:00,1.3
4317,2025-05-05 20:00:00,0.9
4318,2025-05-05 21:00:00,0.7
4319,2025-05-05 22:00:00,0.6
4320,2025-05-05 23:00:00,0.9
4321,2025-05-06 00:00:00,1.3
4322,2025-05-06 01:00:00,1.0
4323,2025-05-06 02:00:00,0.8
4324,2025-05-06 03:00:00,0.8
4325,2025-05-06 04:00:00,0.7
4326,2025-05-06 05:00:00,0.9
4327,2025-05-06 06:00:00,1.4
4328,2025-05-06 07:00:00,1.5
4329,2025-05-06 08:00:00,1.7
4330,2025-05-06 09:00:00,2.7
4331,2025-05-06 10:00:00,2.7
4332,2025-05-06 11:00:00,2.3
4333,2025-05-06 12:00:00,2.7
4334,2025-05-06 13:00:00,2.7
4335,2025-05-06 14:00:00,3.1
4336,2025-05-06 15:00:00,2.7
4337,2025-05-06 16:00:00,2.9
4338,2025-05-06 17:00:00,3.1
4339,2025-05-06 18:00:00,2.7
4340,2025-05-06 19:00:00,1.5
4341,2025-05-06 20:00:00,1.2
4342,2025-05-06 21:00:00,1.1
4343,2025-05-06 22:00:00,0.7
4344,2025-05-06 23:00:00,1.0
4345,2025-05-07 00:00:00,1.0
4346,2025-05-07 01:00:00,1.1
4347,2025-05-07 02:00:00,0.7
4348,2025-05-07 03:00:00,1.0
4349,2025-05-07 04:00:00,0.8
4350,2025-05-07 05:00:00,1.0
4351,2025-05-07 06:00:00,0.9
4352,2025-05-07 07:00:00,2.1
4353,2025-05-07 08:00:00,2.2
4354,2025-05-07 09:00:00,3.0
4355,2025-05-07 10:00:00,3.7
4356,2025-05-07 11:00:00,4.1
4357,2025-05-07 12:00:00,3.7
4358,2025-05-07 13:00:00,3.9
4359,2025-05-07 14:00:00,3.5
4360,2025-05-07 15:00:00,3.5
4361,2025-05-07 16:00:00,3.6
4362,2025-05-07 17:00:00,3.2
4363,2025-05-07 18:00:00,2.6
4364,2025-05-07 19:00:00,1.8
4365,2025-05-07 20:00:00,1.7
4366,2025-05-07 21:00:00,1.8
4367,2025-05-07 22:00:00,1.4
4368,2025-05-07 23:00:00,0.9
4369,2025-05-08 00:00:00,0.8
4370,2025-05-08 01:00:00,0.9
4371,2025-05-08 02:00:00,0.7
4372,2025-05-08 03:00:00,0.7
4373,2025-05-08 04:00:00,0.7
4374,2025-05-08 05:00:00,0.3
4375,2025-05-08 06:00:00,0.5
4376,2025-05-08 07:00:00,1.6
4377,2025-05-08 08:00:00,2.2
4378,2025-05-08 09:00:00,2.6
4379,2025-05-08 10:00:00,3.2
4380,2025-05-08 11:00:00,2.2
4381,2025-05-08 12:00:00,2.6
4382,2025-05-08 13:00:00,1.8
4383,2025-05-08 14:00:00,2.4
4384,2025-05-08 15:00:00,2.4
4385,2025-05-08 16:00:00,1.9
4386,2025-05-08 17:00:00,1.7
4387,2025-05-08 18:00:00,0.9
4388,2025-05-08 19:00:00,1.0
4389,2025-05-08 20:00:00,0.5
4390,2025-05-08 21:00:00,0.4
4391,2025-05-08 22:00:00,0.3
4392,2025-05-08 23:00:00,0.3
4393,2025-05-09 00:00:00,0.5
4394,2025-05-09 01:00:00,0.8
4395,2025-05-09 02:00:00,0.9
4396,2025-05-09 03:00:00,1.1
4397,2025-05-09 04:00:00,1.0
4398,2025-05-09 05:00:00,1.2
4399,2025-05-09 06:00:00,0.5
4400,2025-05-09 07:00:00,0.6
4401,2025-05-09 08:00:00,1.4
4402,2025-05-09 09:00:00,2.3
4403,2025-05-09 10:00:00,2.1
4404,2025-05-09 11:00:00,2.1
4405,2025-05-09 12:00:00,1.7
4406,2025-05-09 13:00:00,2.0
4407,2025-05-09 14:00:00,2.2
4408,2025-05-09 15:00:00,2.0
4409,2025-05-09 16:00:00,2.0
4410,2025-05-09 17:00:00,1.7
4411,2025-05-09 18:00:00,1.6
4412,2025-05-09 19:00:00,1.6
4413,2025-05-09 20:00:00,1.8
4414,2025-05-09 21:00:00,0.9
4415,2025-05-09 22:00:00,0.9
4416,2025-05-09 23:00:00,1.7
4417,2025-05-10 00:00:00,2.6
4418,2025-05-10 01:00:00,2.6
4419,2025-05-10 02:00:00,2.4
4420,2025-05-10 03:00:00,2.1
4421,2025-05-10 04:00:00,2.1
4422,2025-05-10 05:00:00,1.9
4423,2025-05-10 06:00:00,1.9
4424,2025-05-10 07:00:00,2.1
4425,2025-05-10 08:00:00,2.4
4426,2025-05-10 09:00:00,2.8
4427,2025-05-10 10:00:00,2.8
4428,2025-05-10 11:00:00,3.5
4429,2025-05-10 12:00:00,2.9
4430,2025-05-10 13:00:00,2.6
4431,2025-05-10 14:00:00,2.7
4432,2025-05-10 15:00:00,2.4
4433,2025-05-10 16:00:00,2.0
4434,2025-05-10 17:00:00,2.4
4435,2025-05-10 18:00:00,1.7
4436,2025-05-10 19:00:00,1.8
4437,2025-05-10 20:00:00,1.9
4438,2025-05-10 21:00:00,1.7
4439,2025-05-10 22:00:00,1.4
4440,2025-05-10 23:00:00,1.1
4441,2025-05-11 00:00:00,1.3
4442,2025-05-11 01:00:00,0.8
4443,2025-05-11 02:00:00,0.6
4444,2025-05-11 03:00:00,0.6
4445,2025-05-11 04:00:00,0.7
4446,2025-05-11 05:00:00,0.6
4447,2025-05-11 06:00:00,1.2
4448,2025-05-11 07:00:00,2.1
4449,2025-05-11 08:00:00,2.6
4450,2025-05-11 09:00:00,2.0
4451,2025-05-11 10:00:00,3.2
4452,2025-05-11 11:00:00,2.5
4453,2025-05-11 12:00:00,2.5
4454,2025-05-11 13:00:00,2.3
4455,2025-05-11 14:00:00,2.5
4456,2025-05-11 15:00:00,2.7
4457,2025-05-11 16:00:00,2.5
4458,2025-05-11 17:00:00,2.0
4459,2025-05-11 18:00:00,2.0
4460,2025-05-11 19:00:00,2.0
4461,2025-05-11 20:00:00,1.7
4462,2025-05-11 21:00:00,2.1
4463,2025-05-11 22:00:00,1.7
4464,2025-05-11 23:00:00,2.1
4465,2025-05-12 00:00:00,1.1
4466,2025-05-12 01:00:00,0.7
4467,2025-05-12 02:00:00,0.6
4468,2025-05-12 03:00:00,0.4
4469,2025-05-12 04:00:00,0.4
4470,2025-05-12 05:00:00,0.4
4471,2025-05-12 06:00:00,1.3
4472,2025-05-12 07:00:00,2.5
4473,2025-05-12 08:00:00,2.8
4474,2025-05-12 09:00:00,2.8
4475,2025-05-12 10:00:00,2.9
4476,2025-05-12 11:00:00,3.3
4477,2025-05-12 12:00:00,3.1
4478,2025-05-12 13:00:00,2.9
4479,2025-05-12 14:00:00,3.3
4480,2025-05-12 15:00:00,3.6
4481,2025-05-12 16:00:00,3.2
4482,2025-05-12 17:00:00,3.2
4483,2025-05-12 18:00:00,2.5
4484,2025-05-12 19:00:00,1.8
4485,2025-05-12 20:00:00,2.3
4486,2025-05-12 21:00:00,1.6
4487,2025-05-12 22:00:00,1.8
4488,2025-05-12 23:00:00,2.2
4489,2025-05-13 00:00:00,2.0
4490,2025-05-13 01:00:00,1.2
4491,2025-05-13 02:00:00,1.1
4492,2025-05-13 03:00:00,1.3
4493,2025-05-13 04:00:00,1.2
4494,2025-05-13 05:00:00,0.9
4495,2025-05-13 06:00:00,1.2
4496,2025-05-13 07:00:00,1.3
4497,2025-05-13 08:00:00,1.6
4498,2025-05-13 09:00:00,3.0
4499,2025-05-13 10:00:00,2.7
4500,2025-05-13 11:00:00,2.7
4501,2025-05-13 12:00:00,2.3
4502,2025-05-13 13:00:00,2.4
4503,2025-05-13 14:00:00,2.2
4504,2025-05-13 15:00:00,2.1
4505,2025-05-13 16:00:00,1.8
4506,2025-05-13 17:00:00,1.4
4507,2025-05-13 18:00:00,1.4
4508,2025-05-13 19:00:00,1.2
4509,2025-05-13 20:00:00,0.7
4510,2025-05-13 21:00:00,0.6
4511,2025-05-13 22:00:00,0.4
4512,2025-05-13 23:00:00,0.5
4513,2025-05-14 00:00:00,0.5
4514,2025-05-14 01:00:00,0.9
4515,2025-05-14 02:00:00,1.0
4516,2025-05-14 03:00:00,1.0
4517,2025-05-14 04:00:00,1.4
4518,2025-05-14 05:00:00,1.3
4519,2025-05-14 06:00:00,1.5
4520,2025-05-14 07:00:00,3.0
4521,2025-05-14 08:00:00,2.8
4522,2025-05-14 09:00:00,4.6
4523,2025-05-14 10:00:00,6.1
4524,2025-05-14 11:00:00,4.6
4525,2025-05-14 12:00:00,4.4
4526,2025-05-14 13:00:00,4.7
4527,2025-05-14 14:00:00,5.8
4528,2025-05-14 15:00:00,4.5
4529,2025-05-14 16:00:00,4.4
4530,2025-05-14 17:00:00,3.9
4531,2025-05-14 18:00:00,3.6
4532,2025-05-14 19:00:00,3.2
4533,2025-05-14 20:00:00,3.0
4534,2025-05-14 21:00:00,2.9
4535,2025-05-14 22:00:00,2.7
4536,2025-05-14 23:00:00,3.0
4537,2025-05-15 00:00:00,3.3
4538,2025-05-15 01:00:00,3.5
4539,2025-05-15 02:00:00,2.4
4540,2025-05-15 03:00:00,2.3
4541,2025-05-15 04:00:00,2.3
4542,2025-05-15 05:00:00,1.2
4543,2025-05-15 06:00:00,1.7
4544,2025-05-15 07:00:00,2.0
4545,2025-05-15 08:00:00,2.7
4546,2025-05-15 09:00:00,3.3
4547,2025-05-15 10:00:00,3.6
4548,2025-05-15 11:00:00,4.1
4549,2025-05-15 12:00:00,4.4
4550,2025-05-15 13:00:00,3.8
4551,2025-05-15 14:00:00,3.1
4552,2025-05-15 15:00:00,2.9
4553,2025-05-15 16:00:00,2.8
4554,2025-05-15 17:00:00,2.6
4555,2025-05-15 18:00:00,2.4
4556,2025-05-15 19:00:00,2.0
4557,2025-05-15 20:00:00,1.1
4558,2025-05-15 21:00:00,1.0
4559,2025-05-15 22:00:00,0.7
4560,2025-05-15 23:00:00,1.1
4561,2025-05-16 00:00:00,1.9
4562,2025-05-16 01:00:00,2.3
4563,2025-05-16 02:00:00,2.8
4564,2025-05-16 03:00:00,3.2
4565,2025-05-16 04:00:00,3.3
4566,2025-05-16 05:00:00,4.0
4567,2025-05-16 06:00:00,3.8
4568,2025-05-16 07:00:00,3.1
4569,2025-05-16 08:00:00,4.5
4570,2025-05-16 09:00:00,4.4
4571,2025-05-16 10:00:00,2.2
4572,2025-05-16 11:00:00,5.8
4573,2025-05-16 12:00:00,6.0
4574,2025-05-16 13:00:00,5.1
4575,2025-05-16 14:00:00,3.7
4576,2025-05-16 15:00:00,4.4
4577,2025-05-16 16:00:00,3.9
4578,2025-05-16 17:00:00,2.3
4579,2025-05-16 18:00:00,2.3
4580,2025-05-16 19:00:00,1.8
4581,2025-05-16 20:00:00,1.9
4582,2025-05-16 21:00:00,0.9
4583,2025-05-16 22:00:00,1.4
4584,2025-05-16 23:00:00,1.4
4585,2025-05-17 00:00:00,2.6
4586,2025-05-17 01:00:00,3.6
4587,2025-05-17 02:00:00,2.6
4588,2025-05-17 03:00:00,2.8
4589,2025-05-17 04:00:00,3.3
4590,2025-05-17 05:00:00,2.7
4591,2025-05-17 06:00:00,4.0
4592,2025-05-17 07:00:00,4.5
4593,2025-05-17 08:00:00,5.6
4594,2025-05-17 09:00:00,6.0
4595,2025-05-17 10:00:00,5.2
4596,2025-05-17 11:00:00,5.3
4597,2025-05-17 12:00:00,5.0
4598,2025-05-17 13:00:00,5.5
4599,2025-05-17 14:00:00,3.0
4600,2025-05-17 15:00:00,1.7
4601,2025-05-17 16:00:00,1.1
4602,2025-05-17 17:00:00,0.9
4603,2025-05-17 18:00:00,1.2
4604,2025-05-17 19:00:00,1.8
4605,2025-05-17 20:00:00,2.1
4606,2025-05-17 21:00:00,2.5
4607,2025-05-17 22:00:00,2.0
4608,2025-05-17 23:00:00,2.4
4609,2025-05-18 00:00:00,2.3
4610,2025-05-18 01:00:00,2.2
4611,2025-05-18 02:00:00,2.3
4612,2025-05-18 03:00:00,2.9
4613,2025-05-18 04:00:00,2.8
4614,2025-05-18 05:00:00,2.5
4615,2025-05-18 06:00:00,2.3
4616,2025-05-18 07:00:00,3.3
4617,2025-05-18 08:00:00,4.3
4618,2025-05-18 09:00:00,3.8
4619,2025-05-18 10:00:00,5.5
4620,2025-05-18 11:00:00,6.6
4621,2025-05-18 12:00:00,5.3
4622,2025-05-18 13:00:00,4.2
4623,2025-05-18 14:00:00,3.3
4624,2025-05-18 15:00:00,2.5
4625,2025-05-18 16:00:00,1.0
4626,2025-05-18 17:00:00,2.0
4627,2025-05-18 18:00:00,1.5
4628,2025-05-18 19:00:00,1.1
4629,2025-05-18 20:00:00,2.0
4630,2025-05-18 21:00:00,2.7
4631,2025-05-18 22:00:00,2.5
4632,2025-05-18 23:00:00,2.7
4633,2025-05-19 00:00:00,2.7
4634,2025-05-19 01:00:00,3.5
4635,2025-05-19 02:00:00,2.7
4636,2025-05-19 03:00:00,2.5
4637,2025-05-19 04:00:00,2.6
4638,2025-05-19 05:00:00,3.1
4639,2025-05-19 06:00:00,3.1
4640,2025-05-19 07:00:00,2.8
4641,2025-05-19 08:00:00,3.1
4642,2025-05-19 09:00:00,3.8
4643,2025-05-19 10:00:00,3.8
4644,2025-05-19 11:00:00,2.9
4645,2025-05-19 12:00:00,3.2
4646,2025-05-19 13:00:00,2.8
4647,2025-05-19 14:00:00,2.6
4648,2025-05-19 15:00:00,3.4
4649,2025-05-19 16:00:00,3.1
4650,2025-05-19 17:00:00,2.1
4651,2025-05-19 18:00:00,1.6
4652,2025-05-19 19:00:00,1.8
4653,2025-05-19 20:00:00,1.5
4654,2025-05-19 21:00:00,1.5
4655,2025-05-19 22:00:00,1.8
4656,2025-05-19 23:00:00,1.3
4657,2025-05-20 00:00:00,1.3
4658,2025-05-20 01:00:00,1.0
4659,2025-05-20 02:00:00,0.9
4660,2025-05-20 03:00:00,0.9
4661,2025-05-20 04:00:00,1.3
4662,2025-05-20 05:00:00,1.8
4663,2025-05-20 06:00:00,2.0
4664,2025-05-20 07:00:00,2.4
4665,2025-05-20 08:00:00,2.3
4666,2025-05-20 09:00:00,2.0
4667,2025-05-20 10:00:00,1.7
4668,2025-05-20 11:00:00,2.0
4669,2025-05-20 12:00:00,2.5
4670,2025-05-20 13:00:00,2.3
4671,2025-05-20 14:00:00,2.4
4672,2025-05-20 15:00:00,2.8
4673,2025-05-20 16:00:00,1.7
4674,2025-05-20 17:00:00,1.1
4675,2025-05-20 18:00:00,1.4
4676,2025-05-20 19:00:00,3.0
4677,2025-05-20 20:00:00,2.0
4678,2025-05-20 21:00:00,2.6
4679,2025-05-20 22:00:00,2.9
4680,2025-05-20 23:00:00,2.2
4681,2025-05-21 00:00:00,1.9
4682,2025-05-21 01:00:00,1.9
4683,2025-05-21 02:00:00,2.3
4684,2025-05-21 03:00:00,2.5
4685,2025-05-21 04:00:00,3.1
4686,2025-05-21 05:00:00,3.0
4687,2025-05-21 06:00:00,2.9
4688,2025-05-21 07:00:00,2.9
4689,2025-05-21 08:00:00,4.8
4690,2025-05-21 09:00:00,5.5
4691,2025-05-21 10:00:00,5.8
4692,2025-05-21 11:00:00,6.3
4693,2025-05-21 12:00:00,6.7
4694,2025-05-21 13:00:00,7.1
4695,2025-05-21 14:00:00,6.9
4696,2025-05-21 15:00:00,7.8
4697,2025-05-21 16:00:00,6.5
4698,2025-05-21 17:00:00,5.8
4699,2025-05-21 18:00:00,4.4
4700,2025-05-21 19:00:00,4.3
4701,2025-05-21 20:00:00,2.9
4702,2025-05-21 21:00:00,2.0
4703,2025-05-21 22:00:00,2.1
4704,2025-05-21 23:00:00,2.6
4705,2025-05-22 00:00:00,2.2
4706,2025-05-22 01:00:00,2.1
4707,2025-05-22 02:00:00,2.8
4708,2025-05-22 03:00:00,3.1
4709,2025-05-22 04:00:00,3.6
4710,2025-05-22 05:00:00,3.5
4711,2025-05-22 06:00:00,4.4
4712,2025-05-22 07:00:00,4.9
4713,2025-05-22 08:00:00,4.9
4714,2025-05-22 09:00:00,5.5
4715,2025-05-22 10:00:00,5.5
4716,2025-05-22 11:00:00,5.5
4717,2025-05-22 12:00:00,7.0
4718,2025-05-22 13:00:00,6.9
4719,2025-05-22 14:00:00,6.6
4720,2025-05-22 15:00:00,7.0
4721,2025-05-22 16:00:00,7.0
4722,2025-05-22 17:00:00,7.5
4723,2025-05-22 18:00:00,6.8
4724,2025-05-22 19:00:00,7.1
4725,2025-05-22 20:00:00,5.9
4726,2025-05-22 21:00:00,4.4
4727,2025-05-22 22:00:00,3.3
4728,2025-05-22 23:00:00,2.3
4729,2025-05-23 00:00:00,1.7
4730,2025-05-23 01:00:00,2.1
4731,2025-05-23 02:00:00,2.6
4732,2025-05-23 03:00:00,1.8
4733,2025-05-23 04:00:00,2.2
4734,2025-05-23 05:00:00,2.7
4735,2025-05-23 06:00:00,4.0
4736,2025-05-23 07:00:00,5.9
4737,2025-05-23 08:00:00,6.3
4738,2025-05-23 09:00:00,6.0
4739,2025-05-23 10:00:00,5.8
4740,2025-05-23 11:00:00,5.6
4741,2025-05-23 12:00:00,3.6
4742,2025-05-23 13:00:00,3.1
4743,2025-05-23 14:00:00,2.4
4744,2025-05-23 15:00:00,2.8
4745,2025-05-23 16:00:00,3.2
4746,2025-05-23 17:00:00,3.8
4747,2025-05-23 18:00:00,1.1
4748,2025-05-23 19:00:00,1.4
4749,2025-05-23 20:00:00,1.1
4750,2025-05-23 21:00:00,1.1
4751,2025-05-23 22:00:00,1.4
4752,2025-05-23 23:00:00,2.5
4753,2025-05-24 00:00:00,2.0
4754,2025-05-24 01:00:00,2.1
4755,2025-05-24 02:00:00,2.7
4756,2025-05-24 03:00:00,2.2
4757,2025-05-24 04:00:00,2.3
4758,2025-05-24 05:00:00,2.9
4759,2025-05-24 06:00:00,3.6
4760,2025-05-24 07:00:00,4.2
4761,2025-05-24 08:00:00,4.2
4762,2025-05-24 09:00:00,3.3
4763,2025-05-24 10:00:00,3.1
4764,2025-05-24 11:00:00,4.0
4765,2025-05-24 12:00:00,3.6
4766,2025-05-24 13:00:00,4.9
4767,2025-05-24 14:00:00,4.2
4768,2025-05-24 15:00:00,2.6
4769,2025-05-24 16:00:00,3.6
4770,2025-05-24 17:00:00,3.0
4771,2025-05-24 18:00:00,2.6
4772,2025-05-24 19:00:00,2.5
4773,2025-05-24 20:00:00,2.0
4774,2025-05-24 21:00:00,2.3
4775,2025-05-24 22:00:00,2.4
4776,2025-05-24 23:00:00,1.4
4777,2025-05-25 00:00:00,2.1
4778,2025-05-25 01:00:00,1.6
4779,2025-05-25 02:00:00,2.4
4780,2025-05-25 03:00:00,2.2
4781,2025-05-25 04:00:00,3.1
4782,2025-05-25 05:00:00,3.2
4783,2025-05-25 06:00:00,4.1
4784,2025-05-25 07:00:00,5.3
4785,2025-05-25 08:00:00,5.6
4786,2025-05-25 09:00:00,5.1
4787,2025-05-25 10:00:00,4.2
4788,2025-05-25 11:00:00,3.9
4789,2025-05-25 12:00:00,4.1
4790,2025-05-25 13:00:00,4.4
4791,2025-05-25 14:00:00,3.9
4792,2025-05-25 15:00:00,3.9
4793,2025-05-25 16:00:00,2.9
4794,2025-05-25 17:00:00,3.1
4795,2025-05-25 18:00:00,2.4
4796,2025-05-25 19:00:00,2.6
4797,2025-05-25 20:00:00,2.0
4798,2025-05-25 21:00:00,2.1
4799,2025-05-25 22:00:00,1.6
4800,2025-05-25 23:00:00,1.9
4801,2025-05-26 00:00:00,2.3
4802,2025-05-26 01:00:00,1.8
4803,2025-05-26 02:00:00,1.8
4804,2025-05-26 03:00:00,1.6
4805,2025-05-26 04:00:00,2.5
4806,2025-05-26 05:00:00,3.1
4807,2025-05-26 06:00:00,3.3
4808,2025-05-26 07:00:00,2.4
4809,2025-05-26 08:00:00,2.7
4810,2025-05-26 09:00:00,3.4
4811,2025-05-26 10:00:00,3.2
4812,2025-05-26 11:00:00,3.6
4813,2025-05-26 12:00:00,3.6
4814,2025-05-26 13:00:00,3.0
4815,2025-05-26 14:00:00,2.3
4816,2025-05-26 15:00:00,2.7
4817,2025-05-26 16:00:00,2.7
4818,2025-05-26 17:00:00,3.5
4819,2025-05-26 18:00:00,2.8
4820,2025-05-26 19:00:00,2.3
4821,2025-05-26 20:00:00,0.8
4822,2025-05-26 21:00:00,1.0
4823,2025-05-26 22:00:00,0.9
4824,2025-05-26 23:00:00,1.2
4825,2025-05-27 00:00:00,0.5
4826,2025-05-27 01:00:00,0.4
4827,2025-05-27 02:00:00,1.1
4828,2025-05-27 03:00:00,0.8
4829,2025-05-27 04:00:00,0.7
4830,2025-05-27 05:00:00,1.1
4831,2025-05-27 06:00:00,1.1
4832,2025-05-27 07:00:00,2.3
4833,2025-05-27 08:00:00,3.2
4834,2025-05-27 09:00:00,4.2
4835,2025-05-27 10:00:00,5.1
4836,2025-05-27 11:00:00,6.1
4837,2025-05-27 12:00:00,5.9
4838,2025-05-27 13:00:00,5.7
4839,2025-05-27 14:00:00,5.4
4840,2025-05-27 15:00:00,5.1
4841,2025-05-27 16:00:00,4.4
4842,2025-05-27 17:00:00,6.2
4843,2025-05-27 18:00:00,4.5
4844,2025-05-27 19:00:00,3.1
4845,2025-05-27 20:00:00,2.8
4846,2025-05-27 21:00:00,3.0
4847,2025-05-27 22:00:00,3.7
4848,2025-05-27 23:00:00,4.2
4849,2025-05-28 00:00:00,4.0
4850,2025-05-28 01:00:00,3.9
4851,2025-05-28 02:00:00,3.0
4852,2025-05-28 03:00:00,3.9
4853,2025-05-28 04:00:00,4.2
4854,2025-05-28 05:00:00,4.0
4855,2025-05-28 06:00:00,4.9
4856,2025-05-28 07:00:00,5.0
4857,2025-05-28 08:00:00,4.0
4858,2025-05-28 09:00:00,4.0
4859,2025-05-28 10:00:00,4.1
4860,2025-05-28 11:00:00,4.9
4861,2025-05-28 12:00:00,6.0
4862,2025-05-28 13:00:00,6.4
4863,2025-05-28 14:00:00,3.6
4864,2025-05-28 15:00:00,1.9
4865,2025-05-28 16:00:00,3.6
4866,2025-05-28 17:00:00,3.2
4867,2025-05-28 18:00:00,3.5
4868,2025-05-28 19:00:00,2.8
4869,2025-05-28 20:00:00,3.8
4870,2025-05-28 21:00:00,3.6
4871,2025-05-28 22:00:00,2.4
4872,2025-05-28 23:00:00,2.2
4873,2025-05-29 00:00:00,3.1
4874,2025-05-29 01:00:00,3.5
4875,2025-05-29 02:00:00,3.4
4876,2025-05-29 03:00:00,2.9
4877,2025-05-29 04:00:00,2.9
4878,2025-05-29 05:00:00,3.1
4879,2025-05-29 06:00:00,3.8
4880,2025-05-29 07:00:00,4.0
4881,2025-05-29 08:00:00,3.7
4882,2025-05-29 09:00:00,5.1
4883,2025-05-29 10:00:00,5.0
4884,2025-05-29 11:00:00,4.9
4885,2025-05-29 12:00:00,5.3
4886,2025-05-29 13:00:00,5.0
4887,2025-05-29 14:00:00,5.3
4888,2025-05-29 15:00:00,5.6
4889,2025-05-29 16:00:00,4.6
4890,2025-05-29 17:00:00,5.4
4891,2025-05-29 18:00:00,4.1
4892,2025-05-29 19:00:00,3.6
4893,2025-05-29 20:00:00,2.2
4894,2025-05-29 21:00:00,2.2
4895,2025-05-29 22:00:00,2.3
4896,2025-05-29 23:00:00,4.2
4897,2025-05-30 00:00:00,2.9
4898,2025-05-30 01:00:00,3.1
4899,2025-05-30 02:00:00,2.9
4900,2025-05-30 03:00:00,2.7
4901,2025-05-30 04:00:00,3.7
4902,2025-05-30 05:00:00,3.7
4903,2025-05-30 06:00:00,3.6
4904,2025-05-30 07:00:00,4.3
4905,2025-05-30 08:00:00,4.9
4906,2025-05-30 09:00:00,4.3
4907,2025-05-30 10:00:00,4.2
4908,2025-05-30 11:00:00,4.3
4909,2025-05-30 12:00:00,4.7
4910,2025-05-30 13:00:00,5.2
4911,2025-05-30 14:00:00,5.5
4912,2025-05-30 15:00:00,6.0
4913,2025-05-30 16:00:00,5.2
4914,2025-05-30 17:00:00,5.7
4915,2025-05-30 18:00:00,5.6
4916,2025-05-30 19:00:00,2.9
4917,2025-05-30 20:00:00,2.1
4918,2025-05-30 21:00:00,1.1
4919,2025-05-30 22:00:00,0.9
4920,2025-05-30 23:00:00,0.6
4921,2025-05-31 00:00:00,0.3
4922,2025-05-31 01:00:00,0.3
4923,2025-05-31 02:00:00,0.7
4924,2025-05-31 03:00:00,1.2
4925,2025-05-31 04:00:00,1.1
4926,2025-05-31 05:00:00,0.8
4927,2025-05-31 06:00:00,1.1
4928,2025-05-31 07:00:00,1.2
4929,2025-05-31 08:00:00,0.8
4930,2025-05-31 09:00:00,1.4
4931,2025-05-31 10:00:00,2.1
4932,2025-05-31 11:00:00,2.0
4933,2025-05-31 12:00:00,2.7
4934,2025-05-31 13:00:00,2.3
4935,2025-05-31 14:00:00,1.8
4936,2025-05-31 15:00:00,2.0
4937,2025-05-31 16:00:00,1.7
4938,2025-05-31 17:00:00,1.4
4939,2025-05-31 18:00:00,1.3
4940,2025-05-31 19:00:00,0.8
4941,2025-05-31 20:00:00,1.1
4942,2025-05-31 21:00:00,1.1
4943,2025-05-31 22:00:00,2.0
4944,2025-05-31 23:00:00,2.3
4945,2025-06-01 00:00:00,2.3
4946,2025-06-01 01:00:00,2.6
4947,2025-06-01 02:00:00,1.9
4948,2025-06-01 03:00:00,2.0
4949,2025-06-01 04:00:00,1.9
4950,2025-06-01 05:00:00,2.6
4951,2025-06-01 06:00:00,1.5
4952,2025-06-01 07:00:00,0.7
4953,2025-06-01 08:00:00,3.2
4954,2025-06-01 09:00:00,4.3
4955,2025-06-01 10:00:00,2.6
4956,2025-06-01 11:00:00,2.6
4957,2025-06-01 12:00:00,2.6
4958,2025-06-01 13:00:00,3.4
4959,2025-06-01 14:00:00,4.0
4960,2025-06-01 15:00:00,4.8
4961,2025-06-01 16:00:00,6.2
4962,2025-06-01 17:00:00,6.2
4963,2025-06-01 18:00:00,4.7
4964,2025-06-01 19:00:00,3.9
4965,2025-06-01 20:00:00,3.1
4966,2025-06-01 21:00:00,3.0
4967,2025-06-01 22:00:00,3.1
4968,2025-06-01 23:00:00,3.5
4969,2025-06-02 00:00:00,3.5
4970,2025-06-02 01:00:00,2.6
4971,2025-06-02 02:00:00,2.4
4972,2025-06-02 03:00:00,2.0
4973,2025-06-02 04:00:00,1.2
4974,2025-06-02 05:00:00,1.2
4975,2025-06-02 06:00:00,0.9
4976,2025-06-02 07:00:00,0.6
4977,2025-06-02 08:00:00,1.4
4978,2025-06-02 09:00:00,1.2
4979,2025-06-02 10:00:00,1.9
4980,2025-06-02 11:00:00,2.1
4981,2025-06-02 12:00:00,2.2
4982,2025-06-02 13:00:00,4.8
4983,2025-06-02 14:00:00,3.4
4984,2025-06-02 15:00:00,3.1
4985,2025-06-02 16:00:00,4.4
4986,2025-06-02 17:00:00,4.0
4987,2025-06-02 18:00:00,3.4
4988,2025-06-02 19:00:00,1.9
4989,2025-06-02 20:00:00,1.6
4990,2025-06-02 21:00:00,1.5
4991,2025-06-02 22:00:00,0.9
4992,2025-06-02 23:00:00,1.7
4993,2025-06-03 00:00:00,2.2
4994,2025-06-03 01:00:00,1.7
4995,2025-06-03 02:00:00,1.6
4996,2025-06-03 03:00:00,1.7
4997,2025-06-03 04:00:00,1.4
4998,2025-06-03 05:00:00,1.4
4999,2025-06-03 06:00:00,0.6
5000,2025-06-03 07:00:00,1.2
5001,2025-06-03 08:00:00,1.7
5002,2025-06-03 09:00:00,1.9
5003,2025-06-03 10:00:00,1.4
5004,2025-06-03 11:00:00,2.7
5005,2025-06-03 12:00:00,3.8
5006,2025-06-03 13:00:00,3.9
5007,2025-06-03 14:00:00,4.6
5008,2025-06-03 15:00:00,4.5
5009,2025-06-03 16:00:00,4.0
5010,2025-06-03 17:00:00,3.9
5011,2025-06-03 18:00:00,3.7
5012,2025-06-03 19:00:00,2.4
5013,2025-06-03 20:00:00,1.4
5014,2025-06-03 21:00:00,1.3
5015,2025-06-03 22:00:00,1.4
5016,2025-06-03 23:00:00,1.4
5017,2025-06-04 00:00:00,1.3
5018,2025-06-04 01:00:00,2.6
5019,2025-06-04 02:00:00,1.6
5020,2025-06-04 03:00:00,1.4
5021,2025-06-04 04:00:00,1.4
5022,2025-06-04 05:00:00,1.3
5023,2025-06-04 06:00:00,2.1
5024,2025-06-04 07:00:00,4.6
5025,2025-06-04 08:00:00,4.4
5026,2025-06-04 09:00:00,3.8
5027,2025-06-04 10:00:00,4.0
5028,2025-06-04 11:00:00,4.4
5029,2025-06-04 12:00:00,5.1
5030,2025-06-04 13:00:00,5.7
5031,2025-06-04 14:00:00,6.6
5032,2025-06-04 15:00:00,5.6
5033,2025-06-04 16:00:00,5.4
5034,2025-06-04 17:00:00,4.1
5035,2025-06-04 18:00:00,1.7
5036,2025-06-04 19:00:00,1.9
5037,2025-06-04 20:00:00,1.7
5038,2025-06-04 21:00:00,1.9
5039,2025-06-04 22:00:00,2.3
5040,2025-06-04 23:00:00,1.1
5041,2025-06-05 00:00:00,2.5
5042,2025-06-05 01:00:00,2.1
5043,2025-06-05 02:00:00,1.8
5044,2025-06-05 03:00:00,2.5
5045,2025-06-05 04:00:00,2.6
5046,2025-06-05 05:00:00,2.5
5047,2025-06-05 06:00:00,2.5
5048,2025-06-05 07:00:00,2.5
5049,2025-06-05 08:00:00,2.7
5050,2025-06-05 09:00:00,4.4
5051,2025-06-05 10:00:00,5.3
5052,2025-06-05 11:00:00,6.7
5053,2025-06-05 12:00:00,5.4
5054,2025-06-05 13:00:00,4.8
5055,2025-06-05 14:00:00,4.7
5056,2025-06-05 15:00:00,7.6
5057,2025-06-05 16:00:00,7.4
5058,2025-06-05 17:00:00,6.1
5059,2025-06-05 18:00:00,4.7
5060,2025-06-05 19:00:00,4.5
5061,2025-06-05 20:00:00,3.9
5062,2025-06-05 21:00:00,3.4
5063,2025-06-05 22:00:00,3.0
5064,2025-06-05 23:00:00,1.8
5065,2025-06-06 00:00:00,1.8
5066,2025-06-06 01:00:00,2.5
5067,2025-06-06 02:00:00,3.6
5068,2025-06-06 03:00:00,3.7
5069,2025-06-06 04:00:00,3.8
5070,2025-06-06 05:00:00,4.8
5071,2025-06-06 06:00:00,4.7
5072,2025-06-06 07:00:00,6.1
5073,2025-06-06 08:00:00,8.2
5074,2025-06-06 09:00:00,7.1
5075,2025-06-06 10:00:00,6.7
5076,2025-06-06 11:00:00,5.8
5077,2025-06-06 12:00:00,4.9
5078,2025-06-06 13:00:00,6.5
5079,2025-06-06 14:00:00,7.6
5080,2025-06-06 15:00:00,6.6
5081,2025-06-06 16:00:00,7.0
5082,2025-06-06 17:00:00,5.6
5083,2025-06-06 18:00:00,4.8
5084,2025-06-06 19:00:00,3.4
5085,2025-06-06 20:00:00,1.7
5086,2025-06-06 21:00:00,1.6
5087,2025-06-06 22:00:00,1.5
5088,2025-06-06 23:00:00,2.1
5089,2025-06-07 00:00:00,2.0
5090,2025-06-07 01:00:00,2.5
5091,2025-06-07 02:00:00,2.4
5092,2025-06-07 03:00:00,2.5
5093,2025-06-07 04:00:00,2.5
5094,2025-06-07 05:00:00,4.0
5095,2025-06-07 06:00:00,4.1
5096,2025-06-07 07:00:00,4.5
5097,2025-06-07 08:00:00,4.3
5098,2025-06-07 09:00:00,4.3
5099,2025-06-07 10:00:00,4.6
5100,2025-06-07 11:00:00,5.4
5101,2025-06-07 12:00:00,3.5
5102,2025-06-07 13:00:00,3.0
5103,2025-06-07 14:00:00,3.5
5104,2025-06-07 15:00:00,3.3
5105,2025-06-07 16:00:00,2.9
5106,2025-06-07 17:00:00,3.6
5107,2025-06-07 18:00:00,3.8
5108,2025-06-07 19:00:00,3.0
5109,2025-06-07 20:00:00,2.2
5110,2025-06-07 21:00:00,1.7
5111,2025-06-07 22:00:00,2.2
5112,2025-06-07 23:00:00,1.9
5113,2025-06-08 00:00:00,1.8
5114,2025-06-08 01:00:00,2.6
5115,2025-06-08 02:00:00,3.2
5116,2025-06-08 03:00:00,2.5
5117,2025-06-08 04:00:00,2.3
5118,2025-06-08 05:00:00,3.5
5119,2025-06-08 06:00:00,4.3
5120,2025-06-08 07:00:00,5.4
5121,2025-06-08 08:00:00,6.3
5122,2025-06-08 09:00:00,5.9
5123,2025-06-08 10:00:00,5.9
5124,2025-06-08 11:00:00,7.1
5125,2025-06-08 12:00:00,6.4
5126,2025-06-08 13:00:00,7.2
5127,2025-06-08 14:00:00,9.2
5128,2025-06-08 15:00:00,9.7
5129,2025-06-08 16:00:00,8.9
5130,2025-06-08 17:00:00,8.8
5131,2025-06-08 18:00:00,7.5
5132,2025-06-08 19:00:00,6.6
5133,2025-06-08 20:00:00,5.6
5134,2025-06-08 21:00:00,4.8
5135,2025-06-08 22:00:00,6.3
5136,2025-06-08 23:00:00,4.6
5137,2025-06-09 00:00:00,5.0
5138,2025-06-09 01:00:00,4.5
5139,2025-06-09 02:00:00,4.2
5140,2025-06-09 03:00:00,4.6
5141,2025-06-09 04:00:00,5.7
5142,2025-06-09 05:00:00,5.3
5143,2025-06-09 06:00:00,4.9
5144,2025-06-09 07:00:00,6.5
5145,2025-06-09 08:00:00,6.3
5146,2025-06-09 09:00:00,5.9
5147,2025-06-09 10:00:00,6.3
5148,2025-06-09 11:00:00,5.9
5149,2025-06-09 12:00:00,5.6
5150,2025-06-09 13:00:00,6.1
5151,2025-06-09 14:00:00,6.2
5152,2025-06-09 15:00:00,6.7
5153,2025-06-09 16:00:00,5.3
5154,2025-06-09 17:00:00,4.4
5155,2025-06-09 18:00:00,3.9
5156,2025-06-09 19:00:00,2.3
5157,2025-06-09 20:00:00,1.6
5158,2025-06-09 21:00:00,1.3
5159,2025-06-09 22:00:00,0.9
5160,2025-06-09 23:00:00,1.4
5161,2025-06-10 00:00:00,1.2
5162,2025-06-10 01:00:00,2.0
5163,2025-06-10 02:00:00,2.4
5164,2025-06-10 03:00:00,2.3
5165,2025-06-10 04:00:00,1.9
5166,2025-06-10 05:00:00,1.0
5167,2025-06-10 06:00:00,1.3
5168,2025-06-10 07:00:00,1.8
5169,2025-06-10 08:00:00,3.6
5170,2025-06-10 09:00:00,3.8
5171,2025-06-10 10:00:00,4.8
5172,2025-06-10 11:00:00,4.7
5173,2025-06-10 12:00:00,5.6
5174,2025-06-10 13:00:00,6.6
5175,2025-06-10 14:00:00,4.6
5176,2025-06-10 15:00:00,3.4
5177,2025-06-10 16:00:00,4.1
5178,2025-06-10 17:00:00,3.6
5179,2025-06-10 18:00:00,3.3
5180,2025-06-10 19:00:00,2.4
5181,2025-06-10 20:00:00,3.3
5182,2025-06-10 21:00:00,3.4
5183,2025-06-10 22:00:00,3.8
5184,2025-06-10 23:00:00,4.0
5185,2025-06-11 00:00:00,5.1
5186,2025-06-11 01:00:00,5.4
5187,2025-06-11 02:00:00,5.8
5188,2025-06-11 03:00:00,5.4
5189,2025-06-11 04:00:00,4.0
5190,2025-06-11 05:00:00,4.6
5191,2025-06-11 06:00:00,4.9
5192,2025-06-11 07:00:00,5.2
5193,2025-06-11 08:00:00,4.2
5195,2025-06-11 11:00:00,4.0
5196,2025-06-11 12:00:00,4.0
5197,2025-06-11 13:00:00,3.6
5198,2025-06-11 14:00:00,3.4
5199,2025-06-11 15:00:00,4.0
5200,2025-06-11 16:00:00,3.0
5201,2025-06-11 17:00:00,2.6
5202,2025-06-11 18:00:00,2.5
5203,2025-06-11 19:00:00,1.8
5204,2025-06-11 20:00:00,1.3
5205,2025-06-11 21:00:00,0.8
5206,2025-06-11 22:00:00,0.7
5207,2025-06-11 23:00:00,0.8
5208,2025-06-12 00:00:00,0.7
5209,2025-06-12 01:00:00,0.6
5210,2025-06-12 02:00:00,0.5
5211,2025-06-12 03:00:00,0.3
5212,2025-06-12 04:00:00,0.3
5213,2025-06-12 05:00:00,0.3
5214,2025-06-12 06:00:00,0.5
5215,2025-06-12 07:00:00,1.6
5216,2025-06-12 08:00:00,2.1
5217,2025-06-12 09:00:00,1.7
5218,2025-06-12 10:00:00,1.8
5219,2025-06-12 11:00:00,2.0
5220,2025-06-12 12:00:00,1.9
5221,2025-06-12 13:00:00,2.1
5222,2025-06-12 14:00:00,2.3
5223,2025-06-12 15:00:00,2.4
5224,2025-06-12 16:00:00,2.3
5225,2025-06-12 17:00:00,2.6
5226,2025-06-12 18:00:00,2.6
5227,2025-06-12 19:00:00,2.6
5228,2025-06-12 20:00:00,2.6
5229,2025-06-12 21:00:00,2.2
5230,2025-06-12 22:00:00,2.3
5231,2025-06-12 23:00:00,2.3
5232,2025-06-13 00:00:00,2.0
5233,2025-06-13 01:00:00,1.5
5234,2025-06-13 02:00:00,1.6
5235,2025-06-13 03:00:00,1.5
5236,2025-06-13 04:00:00,1.3
5237,2025-06-13 05:00:00,1.2
5238,2025-06-13 06:00:00,3.3
5239,2025-06-13 07:00:00,4.6
5240,2025-06-13 08:00:00,4.0
5241,2025-06-13 09:00:00,4.5
5242,2025-06-13 10:00:00,4.0
5243,2025-06-13 11:00:00,3.7
5244,2025-06-13 12:00:00,4.2
5245,2025-06-13 13:00:00,3.8
5246,2025-06-13 14:00:00,4.2
5247,2025-06-13 15:00:00,4.3
5248,2025-06-13 16:00:00,4.6
5249,2025-06-13 17:00:00,4.2
5250,2025-06-13 18:00:00,3.7
5251,2025-06-13 19:00:00,3.5
5252,2025-06-13 20:00:00,2.3
5253,2025-06-13 21:00:00,2.0
5254,2025-06-13 22:00:00,2.1
5255,2025-06-13 23:00:00,2.9
5256,2025-06-14 00:00:00,2.8
5257,2025-06-14 01:00:00,3.1
5258,2025-06-14 02:00:00,3.0
5259,2025-06-14 03:00:00,2.8
5260,2025-06-14 04:00:00,2.4
5261,2025-06-14 05:00:00,2.8
5262,2025-06-14 06:00:00,3.2
5263,2025-06-14 07:00:00,3.9
5264,2025-06-14 08:00:00,5.3
5265,2025-06-14 09:00:00,5.1
5266,2025-06-14 10:00:00,5.3
5267,2025-06-14 11:00:00,5.5
5268,2025-06-14 12:00:00,5.2
5269,2025-06-14 13:00:00,4.7
5270,2025-06-14 14:00:00,4.4
5271,2025-06-14 15:00:00,4.3
5272,2025-06-14 16:00:00,3.9
5273,2025-06-14 17:00:00,4.0
5274,2025-06-14 18:00:00,3.7
5275,2025-06-14 19:00:00,3.3
5276,2025-06-14 20:00:00,2.4
5277,2025-06-14 21:00:00,2.6
5278,2025-06-14 22:00:00,2.7
5279,2025-06-14 23:00:00,2.7
5280,2025-06-15 00:00:00,2.5
5281,2025-06-15 01:00:00,3.1
5282,2025-06-15 02:00:00,2.3
5283,2025-06-15 03:00:00,2.4
5284,2025-06-15 04:00:00,2.6
5285,2025-06-15 05:00:00,1.8
5286,2025-06-15 06:00:00,2.4
5287,2025-06-15 07:00:00,2.6
5288,2025-06-15 08:00:00,2.1
5289,2025-06-15 09:00:00,1.4
5290,2025-06-15 10:00:00,1.8
5291,2025-06-15 11:00:00,1.5
5292,2025-06-15 12:00:00,2.0
5293,2025-06-15 13:00:00,3.7
5294,2025-06-15 14:00:00,3.8
5295,2025-06-15 15:00:00,2.9
5296,2025-06-15 16:00:00,2.9
5297,2025-06-15 17:00:00,4.7
5298,2025-06-15 18:00:00,4.6
5299,2025-06-15 19:00:00,3.8
5300,2025-06-15 20:00:00,4.2
5301,2025-06-15 21:00:00,3.1
5302,2025-06-15 22:00:00,2.5
5303,2025-06-15 23:00:00,3.3
5304,2025-06-16 00:00:00,4.5
5305,2025-06-16 01:00:00,3.2
5306,2025-06-16 02:00:00,2.9
5307,2025-06-16 03:00:00,3.1
5308,2025-06-16 04:00:00,3.4
5309,2025-06-16 05:00:00,3.9
5310,2025-06-16 06:00:00,4.1
5311,2025-06-16 07:00:00,4.2
5312,2025-06-16 08:00:00,4.4
5313,2025-06-16 09:00:00,4.4
5314,2025-06-16 10:00:00,4.5
5315,2025-06-16 11:00:00,4.1
5316,2025-06-16 12:00:00,4.6
5317,2025-06-16 13:00:00,4.3
5318,2025-06-16 14:00:00,3.8
5319,2025-06-16 15:00:00,3.5
5320,2025-06-16 16:00:00,3.9
5321,2025-06-16 17:00:00,3.5
5322,2025-06-16 18:00:00,3.4
5323,2025-06-16 19:00:00,3.0
5324,2025-06-16 20:00:00,2.0
5325,2025-06-16 21:00:00,1.4
5326,2025-06-16 22:00:00,1.0
5327,2025-06-16 23:00:00,1.3
5328,2025-06-17 00:00:00,1.7
5329,2025-06-17 01:00:00,2.0
5330,2025-06-17 02:00:00,1.8
5331,2025-06-17 03:00:00,1.7
5332,2025-06-17 04:00:00,1.4
5333,2025-06-17 05:00:00,2.2
5334,2025-06-17 06:00:00,3.1
5335,2025-06-17 07:00:00,2.9
5336,2025-06-17 08:00:00,4.4
5337,2025-06-17 09:00:00,4.6
5338,2025-06-17 10:00:00,4.4
5339,2025-06-17 11:00:00,3.8
5340,2025-06-17 12:00:00,3.8
5341,2025-06-17 13:00:00,2.9
5342,2025-06-17 14:00:00,3.1
5343,2025-06-17 15:00:00,1.8
5344,2025-06-17 16:00:00,2.0
5345,2025-06-17 17:00:00,1.8
5346,2025-06-17 18:00:00,1.1
5347,2025-06-17 19:00:00,0.5
5348,2025-06-17 20:00:00,0.7
5349,2025-06-17 21:00:00,1.3
5350,2025-06-17 22:00:00,1.2
5351,2025-06-17 23:00:00,1.0
5352,2025-06-18 00:00:00,1.1
5353,2025-06-18 01:00:00,0.7
5354,2025-06-18 02:00:00,0.8
5355,2025-06-18 03:00:00,1.5
5356,2025-06-18 04:00:00,1.0
5357,2025-06-18 05:00:00,1.5
5358,2025-06-18 06:00:00,2.0
5359,2025-06-18 07:00:00,2.4
5360,2025-06-18 08:00:00,3.1
5361,2025-06-18 09:00:00,5.4
5362,2025-06-18 10:00:00,5.9
5363,2025-06-18 11:00:00,5.1
5364,2025-06-18 12:00:00,6.0
5365,2025-06-18 13:00:00,5.3
5366,2025-06-18 14:00:00,4.1
5367,2025-06-18 15:00:00,3.5
5368,2025-06-18 16:00:00,3.3
5369,2025-06-18 17:00:00,3.0
5370,2025-06-18 18:00:00,2.9
5371,2025-06-18 19:00:00,1.2
5372,2025-06-18 20:00:00,0.8
5373,2025-06-18 21:00:00,1.0
5374,2025-06-18 22:00:00,0.9
5375,2025-06-18 23:00:00,1.2
5376,2025-06-19 00:00:00,1.7
5377,2025-06-19 01:00:00,2.4
5378,2025-06-19 02:00:00,2.2
5379,2025-06-19 03:00:00,3.0
5380,2025-06-19 04:00:00,2.6
5381,2025-06-19 05:00:00,3.4
5382,2025-06-19 06:00:00,4.0
5383,2025-06-19 07:00:00,3.7
5384,2025-06-19 08:00:00,4.0
5385,2025-06-19 09:00:00,4.0
5386,2025-06-19 10:00:00,4.1
5387,2025-06-19 11:00:00,5.2
5388,2025-06-19 12:00:00,4.4
5389,2025-06-19 13:00:00,4.8
5390,2025-06-19 14:00:00,4.6
5391,2025-06-19 15:00:00,4.0
5392,2025-06-19 16:00:00,3.5
5393,2025-06-19 17:00:00,3.1
5394,2025-06-19 18:00:00,3.0
5395,2025-06-19 19:00:00,2.7
5396,2025-06-19 20:00:00,1.8
5397,2025-06-19 21:00:00,1.5
5398,2025-06-19 22:00:00,1.6
5399,2025-06-19 23:00:00,1.4
5400,2025-06-20 00:00:00,1.1
5401,2025-06-20 01:00:00,1.1
5402,2025-06-20 02:00:00,1.1
5403,2025-06-20 03:00:00,1.3
5404,2025-06-20 04:00:00,1.4
5405,2025-06-20 05:00:00,1.7
5406,2025-06-20 06:00:00,2.2
5407,2025-06-20 07:00:00,1.7
5408,2025-06-20 08:00:00,2.1
5409,2025-06-20 09:00:00,3.2
5410,2025-06-20 10:00:00,2.6
5411,2025-06-20 11:00:00,2.8
5412,2025-06-20 12:00:00,2.9
5413,2025-06-20 13:00:00,2.4
5414,2025-06-20 14:00:00,2.4
5415,2025-06-20 15:00:00,2.4
5416,2025-06-20 16:00:00,2.3
5417,2025-06-20 17:00:00,2.2
5418,2025-06-20 18:00:00,1.8
5419,2025-06-20 19:00:00,1.5
5420,2025-06-20 20:00:00,0.7
5421,2025-06-20 21:00:00,0.7
5422,2025-06-20 22:00:00,0.5
5423,2025-06-20 23:00:00,0.5
5424,2025-06-21 00:00:00,0.6
5425,2025-06-21 01:00:00,0.2
5426,2025-06-21 02:00:00,0.4
5427,2025-06-21 03:00:00,0.5
5428,2025-06-21 04:00:00,0.7
5429,2025-06-21 05:00:00,0.8
5430,2025-06-21 06:00:00,1.0
5431,2025-06-21 07:00:00,0.8
5432,2025-06-21 08:00:00,1.5
5433,2025-06-21 09:00:00,1.7
5434,2025-06-21 10:00:00,1.7
5435,2025-06-21 11:00:00,1.7
5436,2025-06-21 12:00:00,1.5
5437,2025-06-21 13:00:00,1.9
5438,2025-06-21 14:00:00,2.1
5439,2025-06-21 15:00:00,2.6
5440,2025-06-21 16:00:00,1.9
5441,2025-06-21 17:00:00,1.8
5442,2025-06-21 18:00:00,0.7
5443,2025-06-21 19:00:00,0.5
5444,2025-06-21 20:00:00,0.5
5445,2025-06-21 21:00:00,0.6
5446,2025-06-21 22:00:00,0.4
5447,2025-06-21 23:00:00,0.5
5448,2025-06-22 00:00:00,0.4
5449,2025-06-22 01:00:00,0.6
5450,2025-06-22 02:00:00,0.6
5451,2025-06-22 03:00:00,0.7
5452,2025-06-22 04:00:00,0.6
5453,2025-06-22 05:00:00,1.0
5454,2025-06-22 06:00:00,0.8
5455,2025-06-22 07:00:00,0.8
5456,2025-06-22 08:00:00,1.8
5457,2025-06-22 09:00:00,3.5
5458,2025-06-22 10:00:00,4.1
5459,2025-06-22 11:00:00,4.4
5460,2025-06-22 12:00:00,3.9
5461,2025-06-22 13:00:00,4.7
5462,2025-06-22 14:00:00,4.2
5463,2025-06-22 15:00:00,4.8
5464,2025-06-22 16:00:00,4.2
5465,2025-06-22 17:00:00,4.2
5466,2025-06-22 18:00:00,3.4
5467,2025-06-22 19:00:00,3.1
5468,2025-06-22 20:00:00,2.7
5469,2025-06-22 21:00:00,2.2
5470,2025-06-22 22:00:00,3.2
5471,2025-06-22 23:00:00,2.2
5472,2025-06-23 00:00:00,2.2
5473,2025-06-23 01:00:00,2.9
5474,2025-06-23 02:00:00,4.0
5475,2025-06-23 03:00:00,4.3
5476,2025-06-23 04:00:00,4.0
5477,2025-06-23 05:00:00,3.3
5478,2025-06-23 06:00:00,3.6
5479,2025-06-23 07:00:00,3.8
5480,2025-06-23 08:00:00,5.7
5481,2025-06-23 09:00:00,6.9
5482,2025-06-23 10:00:00,8.1
5483,2025-06-23 11:00:00,7.4
5484,2025-06-23 12:00:00,7.5
5485,2025-06-23 13:00:00,7.3
5486,2025-06-23 14:00:00,9.2
5487,2025-06-23 15:00:00,9.9
5488,2025-06-23 16:00:00,9.0
5489,2025-06-23 17:00:00,6.2
5490,2025-06-23 18:00:00,5.4
5491,2025-06-23 19:00:00,3.6
5492,2025-06-23 20:00:00,2.8
5493,2025-06-23 21:00:00,1.8
5494,2025-06-23 22:00:00,1.6
5495,2025-06-23 23:00:00,2.7
5496,2025-06-24 00:00:00,2.8
5497,2025-06-24 01:00:00,3.0
5498,2025-06-24 02:00:00,3.8
5499,2025-06-24 03:00:00,4.3
5500,2025-06-24 04:00:00,4.3
5501,2025-06-24 05:00:00,4.5
5502,2025-06-24 06:00:00,4.8
5503,2025-06-24 07:00:00,5.1
5504,2025-06-24 08:00:00,7.1
5505,2025-06-24 09:00:00,7.2
5506,2025-06-24 10:00:00,7.4
5507,2025-06-24 11:00:00,7.3
5508,2025-06-24 12:00:00,6.6
5509,2025-06-24 13:00:00,6.9
5510,2025-06-24 14:00:00,6.2
5511,2025-06-24 15:00:00,5.6
5512,2025-06-24 16:00:00,5.8
5513,2025-06-24 17:00:00,6.8
5514,2025-06-24 18:00:00,3.7
5515,2025-06-24 19:00:00,1.6
5516,2025-06-24 20:00:00,0.8
5517,2025-06-24 21:00:00,2.2
5518,2025-06-24 22:00:00,4.8
5519,2025-06-24 23:00:00,6.0
5520,2025-06-25 00:00:00,4.1
5521,2025-06-25 01:00:00,3.9
5522,2025-06-25 02:00:00,4.0
5523,2025-06-25 03:00:00,3.1
5524,2025-06-25 04:00:00,3.0
5525,2025-06-25 05:00:00,4.1
5526,2025-06-25 06:00:00,4.9
5527,2025-06-25 07:00:00,4.6
5528,2025-06-25 08:00:00,6.6
5529,2025-06-25 09:00:00,6.1
5530,2025-06-25 10:00:00,5.7
5531,2025-06-25 11:00:00,7.0
5532,2025-06-25 12:00:00,4.9
5533,2025-06-25 13:00:00,7.5
5534,2025-06-25 14:00:00,5.8
5535,2025-06-25 15:00:00,3.9
5536,2025-06-25 16:00:00,3.7
5537,2025-06-25 17:00:00,3.2
5538,2025-06-25 18:00:00,2.9
5539,2025-06-25 19:00:00,2.3
5540,2025-06-25 20:00:00,1.2
5541,2025-06-25 21:00:00,0.7
5542,2025-06-25 22:00:00,0.7
5543,2025-06-25 23:00:00,0.6
5544,2025-06-26 00:00:00,0.5
5545,2025-06-26 01:00:00,0.5
5546,2025-06-26 02:00:00,0.5
5547,2025-06-26 03:00:00,0.9
5548,2025-06-26 04:00:00,0.9
5549,2025-06-26 05:00:00,1.4
5550,2025-06-26 06:00:00,2.9
5551,2025-06-26 07:00:00,2.2
5552,2025-06-26 08:00:00,3.3
5553,2025-06-26 09:00:00,3.9
5554,2025-06-26 10:00:00,4.1
5555,2025-06-26 11:00:00,4.0
5556,2025-06-26 12:00:00,2.9
5557,2025-06-26 13:00:00,3.1
5558,2025-06-26 14:00:00,4.6
5559,2025-06-26 15:00:00,4.4
5560,2025-06-26 16:00:00,5.7
5561,2025-06-26 17:00:00,9.1
5562,2025-06-26 18:00:00,7.0
5563,2025-06-26 19:00:00,4.5
5564,2025-06-26 20:00:00,7.0
5565,2025-06-26 21:00:00,6.6
5566,2025-06-26 22:00:00,6.5
5567,2025-06-26 23:00:00,5.9
5568,2025-06-27 00:00:00,4.6
5569,2025-06-27 01:00:00,3.4
5570,2025-06-27 02:00:00,4.5
5571,2025-06-27 03:00:00,3.6
5572,2025-06-27 04:00:00,3.8
5573,2025-06-27 05:00:00,3.9
5574,2025-06-27 06:00:00,5.8
5575,2025-06-27 07:00:00,6.1
5576,2025-06-27 08:00:00,7.4
5577,2025-06-27 09:00:00,7.0
5578,2025-06-27 10:00:00,7.4
5579,2025-06-27 11:00:00,6.4
5580,2025-06-27 12:00:00,4.7
5581,2025-06-27 13:00:00,4.8
5582,2025-06-27 14:00:00,6.2
5583,2025-06-27 15:00:00,6.0
5584,2025-06-27 16:00:00,5.7
5585,2025-06-27 17:00:00,6.7
5586,2025-06-27 18:00:00,5.3
5587,2025-06-27 19:00:00,3.3
5588,2025-06-27 20:00:00,2.5
5589,2025-06-27 21:00:00,2.3
5590,2025-06-27 22:00:00,2.3
5591,2025-06-27 23:00:00,2.3
5592,2025-06-28 00:00:00,1.5
5593,2025-06-28 01:00:00,1.6
5594,2025-06-28 02:00:00,0.8
5595,2025-06-28 03:00:00,0.7
5596,2025-06-28 04:00:00,0.9
5597,2025-06-28 05:00:00,1.5
5598,2025-06-28 06:00:00,2.9
5599,2025-06-28 07:00:00,3.6
5600,2025-06-28 08:00:00,2.4
5601,2025-06-28 09:00:00,3.7
5602,2025-06-28 10:00:00,3.7
5603,2025-06-28 11:00:00,5.1
5604,2025-06-28 12:00:00,5.8
5605,2025-06-28 13:00:00,5.4
5606,2025-06-28 14:00:00,5.0
5607,2025-06-28 15:00:00,5.7
5608,2025-06-28 16:00:00,6.0
5609,2025-06-28 17:00:00,5.5
5610,2025-06-28 18:00:00,4.1
5611,2025-06-28 19:00:00,2.7
5612,2025-06-28 20:00:00,3.5
5613,2025-06-28 21:00:00,3.1
5614,2025-06-28 22:00:00,2.5
5615,2025-06-28 23:00:00,2.9
5616,2025-06-29 00:00:00,2.7
5617,2025-06-29 01:00:00,2.3
5618,2025-06-29 02:00:00,2.3
5619,2025-06-29 03:00:00,1.7
5620,2025-06-29 04:00:00,2.3
5621,2025-06-29 05:00:00,3.4
5622,2025-06-29 06:00:00,3.9
5623,2025-06-29 07:00:00,4.8
5624,2025-06-29 08:00:00,4.8
5625,2025-06-29 09:00:00,4.7
5626,2025-06-29 10:00:00,5.6
5627,2025-06-29 11:00:00,6.6
5628,2025-06-29 12:00:00,6.4
5629,2025-06-29 13:00:00,6.3
5630,2025-06-29 14:00:00,5.3
5631,2025-06-29 15:00:00,6.1
5632,2025-06-29 16:00:00,5.1
5633,2025-06-29 17:00:00,5.3
5634,2025-06-29 18:00:00,4.9
5635,2025-06-29 19:00:00,4.0
5636,2025-06-29 20:00:00,3.4
5637,2025-06-29 21:00:00,3.4
5638,2025-06-29 22:00:00,2.7
5639,2025-06-29 23:00:00,2.4
5640,2025-06-30 00:00:00,2.2
5641,2025-06-30 01:00:00,1.7
5642,2025-06-30 02:00:00,1.9
5643,2025-06-30 03:00:00,2.0
5644,2025-06-30 04:00:00,1.9
5645,2025-06-30 05:00:00,1.8
5646,2025-06-30 06:00:00,2.4
5647,2025-06-30 07:00:00,2.1
5648,2025-06-30 08:00:00,2.1
5649,2025-06-30 09:00:00,2.6
5650,2025-06-30 10:00:00,2.7
5651,2025-06-30 11:00:00,2.8
5652,2025-06-30 12:00:00,2.8
5653,2025-06-30 13:00:00,2.8
5654,2025-06-30 14:00:00,3.0
5655,2025-06-30 15:00:00,2.2
5656,2025-06-30 16:00:00,2.0
5657,2025-06-30 17:00:00,2.3
5658,2025-06-30 18:00:00,1.7
5659,2025-06-30 19:00:00,0.7
5660,2025-06-30 20:00:00,0.6
5661,2025-06-30 21:00:00,0.5
5662,2025-06-30 22:00:00,0.6
5663,2025-06-30 23:00:00,0.6
5664,2025-07-01 00:00:00,0.5
5665,2025-07-01 01:00:00,1.2
5666,2025-07-01 02:00:00,1.5
5667,2025-07-01 03:00:00,1.5
5668,2025-07-01 04:00:00,1.1
5669,2025-07-01 05:00:00,1.8
5670,2025-07-01 06:00:00,3.0
5671,2025-07-01 07:00:00,2.8
5672,2025-07-01 08:00:00,2.7
5673,2025-07-01 09:00:00,2.9
5674,2025-07-01 10:00:00,3.0
5675,2025-07-01 11:00:00,2.6
5676,2025-07-01 12:00:00,2.5
5677,2025-07-01 13:00:00,2.7
5678,2025-07-01 14:00:00,1.9
5679,2025-07-01 15:00:00,2.0
5680,2025-07-01 16:00:00,2.4
5681,2025-07-01 17:00:00,3.2
5682,2025-07-01 18:00:00,2.6
5683,2025-07-01 19:00:00,2.1
5684,2025-07-01 20:00:00,1.9
5685,2025-07-01 21:00:00,2.0
5686,2025-07-01 22:00:00,1.9
5687,2025-07-01 23:00:00,1.5
5688,2025-07-02 00:00:00,2.4
5689,2025-07-02 01:00:00,2.6
5690,2025-07-02 02:00:00,2.9
5691,2025-07-02 03:00:00,2.5
5692,2025-07-02 04:00:00,2.8
5693,2025-07-02 05:00:00,2.4
5694,2025-07-02 06:00:00,2.4
5695,2025-07-02 07:00:00,2.5
5696,2025-07-02 08:00:00,2.4
5697,2025-07-02 09:00:00,3.2
5698,2025-07-02 10:00:00,3.9
5699,2025-07-02 11:00:00,3.8
5700,2025-07-02 12:00:00,3.3
5701,2025-07-02 13:00:00,2.6
5702,2025-07-02 14:00:00,2.6
5703,2025-07-02 15:00:00,3.0
5704,2025-07-02 16:00:00,2.4
5705,2025-07-02 17:00:00,2.4
5706,2025-07-02 18:00:00,3.5
5707,2025-07-02 19:00:00,3.1
5708,2025-07-02 20:00:00,3.1
5709,2025-07-02 21:00:00,2.9
5710,2025-07-02 22:00:00,3.2
5711,2025-07-02 23:00:00,3.3
5712,2025-07-03 00:00:00,5.9
5713,2025-07-03 01:00:00,3.4
5714,2025-07-03 02:00:00,3.5
5715,2025-07-03 03:00:00,2.7
5716,2025-07-03 04:00:00,2.3
5717,2025-07-03 05:00:00,3.2
5718,2025-07-03 06:00:00,4.1
5719,2025-07-03 07:00:00,5.0
5720,2025-07-03 08:00:00,4.4
5721,2025-07-03 09:00:00,4.5
5722,2025-07-03 10:00:00,3.6
5723,2025-07-03 11:00:00,3.6
5724,2025-07-03 12:00:00,3.5
5725,2025-07-03 13:00:00,3.7
5726,2025-07-03 14:00:00,3.8
5727,2025-07-03 15:00:00,4.5
5728,2025-07-03 16:00:00,3.8
5729,2025-07-03 17:00:00,3.5
5730,2025-07-03 18:00:00,3.2
5731,2025-07-03 19:00:00,2.5
5732,2025-07-03 20:00:00,1.5
5733,2025-07-03 21:00:00,1.1
5734,2025-07-03 22:00:00,1.8
5735,2025-07-03 23:00:00,1.5
5736,2025-07-04 00:00:00,1.0
5737,2025-07-04 01:00:00,1.0
5738,2025-07-04 02:00:00,0.7
5739,2025-07-04 03:00:00,0.7
5740,2025-07-04 04:00:00,0.6
5741,2025-07-04 05:00:00,0.6
5742,2025-07-04 06:00:00,0.9
5743,2025-07-04 07:00:00,1.1
5744,2025-07-04 08:00:00,1.5
5745,2025-07-04 09:00:00,2.7
5746,2025-07-04 10:00:00,3.0
5747,2025-07-04 11:00:00,3.6
5748,2025-07-04 12:00:00,3.3
5749,2025-07-04 13:00:00,3.1
5750,2025-07-04 14:00:00,3.5
5751,2025-07-04 15:00:00,3.9
5752,2025-07-04 16:00:00,3.0
5753,2025-07-04 17:00:00,2.2
5754,2025-07-04 18:00:00,1.3
5755,2025-07-04 19:00:00,0.5
5756,2025-07-04 20:00:00,0.4
5757,2025-07-04 21:00:00,0.4
5758,2025-07-04 22:00:00,0.8
5759,2025-07-04 23:00:00,1.0
5760,2025-07-05 00:00:00,1.0
5761,2025-07-05 01:00:00,1.0
5762,2025-07-05 02:00:00,1.2
5763,2025-07-05 03:00:00,1.3
5764,2025-07-05 04:00:00,1.3
5765,2025-07-05 05:00:00,1.6
5766,2025-07-05 06:00:00,1.8
5767,2025-07-05 07:00:00,1.5
5768,2025-07-05 08:00:00,2.4
5769,2025-07-05 09:00:00,3.9
5770,2025-07-05 10:00:00,4.6
5771,2025-07-05 11:00:00,5.3
5772,2025-07-05 12:00:00,5.5
5773,2025-07-05 13:00:00,5.4
5774,2025-07-05 14:00:00,6.2
5775,2025-07-05 15:00:00,5.0
5776,2025-07-05 16:00:00,5.6
5777,2025-07-05 17:00:00,4.3
5778,2025-07-05 18:00:00,4.0
5779,2025-07-05 19:00:00,3.7
5780,2025-07-05 20:00:00,3.1
5781,2025-07-05 21:00:00,1.8
5782,2025-07-05 22:00:00,1.0
5783,2025-07-05 23:00:00,1.3
5784,2025-07-06 00:00:00,0.9
5785,2025-07-06 01:00:00,0.7
5786,2025-07-06 02:00:00,0.7
5787,2025-07-06 03:00:00,0.5
5788,2025-07-06 04:00:00,0.6
5789,2025-07-06 05:00:00,1.1
5790,2025-07-06 06:00:00,1.6
5791,2025-07-06 07:00:00,3.3
5792,2025-07-06 08:00:00,2.7
5793,2025-07-06 09:00:00,4.3
5794,2025-07-06 10:00:00,4.4
5795,2025-07-06 11:00:00,5.0
5796,2025-07-06 12:00:00,6.3
5797,2025-07-06 13:00:00,5.7
5798,2025-07-06 14:00:00,6.2
5799,2025-07-06 15:00:00,6.8
5800,2025-07-06 16:00:00,5.8
5801,2025-07-06 17:00:00,4.7
5802,2025-07-06 18:00:00,3.9
5803,2025-07-06 19:00:00,4.0
5804,2025-07-06 20:00:00,2.5
5805,2025-07-06 21:00:00,2.7
5806,2025-07-06 22:00:00,0.8
5807,2025-07-06 23:00:00,2.0
5808,2025-07-07 00:00:00,2.4
5809,2025-07-07 01:00:00,2.9
5810,2025-07-07 02:00:00,3.1
5811,2025-07-07 03:00:00,2.6
5812,2025-07-07 04:00:00,1.5
5813,2025-07-07 05:00:00,1.3
5814,2025-07-07 06:00:00,1.7
5815,2025-07-07 07:00:00,3.0
5816,2025-07-07 08:00:00,3.6
5817,2025-07-07 09:00:00,3.0
5818,2025-07-07 10:00:00,3.4
5819,2025-07-07 11:00:00,3.5
5820,2025-07-07 12:00:00,2.1
5821,2025-07-07 13:00:00,2.7
5822,2025-07-07 14:00:00,2.4
5823,2025-07-07 15:00:00,2.5
5824,2025-07-07 16:00:00,3.4
5825,2025-07-07 17:00:00,1.6
5826,2025-07-07 18:00:00,1.8
5827,2025-07-07 19:00:00,1.6
5828,2025-07-07 20:00:00,2.0
5829,2025-07-07 21:00:00,2.5
5830,2025-07-07 22:00:00,2.1
5831,2025-07-07 23:00:00,2.8
5832,2025-07-08 00:00:00,3.9
5833,2025-07-08 01:00:00,3.8
5834,2025-07-08 02:00:00,3.4
5835,2025-07-08 03:00:00,4.0
5836,2025-07-08 04:00:00,4.0
5837,2025-07-08 05:00:00,4.5
5838,2025-07-08 06:00:00,4.8
5839,2025-07-08 07:00:00,4.7
5840,2025-07-08 08:00:00,4.3
5841,2025-07-08 09:00:00,5.4
5842,2025-07-08 10:00:00,4.4
5843,2025-07-08 11:00:00,5.0
5844,2025-07-08 12:00:00,6.1
5845,2025-07-08 13:00:00,6.0
5846,2025-07-08 14:00:00,6.1
5847,2025-07-08 15:00:00,5.8
5848,2025-07-08 16:00:00,4.6
5849,2025-07-08 17:00:00,5.6
5850,2025-07-08 18:00:00,5.8
5851,2025-07-08 19:00:00,4.4
5852,2025-07-08 20:00:00,2.4
5853,2025-07-08 21:00:00,2.1
5854,2025-07-08 22:00:00,2.8
5855,2025-07-08 23:00:00,2.6
5856,2025-07-09 00:00:00,2.9
5857,2025-07-09 01:00:00,4.0
5858,2025-07-09 02:00:00,3.9
5859,2025-07-09 03:00:00,3.7
5860,2025-07-09 04:00:00,4.1
5861,2025-07-09 05:00:00,4.5
5862,2025-07-09 06:00:00,4.3
5863,2025-07-09 07:00:00,4.9
5864,2025-07-09 08:00:00,5.1
5865,2025-07-09 09:00:00,5.1
5866,2025-07-09 10:00:00,6.1
5867,2025-07-09 11:00:00,5.0
5868,2025-07-09 12:00:00,3.7
5869,2025-07-09 13:00:00,4.2
5870,2025-07-09 14:00:00,2.4
5871,2025-07-09 15:00:00,3.7
5872,2025-07-09 16:00:00,4.3
5873,2025-07-09 17:00:00,4.1
5874,2025-07-09 18:00:00,4.4
5875,2025-07-09 19:00:00,3.4
5876,2025-07-09 20:00:00,2.8
5877,2025-07-09 21:00:00,2.1
5878,2025-07-09 22:00:00,2.1
5879,2025-07-09 23:00:00,1.9
5880,2025-07-10 00:00:00,1.7
5881,2025-07-10 01:00:00,2.3
5882,2025-07-10 02:00:00,2.2
5883,2025-07-10 03:00:00,2.2
5884,2025-07-10 04:00:00,2.5
5885,2025-07-10 05:00:00,3.1
5886,2025-07-10 06:00:00,3.0
5887,2025-07-10 07:00:00,3.0
5888,2025-07-10 08:00:00,3.6
5889,2025-07-10 09:00:00,3.5
5890,2025-07-10 10:00:00,2.8
5891,2025-07-10 11:00:00,4.0
5892,2025-07-10 12:00:00,4.7
5893,2025-07-10 13:00:00,3.5
5894,2025-07-10 14:00:00,2.3
5895,2025-07-10 15:00:00,1.9
5896,2025-07-10 16:00:00,2.1
5897,2025-07-10 17:00:00,1.9
5898,2025-07-10 18:00:00,1.5
5899,2025-07-10 19:00:00,1.3
5900,2025-07-10 20:00:00,1.6
5901,2025-07-10 21:00:00,1.5
5902,2025-07-10 22:00:00,1.7
5903,2025-07-10 23:00:00,1.7
5904,2025-07-11 00:00:00,1.4
5905,2025-07-11 01:00:00,2.3
5906,2025-07-11 02:00:00,2.2
5907,2025-07-11 03:00:00,2.2
5908,2025-07-11 04:00:00,2.3
5909,2025-07-11 05:00:00,2.3
5910,2025-07-11 06:00:00,2.8
5911,2025-07-11 07:00:00,3.1
5912,2025-07-11 08:00:00,3.2
5913,2025-07-11 09:00:00,3.9
5914,2025-07-11 10:00:00,5.5
5915,2025-07-11 11:00:00,4.4
5916,2025-07-11 12:00:00,5.1
5917,2025-07-11 13:00:00,4.7
5918,2025-07-11 14:00:00,3.0
5919,2025-07-11 15:00:00,2.1
5920,2025-07-11 16:00:00,5.6
5921,2025-07-11 17:00:00,1.7
5922,2025-07-11 18:00:00,1.1
5923,2025-07-11 19:00:00,1.7
5924,2025-07-11 20:00:00,1.8
5925,2025-07-11 21:00:00,1.7
5926,2025-07-11 22:00:00,2.1
5927,2025-07-11 23:00:00,3.4
5928,2025-07-12 00:00:00,3.8
5929,2025-07-12 01:00:00,3.1
5930,2025-07-12 02:00:00,3.6
5931,2025-07-12 03:00:00,3.4
5932,2025-07-12 04:00:00,3.9
5933,2025-07-12 05:00:00,3.7
5934,2025-07-12 06:00:00,3.7
5935,2025-07-12 07:00:00,3.9
5936,2025-07-12 08:00:00,4.1
5937,2025-07-12 09:00:00,4.3
5938,2025-07-12 10:00:00,4.2
5939,2025-07-12 11:00:00,4.2
5940,2025-07-12 12:00:00,4.2
5941,2025-07-12 13:00:00,3.8
5942,2025-07-12 14:00:00,3.3
5943,2025-07-12 15:00:00,3.5
5944,2025-07-12 16:00:00,3.3
5945,2025-07-12 17:00:00,2.9
5946,2025-07-12 18:00:00,3.0
5947,2025-07-12 19:00:00,2.7
5948,2025-07-12 20:00:00,2.1
5949,2025-07-12 21:00:00,1.8
5950,2025-07-12 22:00:00,1.3
5951,2025-07-12 23:00:00,1.6
5952,2025-07-13 00:00:00,1.4
5953,2025-07-13 01:00:00,1.1
5954,2025-07-13 02:00:00,1.8
5955,2025-07-13 03:00:00,2.7
5956,2025-07-13 04:00:00,2.6
5957,2025-07-13 05:00:00,1.8
5958,2025-07-13 06:00:00,2.2
5959,2025-07-13 07:00:00,2.3
5960,2025-07-13 08:00:00,2.5
5961,2025-07-13 09:00:00,2.3
5962,2025-07-13 10:00:00,2.3
5963,2025-07-13 11:00:00,2.4
5964,2025-07-13 12:00:00,3.5
5965,2025-07-13 13:00:00,4.1
5966,2025-07-13 14:00:00,3.3
5967,2025-07-13 15:00:00,3.8
5968,2025-07-13 16:00:00,2.7
5969,2025-07-13 17:00:00,2.8
5970,2025-07-13 18:00:00,2.5
5971,2025-07-13 19:00:00,1.7
5972,2025-07-13 20:00:00,1.4
5973,2025-07-13 21:00:00,0.8
5974,2025-07-13 22:00:00,0.4
5975,2025-07-13 23:00:00,0.6
5976,2025-07-14 00:00:00,1.0
5977,2025-07-14 01:00:00,0.9
5978,2025-07-14 02:00:00,1.3
5979,2025-07-14 03:00:00,1.4
5980,2025-07-14 04:00:00,1.0
5981,2025-07-14 05:00:00,0.5
5982,2025-07-14 06:00:00,0.3
5983,2025-07-14 07:00:00,0.7
5984,2025-07-14 08:00:00,0.9
5985,2025-07-14 09:00:00,2.3
5986,2025-07-14 10:00:00,1.5
5987,2025-07-14 11:00:00,1.2
5988,2025-07-14 12:00:00,1.7
5989,2025-07-14 13:00:00,1.9
5990,2025-07-14 14:00:00,3.7
5991,2025-07-14 15:00:00,3.5
5992,2025-07-14 16:00:00,3.8
5993,2025-07-14 17:00:00,1.9
5994,2025-07-14 18:00:00,3.0
5995,2025-07-14 19:00:00,1.8
5996,2025-07-14 20:00:00,1.1
5997,2025-07-14 21:00:00,1.5
5998,2025-07-14 22:00:00,1.1
5999,2025-07-14 23:00:00,0.6
6000,2025-07-15 00:00:00,0.9
6001,2025-07-15 01:00:00,0.9
6002,2025-07-15 02:00:00,0.9
6003,2025-07-15 03:00:00,1.1
6004,2025-07-15 04:00:00,1.8
6005,2025-07-15 05:00:00,2.2
6006,2025-07-15 06:00:00,1.9
6007,2025-07-15 07:00:00,2.8
6008,2025-07-15 08:00:00,2.4
6009,2025-07-15 09:00:00,2.5
6010,2025-07-15 10:00:00,2.8
6011,2025-07-15 11:00:00,2.9
6012,2025-07-15 12:00:00,2.3
6013,2025-07-15 13:00:00,3.9
6014,2025-07-15 14:00:00,3.0
6015,2025-07-15 15:00:00,2.2
6016,2025-07-15 16:00:00,3.2
6017,2025-07-15 17:00:00,2.0
6018,2025-07-15 18:00:00,2.3
6019,2025-07-15 19:00:00,1.4
6020,2025-07-15 20:00:00,2.8
6021,2025-07-15 21:00:00,3.0
6022,2025-07-15 22:00:00,3.4
6023,2025-07-15 23:00:00,2.0
6024,2025-07-16 00:00:00,1.8
6025,2025-07-16 01:00:00,2.1
6026,2025-07-16 02:00:00,2.6
6027,2025-07-16 03:00:00,2.1
6028,2025-07-16 04:00:00,1.3
6029,2025-07-16 05:00:00,1.2
6030,2025-07-16 06:00:00,1.7
6031,2025-07-16 07:00:00,1.8
6032,2025-07-16 08:00:00,1.7
6033,2025-07-16 09:00:00,2.9
6034,2025-07-16 10:00:00,2.5
6035,2025-07-16 11:00:00,3.7
6036,2025-07-16 12:00:00,2.7
6037,2025-07-16 13:00:00,3.6
6038,2025-07-16 14:00:00,1.1
6039,2025-07-16 15:00:00,1.3
6040,2025-07-16 16:00:00,1.1
6041,2025-07-16 17:00:00,1.4
6042,2025-07-16 18:00:00,1.2
6043,2025-07-16 19:00:00,0.6
6044,2025-07-16 20:00:00,0.7
6045,2025-07-16 21:00:00,1.4
6046,2025-07-16 22:00:00,1.4
6047,2025-07-16 23:00:00,1.7
6048,2025-07-17 00:00:00,1.7
6049,2025-07-17 01:00:00,1.9
6050,2025-07-17 02:00:00,2.1
6051,2025-07-17 03:00:00,2.6
6052,2025-07-17 04:00:00,2.3
6053,2025-07-17 05:00:00,2.8
6054,2025-07-17 06:00:00,3.5
6055,2025-07-17 07:00:00,4.5
6056,2025-07-17 08:00:00,5.6
6057,2025-07-17 09:00:00,6.3
6058,2025-07-17 10:00:00,6.1
6059,2025-07-17 11:00:00,6.5
6060,2025-07-17 12:00:00,6.0
6061,2025-07-17 13:00:00,5.3
6062,2025-07-17 14:00:00,5.4
6063,2025-07-17 15:00:00,3.6
6064,2025-07-17 16:00:00,4.2
6065,2025-07-17 17:00:00,4.8
6066,2025-07-17 18:00:00,4.3
6067,2025-07-17 19:00:00,3.0
6068,2025-07-17 20:00:00,2.2
6069,2025-07-17 21:00:00,1.8
6070,2025-07-17 22:00:00,2.6
6071,2025-07-17 23:00:00,1.7
6072,2025-07-18 00:00:00,1.4
6073,2025-07-18 01:00:00,1.8
6074,2025-07-18 02:00:00,2.0
6075,2025-07-18 03:00:00,1.4
6076,2025-07-18 04:00:00,1.2
6077,2025-07-18 05:00:00,1.0
6078,2025-07-18 06:00:00,1.3
6079,2025-07-18 07:00:00,1.1
6080,2025-07-18 08:00:00,1.2
6081,2025-07-18 09:00:00,1.3
6082,2025-07-18 10:00:00,2.0
6083,2025-07-18 11:00:00,1.9
6084,2025-07-18 12:00:00,1.6
6085,2025-07-18 13:00:00,1.8
6086,2025-07-18 14:00:00,1.9
6087,2025-07-18 15:00:00,1.7
6088,2025-07-18 16:00:00,1.6
6089,2025-07-18 17:00:00,1.1
6090,2025-07-18 18:00:00,1.6
6091,2025-07-18 19:00:00,0.9
6092,2025-07-18 20:00:00,0.6
6093,2025-07-18 21:00:00,0.3
6094,2025-07-18 22:00:00,0.6
6095,2025-07-18 23:00:00,0.4
6096,2025-07-19 00:00:00,0.5
6097,2025-07-19 01:00:00,0.5
6098,2025-07-19 02:00:00,1.0
6099,2025-07-19 03:00:00,0.5
6100,2025-07-19 04:00:00,0.7
6101,2025-07-19 05:00:00,0.8
6102,2025-07-19 06:00:00,0.4
6103,2025-07-19 07:00:00,1.0
6104,2025-07-19 08:00:00,1.0
6105,2025-07-19 09:00:00,1.7
6106,2025-07-19 10:00:00,1.4
6107,2025-07-19 11:00:00,1.8
6108,2025-07-19 12:00:00,2.3
6109,2025-07-19 13:00:00,2.1
6110,2025-07-19 14:00:00,2.4
6111,2025-07-19 15:00:00,2.7
6112,2025-07-19 16:00:00,2.6
6113,2025-07-19 17:00:00,1.8
6114,2025-07-19 18:00:00,1.5
6115,2025-07-19 19:00:00,1.3
6116,2025-07-19 20:00:00,0.5
6117,2025-07-19 21:00:00,0.2
6118,2025-07-19 22:00:00,0.4
6119,2025-07-19 23:00:00,0.6
6120,2025-07-20 00:00:00,0.9
6121,2025-07-20 01:00:00,0.9
6122,2025-07-20 02:00:00,1.0
6123,2025-07-20 03:00:00,1.4
6124,2025-07-20 04:00:00,1.3
6125,2025-07-20 05:00:00,1.6
6126,2025-07-20 06:00:00,1.5
6127,2025-07-20 07:00:00,2.2
6128,2025-07-20 08:00:00,2.8
6129,2025-07-20 09:00:00,3.5
6130,2025-07-20 10:00:00,3.5
6131,2025-07-20 11:00:00,3.4
6132,2025-07-20 12:00:00,3.0
6133,2025-07-20 13:00:00,2.8
6134,2025-07-20 14:00:00,2.8
6135,2025-07-20 15:00:00,3.0
6136,2025-07-20 16:00:00,2.9
6137,2025-07-20 17:00:00,2.6
6138,2025-07-20 18:00:00,2.1
6139,2025-07-20 19:00:00,1.3
6140,2025-07-20 20:00:00,1.4
6141,2025-07-20 21:00:00,1.8
6142,2025-07-20 22:00:00,2.0
6143,2025-07-20 23:00:00,2.3
6144,2025-07-21 00:00:00,2.4
6145,2025-07-21 01:00:00,3.1
6146,2025-07-21 02:00:00,1.5
6147,2025-07-21 03:00:00,1.1
6148,2025-07-21 04:00:00,1.5
6149,2025-07-21 05:00:00,0.8
6150,2025-07-21 06:00:00,0.7
6151,2025-07-21 07:00:00,0.6
6152,2025-07-21 08:00:00,1.3
6153,2025-07-21 09:00:00,2.9
6154,2025-07-21 10:00:00,4.1
6155,2025-07-21 11:00:00,2.5
6156,2025-07-21 12:00:00,3.1
6157,2025-07-21 13:00:00,3.7
6158,2025-07-21 14:00:00,3.9
6159,2025-07-21 15:00:00,4.5
6160,2025-07-21 16:00:00,6.2
6161,2025-07-21 17:00:00,6.3
6162,2025-07-21 18:00:00,5.5
6163,2025-07-21 19:00:00,3.2
6164,2025-07-21 20:00:00,2.3
6165,2025-07-21 21:00:00,2.5
6166,2025-07-21 22:00:00,2.5
6167,2025-07-21 23:00:00,1.7
6168,2025-07-22 00:00:00,0.6
6169,2025-07-22 01:00:00,0.9
6170,2025-07-22 02:00:00,0.8
6171,2025-07-22 03:00:00,0.7
6172,2025-07-22 04:00:00,2.2
6173,2025-07-22 05:00:00,3.9
6174,2025-07-22 06:00:00,3.8
6175,2025-07-22 07:00:00,4.0
6176,2025-07-22 08:00:00,4.9
6177,2025-07-22 09:00:00,4.9
6178,2025-07-22 10:00:00,4.2
6179,2025-07-22 11:00:00,4.9
6180,2025-07-22 12:00:00,4.3
6181,2025-07-22 13:00:00,2.4
6182,2025-07-22 14:00:00,4.6
6183,2025-07-22 15:00:00,1.6
6184,2025-07-22 16:00:00,2.1
6185,2025-07-22 17:00:00,1.2
6186,2025-07-22 18:00:00,1.6
6187,2025-07-22 19:00:00,3.8
6188,2025-07-22 20:00:00,3.1
6189,2025-07-22 21:00:00,4.5
6190,2025-07-22 22:00:00,3.7
6191,2025-07-22 23:00:00,3.0
6192,2025-07-23 00:00:00,2.6
6193,2025-07-23 01:00:00,2.9
6194,2025-07-23 02:00:00,3.1
6195,2025-07-23 03:00:00,3.3
6196,2025-07-23 04:00:00,3.1
6197,2025-07-23 05:00:00,3.7
6198,2025-07-23 06:00:00,3.9
6199,2025-07-23 07:00:00,4.1
6200,2025-07-23 08:00:00,5.2
6201,2025-07-23 09:00:00,5.4
6202,2025-07-23 10:00:00,6.6
6203,2025-07-23 11:00:00,6.9
6204,2025-07-23 12:00:00,7.0
6205,2025-07-23 13:00:00,5.9
6206,2025-07-23 14:00:00,7.7
6207,2025-07-23 15:00:00,7.2
6208,2025-07-23 16:00:00,6.7
6209,2025-07-23 17:00:00,4.3
6210,2025-07-23 18:00:00,2.7
6211,2025-07-23 19:00:00,4.4
6212,2025-07-23 20:00:00,4.7
6213,2025-07-23 21:00:00,4.6
6214,2025-07-23 22:00:00,3.7
6215,2025-07-23 23:00:00,3.0
6216,2025-07-24 00:00:00,3.3
6217,2025-07-24 01:00:00,3.0
6218,2025-07-24 02:00:00,2.4
6219,2025-07-24 03:00:00,2.0
6220,2025-07-24 04:00:00,2.6
6221,2025-07-24 05:00:00,2.5
6222,2025-07-24 06:00:00,3.4
6223,2025-07-24 07:00:00,3.9
6224,2025-07-24 08:00:00,3.2
6225,2025-07-24 09:00:00,3.5
6226,2025-07-24 10:00:00,3.6
6227,2025-07-24 11:00:00,3.5
6228,2025-07-24 12:00:00,4.1
6229,2025-07-24 13:00:00,3.5
6230,2025-07-24 14:00:00,3.4
6231,2025-07-24 15:00:00,2.1
6232,2025-07-24 16:00:00,3.0
6233,2025-07-24 17:00:00,1.7
6234,2025-07-24 18:00:00,2.3
6235,2025-07-24 19:00:00,1.3
6236,2025-07-24 20:00:00,0.6
6237,2025-07-24 21:00:00,1.0
6238,2025-07-24 22:00:00,1.0
6239,2025-07-24 23:00:00,0.7
6240,2025-07-25 00:00:00,0.8
6241,2025-07-25 01:00:00,0.9
6242,2025-07-25 02:00:00,0.4
6243,2025-07-25 03:00:00,1.3
6244,2025-07-25 04:00:00,0.9
6245,2025-07-25 05:00:00,1.2
6246,2025-07-25 06:00:00,0.8
6247,2025-07-25 07:00:00,1.2
6248,2025-07-25 08:00:00,1.5
6249,2025-07-25 09:00:00,2.6
6250,2025-07-25 10:00:00,3.0
6251,2025-07-25 11:00:00,3.5
6252,2025-07-25 12:00:00,4.1
6253,2025-07-25 13:00:00,3.5
6254,2025-07-25 14:00:00,3.8
6255,2025-07-25 15:00:00,3.1
6256,2025-07-25 16:00:00,2.9
6257,2025-07-25 17:00:00,2.7
6258,2025-07-25 18:00:00,1.7
6259,2025-07-25 19:00:00,1.3
6260,2025-07-25 20:00:00,1.7
6261,2025-07-25 21:00:00,1.6
6262,2025-07-25 22:00:00,2.0
6263,2025-07-25 23:00:00,1.8
6264,2025-07-26 00:00:00,1.7
6265,2025-07-26 01:00:00,1.7
6266,2025-07-26 02:00:00,2.0
6267,2025-07-26 03:00:00,2.8
6268,2025-07-26 04:00:00,1.9
6269,2025-07-26 05:00:00,2.2
6270,2025-07-26 06:00:00,2.3
6271,2025-07-26 07:00:00,2.0
6272,2025-07-26 08:00:00,1.8
6273,2025-07-26 09:00:00,1.6
6274,2025-07-26 10:00:00,2.1
6275,2025-07-26 11:00:00,2.6
6276,2025-07-26 12:00:00,3.0
6277,2025-07-26 13:00:00,2.5
6278,2025-07-26 14:00:00,2.2
6279,2025-07-26 15:00:00,1.2
6280,2025-07-26 16:00:00,0.9
6281,2025-07-26 17:00:00,1.2
6282,2025-07-26 18:00:00,1.4
6283,2025-07-26 19:00:00,1.0
6284,2025-07-26 20:00:00,0.4
6285,2025-07-26 21:00:00,0.7
6286,2025-07-26 22:00:00,0.6
6287,2025-07-26 23:00:00,0.5
6288,2025-07-27 00:00:00,0.6
6289,2025-07-27 01:00:00,0.4
6290,2025-07-27 02:00:00,0.6
6291,2025-07-27 03:00:00,0.5
6292,2025-07-27 04:00:00,0.5
6293,2025-07-27 05:00:00,0.5
6294,2025-07-27 06:00:00,0.5
6295,2025-07-27 07:00:00,0.6
6296,2025-07-27 08:00:00,1.2
6297,2025-07-27 09:00:00,1.0
6298,2025-07-27 10:00:00,1.1
6299,2025-07-27 11:00:00,1.3
6300,2025-07-27 12:00:00,1.4
6301,2025-07-27 13:00:00,1.6
6302,2025-07-27 14:00:00,1.8
6303,2025-07-27 15:00:00,1.4
6304,2025-07-27 16:00:00,1.3
6305,2025-07-27 17:00:00,1.5
6306,2025-07-27 18:00:00,0.7
6307,2025-07-27 19:00:00,1.6
6308,2025-07-27 20:00:00,3.3
6309,2025-07-27 21:00:00,2.8
6310,2025-07-27 22:00:00,1.9
6311,2025-07-27 23:00:00,2.6
6312,2025-07-28 00:00:00,3.3
6313,2025-07-28 01:00:00,3.5
6314,2025-07-28 02:00:00,2.5
6315,2025-07-28 03:00:00,1.8
6316,2025-07-28 04:00:00,1.8
6317,2025-07-28 05:00:00,1.7
6318,2025-07-28 06:00:00,1.6
6319,2025-07-28 07:00:00,1.7
6320,2025-07-28 08:00:00,1.9
6321,2025-07-28 09:00:00,2.5
6322,2025-07-28 10:00:00,3.2
6323,2025-07-28 11:00:00,4.1
6324,2025-07-28 12:00:00,4.7
6325,2025-07-28 13:00:00,4.6
6326,2025-07-28 14:00:00,4.3
6327,2025-07-28 15:00:00,4.1
6328,2025-07-28 16:00:00,4.7
6329,2025-07-28 17:00:00,3.4
6330,2025-07-28 18:00:00,3.6
6331,2025-07-28 19:00:00,2.7
6332,2025-07-28 20:00:00,2.0
6333,2025-07-28 21:00:00,3.3
6334,2025-07-28 22:00:00,3.5
6335,2025-07-28 23:00:00,3.6
6336,2025-07-29 00:00:00,3.7
6337,2025-07-29 01:00:00,3.8
6338,2025-07-29 02:00:00,4.0
6339,2025-07-29 03:00:00,3.1
6340,2025-07-29 04:00:00,3.3
6341,2025-07-29 05:00:00,3.1
6342,2025-07-29 06:00:00,3.8
6343,2025-07-29 07:00:00,4.6
6344,2025-07-29 08:00:00,4.3
6345,2025-07-29 09:00:00,5.3
6346,2025-07-29 10:00:00,6.0
6347,2025-07-29 11:00:00,5.2
6348,2025-07-29 12:00:00,5.8
6349,2025-07-29 13:00:00,5.6
6350,2025-07-29 14:00:00,4.1
6351,2025-07-29 15:00:00,3.1
6352,2025-07-29 16:00:00,3.8
6353,2025-07-29 17:00:00,4.5
6354,2025-07-29 18:00:00,2.6
6355,2025-07-29 19:00:00,2.2
6356,2025-07-29 20:00:00,1.7
6357,2025-07-29 21:00:00,1.4
6358,2025-07-29 22:00:00,1.9
6359,2025-07-29 23:00:00,0.5
6360,2025-07-30 00:00:00,0.5
6361,2025-07-30 01:00:00,0.5
6362,2025-07-30 02:00:00,1.2
6363,2025-07-30 03:00:00,0.9
6364,2025-07-30 04:00:00,0.7
6365,2025-07-30 05:00:00,0.4
6366,2025-07-30 06:00:00,0.8
6367,2025-07-30 07:00:00,2.7
6368,2025-07-30 08:00:00,2.6
6369,2025-07-30 09:00:00,3.1
6370,2025-07-30 10:00:00,3.4
6371,2025-07-30 11:00:00,3.5
6372,2025-07-30 12:00:00,2.3
6373,2025-07-30 13:00:00,3.8
6374,2025-07-30 14:00:00,3.5
6375,2025-07-30 15:00:00,3.4
6376,2025-07-30 16:00:00,3.3
6377,2025-07-30 17:00:00,3.1
6378,2025-07-30 18:00:00,2.0
6379,2025-07-30 19:00:00,1.7
6380,2025-07-30 20:00:00,1.4
6381,2025-07-30 21:00:00,1.7
6382,2025-07-30 22:00:00,1.4
6383,2025-07-30 23:00:00,1.2
6384,2025-07-31 00:00:00,1.2
6385,2025-07-31 01:00:00,1.8
6386,2025-07-31 02:00:00,2.8
6387,2025-07-31 03:00:00,2.4
6388,2025-07-31 04:00:00,2.3
6389,2025-07-31 05:00:00,2.6
6390,2025-07-31 06:00:00,1.9
6391,2025-07-31 07:00:00,3.1
6392,2025-07-31 08:00:00,4.2
6393,2025-07-31 09:00:00,4.4
6394,2025-07-31 10:00:00,5.2
6395,2025-07-31 11:00:00,5.4
6396,2025-07-31 12:00:00,4.2
6397,2025-07-31 13:00:00,1.7
6398,2025-07-31 14:00:00,2.0
6399,2025-07-31 15:00:00,2.9
6400,2025-07-31 16:00:00,3.2
6401,2025-07-31 17:00:00,4.8
6402,2025-07-31 18:00:00,4.2
6403,2025-07-31 19:00:00,2.1
6404,2025-07-31 20:00:00,1.7
6405,2025-07-31 21:00:00,1.3
6406,2025-07-31 22:00:00,1.3
6407,2025-07-31 23:00:00,1.6
6408,2025-08-01 00:00:00,2.1
6409,2025-08-01 01:00:00,1.8
6410,2025-08-01 02:00:00,0.8
6411,2025-08-01 03:00:00,1.8
6412,2025-08-01 04:00:00,1.3
6413,2025-08-01 05:00:00,1.0
6414,2025-08-01 06:00:00,1.1
6415,2025-08-01 07:00:00,1.2
6416,2025-08-01 08:00:00,1.7
6417,2025-08-01 09:00:00,2.8
6418,2025-08-01 10:00:00,2.5
6419,2025-08-01 11:00:00,1.6
6420,2025-08-01 12:00:00,2.7
6421,2025-08-01 13:00:00,3.9
6422,2025-08-01 14:00:00,2.6
6423,2025-08-01 15:00:00,3.6
6424,2025-08-01 16:00:00,3.2
6425,2025-08-01 17:00:00,2.0
6426,2025-08-01 18:00:00,0.9
6427,2025-08-01 19:00:00,1.2
6428,2025-08-01 20:00:00,1.3
6429,2025-08-01 21:00:00,0.8
6430,2025-08-01 22:00:00,1.4
6431,2025-08-01 23:00:00,0.8
6432,2025-08-02 00:00:00,1.0
6433,2025-08-02 01:00:00,1.7
6434,2025-08-02 02:00:00,2.4
6435,2025-08-02 03:00:00,2.7
6436,2025-08-02 04:00:00,2.7
6437,2025-08-02 05:00:00,3.1
6438,2025-08-02 06:00:00,2.9
6439,2025-08-02 07:00:00,3.4
6440,2025-08-02 08:00:00,3.5
6441,2025-08-02 09:00:00,3.1
6442,2025-08-02 10:00:00,2.9
6443,2025-08-02 11:00:00,2.9
6444,2025-08-02 12:00:00,3.5
6445,2025-08-02 13:00:00,3.8
6446,2025-08-02 14:00:00,3.6
6447,2025-08-02 15:00:00,3.1
6448,2025-08-02 16:00:00,1.9
6449,2025-08-02 17:00:00,3.0
6450,2025-08-02 18:00:00,2.7
6451,2025-08-02 19:00:00,1.0
6452,2025-08-02 20:00:00,0.7
6453,2025-08-02 21:00:00,0.5
6454,2025-08-02 22:00:00,0.5
6455,2025-08-02 23:00:00,1.1
6456,2025-08-03 00:00:00,1.4
6457,2025-08-03 01:00:00,2.7
6458,2025-08-03 02:00:00,2.2
6459,2025-08-03 03:00:00,2.5
6460,2025-08-03 04:00:00,2.8
6461,2025-08-03 05:00:00,3.0
6462,2025-08-03 06:00:00,3.5
6463,2025-08-03 07:00:00,4.2
6464,2025-08-03 08:00:00,4.2
6465,2025-08-03 09:00:00,4.3
6466,2025-08-03 10:00:00,4.6
6467,2025-08-03 11:00:00,3.8
6468,2025-08-03 12:00:00,3.4
6469,2025-08-03 13:00:00,3.0
6470,2025-08-03 14:00:00,2.4
6471,2025-08-03 15:00:00,4.4
6472,2025-08-03 16:00:00,3.4
6473,2025-08-03 17:00:00,4.3
6474,2025-08-03 18:00:00,5.2
6475,2025-08-03 19:00:00,3.8
6476,2025-08-03 20:00:00,3.3
6477,2025-08-03 21:00:00,2.9
6478,2025-08-03 22:00:00,3.2
6479,2025-08-03 23:00:00,2.7
6480,2025-08-04 00:00:00,2.8
6481,2025-08-04 01:00:00,3.7
6482,2025-08-04 02:00:00,4.2
6483,2025-08-04 03:00:00,3.9
6484,2025-08-04 04:00:00,3.2
6485,2025-08-04 05:00:00,2.5
6486,2025-08-04 06:00:00,2.2
6487,2025-08-04 07:00:00,3.1
6488,2025-08-04 08:00:00,4.5
6489,2025-08-04 09:00:00,4.8
6490,2025-08-04 10:00:00,5.2
6491,2025-08-04 11:00:00,4.2
6492,2025-08-04 12:00:00,3.5
6493,2025-08-04 13:00:00,3.9
6494,2025-08-04 14:00:00,2.3
6495,2025-08-04 15:00:00,3.5
6496,2025-08-04 16:00:00,3.3
6497,2025-08-04 17:00:00,3.9
6498,2025-08-04 18:00:00,0.9
6499,2025-08-04 19:00:00,1.2
6500,2025-08-04 20:00:00,1.6
6501,2025-08-04 21:00:00,1.5
6502,2025-08-04 22:00:00,2.8
6503,2025-08-04 23:00:00,3.8
6504,2025-08-05 00:00:00,3.8
6505,2025-08-05 01:00:00,4.4
6506,2025-08-05 02:00:00,4.7
6507,2025-08-05 03:00:00,3.8
6508,2025-08-05 04:00:00,3.1
6509,2025-08-05 05:00:00,2.9
6510,2025-08-05 06:00:00,2.9
6511,2025-08-05 07:00:00,3.8
6512,2025-08-05 08:00:00,5.2
6513,2025-08-05 09:00:00,4.4
6514,2025-08-05 10:00:00,2.7
6515,2025-08-05 11:00:00,5.1
6516,2025-08-05 12:00:00,2.7
6517,2025-08-05 13:00:00,3.3
6518,2025-08-05 14:00:00,3.3
6519,2025-08-05 15:00:00,3.8
6520,2025-08-05 16:00:00,4.7
6521,2025-08-05 17:00:00,3.2
6522,2025-08-05 18:00:00,2.7
6523,2025-08-05 19:00:00,2.5
6524,2025-08-05 20:00:00,2.9
6525,2025-08-05 21:00:00,3.9
6526,2025-08-05 22:00:00,1.7
6527,2025-08-05 23:00:00,1.3
6528,2025-08-06 00:00:00,1.3
6529,2025-08-06 01:00:00,3.1
6530,2025-08-06 02:00:00,3.3
6531,2025-08-06 03:00:00,2.6
6532,2025-08-06 04:00:00,3.1
6533,2025-08-06 05:00:00,3.6
6534,2025-08-06 06:00:00,3.7
6535,2025-08-06 07:00:00,4.7
6536,2025-08-06 08:00:00,4.3
6537,2025-08-06 09:00:00,5.0
6538,2025-08-06 10:00:00,5.6
6539,2025-08-06 11:00:00,5.2
6540,2025-08-06 12:00:00,4.5
6541,2025-08-06 13:00:00,3.3
6542,2025-08-06 14:00:00,3.6
6543,2025-08-06 15:00:00,4.4
6544,2025-08-06 16:00:00,4.8
6545,2025-08-06 17:00:00,3.7
6546,2025-08-06 18:00:00,2.5
6547,2025-08-06 19:00:00,1.1
6548,2025-08-06 20:00:00,0.5
6549,2025-08-06 21:00:00,0.6
6550,2025-08-06 22:00:00,0.4
6551,2025-08-06 23:00:00,0.5
6552,2025-08-07 00:00:00,0.8
6553,2025-08-07 01:00:00,1.1
6554,2025-08-07 02:00:00,0.9
6555,2025-08-07 03:00:00,0.9
6556,2025-08-07 04:00:00,1.0
6557,2025-08-07 05:00:00,1.6
6558,2025-08-07 06:00:00,1.2
6559,2025-08-07 07:00:00,1.6
6560,2025-08-07 08:00:00,1.4
6561,2025-08-07 09:00:00,1.8
6562,2025-08-07 10:00:00,2.2
6563,2025-08-07 11:00:00,2.5
6564,2025-08-07 12:00:00,3.4
6565,2025-08-07 13:00:00,4.2
6566,2025-08-07 14:00:00,4.5
6567,2025-08-07 15:00:00,4.2
6568,2025-08-07 16:00:00,3.4
6569,2025-08-07 17:00:00,2.4
6570,2025-08-07 18:00:00,1.5
6571,2025-08-07 19:00:00,1.3
6572,2025-08-07 20:00:00,1.8
6573,2025-08-07 21:00:00,1.6
6574,2025-08-07 22:00:00,1.9
6575,2025-08-07 23:00:00,1.5
6576,2025-08-08 00:00:00,0.9
6577,2025-08-08 01:00:00,0.4
6578,2025-08-08 02:00:00,0.5
6579,2025-08-08 03:00:00,0.8
6580,2025-08-08 04:00:00,1.3
6581,2025-08-08 05:00:00,1.1
6582,2025-08-08 06:00:00,1.8
6583,2025-08-08 07:00:00,1.1
6584,2025-08-08 08:00:00,0.6
6585,2025-08-08 09:00:00,0.8
6586,2025-08-08 10:00:00,2.0
6587,2025-08-08 11:00:00,3.6
6588,2025-08-08 12:00:00,3.8
6589,2025-08-08 13:00:00,3.4
6590,2025-08-08 14:00:00,3.6
6591,2025-08-08 15:00:00,4.4
6592,2025-08-08 16:00:00,4.1
6593,2025-08-08 17:00:00,2.4
6594,2025-08-08 18:00:00,2.2
6595,2025-08-08 19:00:00,1.5
6596,2025-08-08 20:00:00,1.1
6597,2025-08-08 21:00:00,1.0
6598,2025-08-08 22:00:00,0.8
6599,2025-08-08 23:00:00,1.1
6600,2025-08-09 00:00:00,1.0
6601,2025-08-09 01:00:00,0.4
6602,2025-08-09 02:00:00,0.5
6603,2025-08-09 03:00:00,0.8
6604,2025-08-09 04:00:00,0.3
6605,2025-08-09 05:00:00,0.3
6606,2025-08-09 06:00:00,0.3
6607,2025-08-09 07:00:00,0.6
6608,2025-08-09 08:00:00,2.1
6609,2025-08-09 09:00:00,2.7
6610,2025-08-09 10:00:00,2.7
6611,2025-08-09 11:00:00,3.0
6612,2025-08-09 12:00:00,3.6
6613,2025-08-09 13:00:00,3.9
6614,2025-08-09 14:00:00,4.1
6615,2025-08-09 15:00:00,3.6
6616,2025-08-09 16:00:00,3.1
6617,2025-08-09 17:00:00,2.9
6618,2025-08-09 18:00:00,1.8
6619,2025-08-09 19:00:00,1.2
6620,2025-08-09 20:00:00,1.0
6621,2025-08-09 21:00:00,1.2
6622,2025-08-09 22:00:00,2.2
6623,2025-08-09 23:00:00,1.9
6624,2025-08-10 00:00:00,1.8
6625,2025-08-10 01:00:00,1.7
6626,2025-08-10 02:00:00,2.5
6627,2025-08-10 03:00:00,3.1
6628,2025-08-10 04:00:00,2.6
6629,2025-08-10 05:00:00,2.7
6630,2025-08-10 06:00:00,3.3
6631,2025-08-10 07:00:00,4.3
6632,2025-08-10 08:00:00,4.8
6633,2025-08-10 09:00:00,4.0
6634,2025-08-10 10:00:00,3.7
6635,2025-08-10 11:00:00,3.7
6636,2025-08-10 12:00:00,3.8
6637,2025-08-10 13:00:00,3.9
6638,2025-08-10 14:00:00,3.7
6639,2025-08-10 15:00:00,3.7
6640,2025-08-10 16:00:00,3.3
6641,2025-08-10 17:00:00,2.8
6642,2025-08-10 18:00:00,1.9
6643,2025-08-10 19:00:00,0.7
6644,2025-08-10 20:00:00,1.0
6645,2025-08-10 21:00:00,0.7
6646,2025-08-10 22:00:00,0.6
6647,2025-08-10 23:00:00,0.6
6648,2025-08-11 00:00:00,0.6
6649,2025-08-11 01:00:00,0.4
6650,2025-08-11 02:00:00,0.4
6651,2025-08-11 03:00:00,0.3
6652,2025-08-11 04:00:00,0.3
6653,2025-08-11 05:00:00,0.2
6654,2025-08-11 06:00:00,0.2
6655,2025-08-11 07:00:00,0.9
6656,2025-08-11 08:00:00,1.4
6657,2025-08-11 09:00:00,1.1
6658,2025-08-11 10:00:00,1.5
6659,2025-08-11 11:00:00,1.7
6660,2025-08-11 12:00:00,1.4
6661,2025-08-11 13:00:00,1.7
6662,2025-08-11 14:00:00,1.4
6663,2025-08-11 15:00:00,1.5
6664,2025-08-11 16:00:00,1.4
6665,2025-08-11 17:00:00,1.4
6666,2025-08-11 18:00:00,0.8
6667,2025-08-11 19:00:00,1.0
6668,2025-08-11 20:00:00,1.7
6669,2025-08-11 21:00:00,1.6
6670,2025-08-11 22:00:00,1.2
6671,2025-08-11 23:00:00,1.3
6672,2025-08-12 00:00:00,1.2
6673,2025-08-12 01:00:00,1.5
6674,2025-08-12 02:00:00,1.3
6675,2025-08-12 03:00:00,1.5
6676,2025-08-12 04:00:00,1.2
6677,2025-08-12 05:00:00,1.0
6678,2025-08-12 06:00:00,1.5
6679,2025-08-12 07:00:00,1.5
6680,2025-08-12 08:00:00,1.9
6681,2025-08-12 09:00:00,2.8
6682,2025-08-12 10:00:00,3.4
6683,2025-08-12 11:00:00,4.2
6684,2025-08-12 12:00:00,4.1
6685,2025-08-12 13:00:00,3.5
6686,2025-08-12 14:00:00,3.7
6687,2025-08-12 15:00:00,3.4
6688,2025-08-12 16:00:00,3.3
6689,2025-08-12 17:00:00,3.0
6690,2025-08-12 18:00:00,2.3
6691,2025-08-12 19:00:00,1.5
6692,2025-08-12 20:00:00,1.7
6693,2025-08-12 21:00:00,1.4
6694,2025-08-12 22:00:00,2.4
6695,2025-08-12 23:00:00,2.8
6696,2025-08-13 00:00:00,2.9
6697,2025-08-13 01:00:00,2.2
6698,2025-08-13 02:00:00,2.4
6699,2025-08-13 03:00:00,2.4
6700,2025-08-13 04:00:00,2.2
6701,2025-08-13 05:00:00,2.1
6702,2025-08-13 06:00:00,2.5
6703,2025-08-13 07:00:00,2.6
6704,2025-08-13 08:00:00,2.3
6705,2025-08-13 09:00:00,2.9
6706,2025-08-13 10:00:00,2.7
6707,2025-08-13 11:00:00,3.1
6708,2025-08-13 12:00:00,4.1
6709,2025-08-13 13:00:00,3.5
6710,2025-08-13 14:00:00,3.5
6711,2025-08-13 15:00:00,3.2
6712,2025-08-13 16:00:00,3.0
6713,2025-08-13 17:00:00,2.7
6714,2025-08-13 18:00:00,1.6
6715,2025-08-13 19:00:00,1.0
6716,2025-08-13 20:00:00,1.6
6717,2025-08-13 21:00:00,1.2
6718,2025-08-13 22:00:00,0.9
6719,2025-08-13 23:00:00,0.4
6720,2025-08-14 00:00:00,0.6
6721,2025-08-14 01:00:00,0.5
6722,2025-08-14 02:00:00,0.7
6723,2025-08-14 03:00:00,1.4
6724,2025-08-14 04:00:00,1.9
6725,2025-08-14 05:00:00,1.5
6726,2025-08-14 06:00:00,1.2
6727,2025-08-14 07:00:00,1.0
6728,2025-08-14 08:00:00,2.6
6729,2025-08-14 09:00:00,2.8
6730,2025-08-14 10:00:00,2.3
6731,2025-08-14 11:00:00,3.5
6732,2025-08-14 12:00:00,3.3
6733,2025-08-14 13:00:00,3.3
6734,2025-08-14 14:00:00,3.1
6735,2025-08-14 15:00:00,2.7
6736,2025-08-14 16:00:00,3.0
6737,2025-08-14 17:00:00,2.6
6738,2025-08-14 18:00:00,1.6
6739,2025-08-14 19:00:00,0.9
6740,2025-08-14 20:00:00,0.6
6741,2025-08-14 21:00:00,0.6
6742,2025-08-14 22:00:00,0.8
6743,2025-08-14 23:00:00,1.6
6744,2025-08-15 00:00:00,1.9
6745,2025-08-15 01:00:00,2.1
6746,2025-08-15 02:00:00,2.5
6747,2025-08-15 03:00:00,1.4
6748,2025-08-15 04:00:00,2.0
6749,2025-08-15 05:00:00,2.0
6750,2025-08-15 06:00:00,1.9
6751,2025-08-15 07:00:00,1.1
6752,2025-08-15 08:00:00,0.9
6753,2025-08-15 09:00:00,1.1
6754,2025-08-15 10:00:00,1.2
6755,2025-08-15 11:00:00,1.3
6756,2025-08-15 12:00:00,2.1
6757,2025-08-15 13:00:00,2.6
6758,2025-08-15 14:00:00,2.0
6759,2025-08-15 15:00:00,2.1
6760,2025-08-15 16:00:00,2.8
6761,2025-08-15 17:00:00,3.2
6762,2025-08-15 18:00:00,3.2
6763,2025-08-15 19:00:00,3.5
6764,2025-08-15 20:00:00,3.2
6765,2025-08-15 21:00:00,2.7
6766,2025-08-15 22:00:00,2.2
6767,2025-08-15 23:00:00,2.3
6768,2025-08-16 00:00:00,1.9
6769,2025-08-16 01:00:00,1.8
6770,2025-08-16 02:00:00,1.8
6771,2025-08-16 03:00:00,1.8
6772,2025-08-16 04:00:00,2.1
6773,2025-08-16 05:00:00,2.3
6774,2025-08-16 06:00:00,2.6
6775,2025-08-16 07:00:00,2.4
6776,2025-08-16 08:00:00,2.6
6777,2025-08-16 09:00:00,2.7
6778,2025-08-16 10:00:00,3.3
6779,2025-08-16 11:00:00,3.1
6780,2025-08-16 12:00:00,3.1
6781,2025-08-16 13:00:00,2.9
6782,2025-08-16 14:00:00,3.1
6783,2025-08-16 15:00:00,3.4
6784,2025-08-16 16:00:00,3.5
6785,2025-08-16 17:00:00,2.6
6786,2025-08-16 18:00:00,2.1
6787,2025-08-16 19:00:00,2.0
6788,2025-08-16 20:00:00,1.6
6789,2025-08-16 21:00:00,1.8
6790,2025-08-16 22:00:00,2.1
6791,2025-08-16 23:00:00,2.2
6792,2025-08-17 00:00:00,2.5
6793,2025-08-17 01:00:00,2.2
6794,2025-08-17 02:00:00,2.3
6795,2025-08-17 03:00:00,2.2
6796,2025-08-17 04:00:00,2.0
6797,2025-08-17 05:00:00,2.7
6798,2025-08-17 06:00:00,3.1
6799,2025-08-17 07:00:00,3.3
6800,2025-08-17 08:00:00,4.1
6801,2025-08-17 09:00:00,3.3
6802,2025-08-17 10:00:00,2.5
6803,2025-08-17 11:00:00,2.4
6804,2025-08-17 12:00:00,2.5
6805,2025-08-17 13:00:00,2.0
6806,2025-08-17 14:00:00,1.8
6807,2025-08-17 15:00:00,2.8
6808,2025-08-17 16:00:00,2.4
6809,2025-08-17 17:00:00,2.4
6810,2025-08-17 18:00:00,1.7
6811,2025-08-17 19:00:00,1.2
6812,2025-08-17 20:00:00,1.4
6813,2025-08-17 21:00:00,1.6
6814,2025-08-17 22:00:00,1.4
6815,2025-08-17 23:00:00,0.7
6816,2025-08-18 00:00:00,0.6
6817,2025-08-18 01:00:00,0.3
6818,2025-08-18 02:00:00,0.5
6819,2025-08-18 03:00:00,0.5
6820,2025-08-18 04:00:00,0.4
6821,2025-08-18 05:00:00,0.5
6822,2025-08-18 06:00:00,0.6
6823,2025-08-18 07:00:00,0.5
6824,2025-08-18 08:00:00,1.3
6825,2025-08-18 09:00:00,1.5
6826,2025-08-18 10:00:00,2.6
6827,2025-08-18 11:00:00,1.9
6828,2025-08-18 12:00:00,1.8
6829,2025-08-18 13:00:00,1.9
6830,2025-08-18 14:00:00,2.5
6831,2025-08-18 15:00:00,2.7
6832,2025-08-18 16:00:00,3.2
6833,2025-08-18 17:00:00,2.5
6834,2025-08-18 18:00:00,2.2
6835,2025-08-18 19:00:00,1.3
6836,2025-08-18 20:00:00,0.7
6837,2025-08-18 21:00:00,0.5
6838,2025-08-18 22:00:00,0.8
6839,2025-08-18 23:00:00,0.8
6840,2025-08-19 00:00:00,1.2
6841,2025-08-19 01:00:00,1.2
6842,2025-08-19 02:00:00,1.1
6843,2025-08-19 03:00:00,1.2
6844,2025-08-19 04:00:00,1.1
6845,2025-08-19 05:00:00,1.2
6846,2025-08-19 06:00:00,1.2
6847,2025-08-19 07:00:00,1.5
6848,2025-08-19 08:00:00,1.7
6849,2025-08-19 09:00:00,2.5
6850,2025-08-19 10:00:00,2.5
6851,2025-08-19 11:00:00,2.3
6852,2025-08-19 12:00:00,2.0
6853,2025-08-19 13:00:00,2.0
6854,2025-08-19 14:00:00,1.6
6855,2025-08-19 15:00:00,1.9
6856,2025-08-19 16:00:00,1.3
6857,2025-08-19 17:00:00,1.7
6858,2025-08-19 18:00:00,1.0
6859,2025-08-19 19:00:00,0.9
6860,2025-08-19 20:00:00,0.7
6861,2025-08-19 21:00:00,0.5
6862,2025-08-19 22:00:00,0.5
6863,2025-08-19 23:00:00,0.6
6864,2025-08-20 00:00:00,0.6
6865,2025-08-20 01:00:00,1.7
6866,2025-08-20 02:00:00,1.6
6867,2025-08-20 03:00:00,1.0
6868,2025-08-20 04:00:00,1.5
6869,2025-08-20 05:00:00,1.7
6870,2025-08-20 06:00:00,1.8
6871,2025-08-20 07:00:00,1.9
6872,2025-08-20 08:00:00,2.5
6873,2025-08-20 09:00:00,2.1
6874,2025-08-20 10:00:00,2.2
6875,2025-08-20 11:00:00,2.5
6876,2025-08-20 12:00:00,2.1
6877,2025-08-20 13:00:00,2.5
6878,2025-08-20 14:00:00,1.9
6879,2025-08-20 15:00:00,1.6
6880,2025-08-20 16:00:00,1.6
6881,2025-08-20 17:00:00,2.1
6882,2025-08-20 18:00:00,2.1
6883,2025-08-20 19:00:00,1.9
6884,2025-08-20 20:00:00,1.5
6885,2025-08-20 21:00:00,1.5
6886,2025-08-20 22:00:00,1.6
6887,2025-08-20 23:00:00,1.2
6888,2025-08-21 00:00:00,1.0
6889,2025-08-21 01:00:00,1.1
6890,2025-08-21 02:00:00,0.6
6891,2025-08-21 03:00:00,0.8
6892,2025-08-21 04:00:00,1.0
6893,2025-08-21 05:00:00,0.8
6894,2025-08-21 06:00:00,0.5
6895,2025-08-21 07:00:00,0.7
6896,2025-08-21 08:00:00,1.1
6897,2025-08-21 09:00:00,1.8
6898,2025-08-21 10:00:00,1.8
6899,2025-08-21 11:00:00,2.0
6900,2025-08-21 12:00:00,2.7
6901,2025-08-21 13:00:00,2.7
6902,2025-08-21 14:00:00,2.9
6903,2025-08-21 15:00:00,2.9
6904,2025-08-21 16:00:00,2.8
6905,2025-08-21 17:00:00,3.0
6906,2025-08-21 18:00:00,2.6
6907,2025-08-21 19:00:00,1.8
6908,2025-08-21 20:00:00,1.2
6909,2025-08-21 21:00:00,1.3
6910,2025-08-21 22:00:00,0.9
6911,2025-08-21 23:00:00,1.5
6912,2025-08-22 00:00:00,1.3
6913,2025-08-22 01:00:00,2.0
6914,2025-08-22 02:00:00,2.2
6915,2025-08-22 03:00:00,1.8
6916,2025-08-22 04:00:00,1.9
6917,2025-08-22 05:00:00,2.3
6918,2025-08-22 06:00:00,3.1
6919,2025-08-22 07:00:00,4.3
6920,2025-08-22 08:00:00,4.6
6921,2025-08-22 09:00:00,4.4
6922,2025-08-22 10:00:00,3.9
6923,2025-08-22 11:00:00,3.7
6924,2025-08-22 12:00:00,6.1
6925,2025-08-22 13:00:00,5.2
6926,2025-08-22 14:00:00,4.7
6927,2025-08-22 15:00:00,5.9
6928,2025-08-22 16:00:00,5.3
6929,2025-08-22 17:00:00,3.5
6930,2025-08-22 18:00:00,2.8
6931,2025-08-22 19:00:00,2.5
6932,2025-08-22 20:00:00,2.1
6933,2025-08-22 21:00:00,1.9
6934,2025-08-22 22:00:00,2.6
6935,2025-08-22 23:00:00,3.8
6936,2025-08-23 00:00:00,3.9
6937,2025-08-23 01:00:00,4.1
6938,2025-08-23 02:00:00,3.8
6939,2025-08-23 03:00:00,3.6
6940,2025-08-23 04:00:00,3.9
6941,2025-08-23 05:00:00,3.4
6942,2025-08-23 06:00:00,4.1
6943,2025-08-23 07:00:00,4.8
6944,2025-08-23 08:00:00,5.9
6945,2025-08-23 09:00:00,6.6
6946,2025-08-23 10:00:00,6.1
6947,2025-08-23 11:00:00,5.0
6948,2025-08-23 12:00:00,4.6
6949,2025-08-23 13:00:00,4.8
6950,2025-08-23 14:00:00,3.7
6951,2025-08-23 15:00:00,2.7
6952,2025-08-23 16:00:00,2.1
6953,2025-08-23 17:00:00,3.0
6954,2025-08-23 18:00:00,1.9
6955,2025-08-23 19:00:00,1.7
6956,2025-08-23 20:00:00,1.8
6957,2025-08-23 21:00:00,2.1
6958,2025-08-23 22:00:00,2.3
6959,2025-08-23 23:00:00,2.3
6960,2025-08-24 00:00:00,1.9
6961,2025-08-24 01:00:00,1.7
6962,2025-08-24 02:00:00,2.0
6963,2025-08-24 03:00:00,2.0
6964,2025-08-24 04:00:00,2.1
6965,2025-08-24 05:00:00,2.5
6966,2025-08-24 06:00:00,2.6
6967,2025-08-24 07:00:00,4.2
6968,2025-08-24 08:00:00,4.1
6969,2025-08-24 09:00:00,4.9
6970,2025-08-24 10:00:00,4.1
6971,2025-08-24 11:00:00,5.0
6972,2025-08-24 12:00:00,3.9
6973,2025-08-24 13:00:00,6.0
6974,2025-08-24 14:00:00,5.3
6975,2025-08-24 15:00:00,5.0
6976,2025-08-24 16:00:00,5.2
6977,2025-08-24 17:00:00,3.8
6978,2025-08-24 18:00:00,3.2
6979,2025-08-24 19:00:00,2.1
6980,2025-08-24 20:00:00,2.1
6981,2025-08-24 21:00:00,2.6
6982,2025-08-24 22:00:00,2.8
6983,2025-08-24 23:00:00,2.3
6984,2025-08-25 00:00:00,1.9
6985,2025-08-25 01:00:00,2.2
6986,2025-08-25 02:00:00,2.2
6987,2025-08-25 03:00:00,2.1
6988,2025-08-25 04:00:00,2.2
6989,2025-08-25 05:00:00,2.1
6990,2025-08-25 06:00:00,2.0
6991,2025-08-25 07:00:00,2.4
6992,2025-08-25 08:00:00,2.2
6993,2025-08-25 09:00:00,3.4
6994,2025-08-25 10:00:00,3.7
6995,2025-08-25 11:00:00,3.4
6996,2025-08-25 12:00:00,3.2
6997,2025-08-25 13:00:00,2.5
6998,2025-08-25 14:00:00,2.6
6999,2025-08-25 15:00:00,2.9
7000,2025-08-25 16:00:00,2.6
7001,2025-08-25 17:00:00,1.9
7002,2025-08-25 18:00:00,0.8
7003,2025-08-25 19:00:00,0.6
7004,2025-08-25 20:00:00,0.7
7005,2025-08-25 21:00:00,0.8
7006,2025-08-25 22:00:00,0.7
7007,2025-08-25 23:00:00,0.3
7008,2025-08-26 00:00:00,0.6
7009,2025-08-26 01:00:00,0.8
7010,2025-08-26 02:00:00,0.5
7011,2025-08-26 03:00:00,1.3
7012,2025-08-26 04:00:00,1.7
7013,2025-08-26 05:00:00,1.7
7014,2025-08-26 06:00:00,1.6
7015,2025-08-26 07:00:00,2.3
7016,2025-08-26 08:00:00,1.8
7017,2025-08-26 09:00:00,3.2
7018,2025-08-26 10:00:00,2.9
7019,2025-08-26 11:00:00,2.5
7020,2025-08-26 12:00:00,2.6
7021,2025-08-26 13:00:00,1.8
7022,2025-08-26 14:00:00,1.5
7023,2025-08-26 15:00:00,1.5
7024,2025-08-26 16:00:00,1.7
7025,2025-08-26 17:00:00,0.8
7026,2025-08-26 18:00:00,0.5
7027,2025-08-26 19:00:00,1.0
7028,2025-08-26 20:00:00,1.6
7029,2025-08-26 21:00:00,2.5
7030,2025-08-26 22:00:00,2.8
7031,2025-08-26 23:00:00,2.8
7032,2025-08-27 00:00:00,2.6
7033,2025-08-27 01:00:00,2.9
7034,2025-08-27 02:00:00,2.5
7035,2025-08-27 03:00:00,2.2
7036,2025-08-27 04:00:00,1.9
7037,2025-08-27 05:00:00,2.2
7038,2025-08-27 06:00:00,2.9
7039,2025-08-27 07:00:00,3.0
7040,2025-08-27 08:00:00,2.1
7041,2025-08-27 09:00:00,2.7
7042,2025-08-27 10:00:00,1.8
7043,2025-08-27 11:00:00,2.0
7044,2025-08-27 12:00:00,3.8
7045,2025-08-27 13:00:00,4.1
7046,2025-08-27 14:00:00,4.8
7047,2025-08-27 15:00:00,4.5
7048,2025-08-27 16:00:00,4.1
7049,2025-08-27 17:00:00,3.1
7050,2025-08-27 18:00:00,1.5
7051,2025-08-27 19:00:00,2.0
7052,2025-08-27 20:00:00,3.0
7053,2025-08-27 21:00:00,3.6
7054,2025-08-27 22:00:00,3.7
7055,2025-08-27 23:00:00,3.3
7056,2025-08-28 00:00:00,2.3
7057,2025-08-28 01:00:00,3.2
7058,2025-08-28 02:00:00,2.7
7059,2025-08-28 03:00:00,1.0
7060,2025-08-28 04:00:00,1.8
7061,2025-08-28 05:00:00,2.6
7062,2025-08-28 06:00:00,2.0
7063,2025-08-28 07:00:00,1.3
7064,2025-08-28 08:00:00,1.4
7065,2025-08-28 09:00:00,0.8
7066,2025-08-28 10:00:00,1.7
7067,2025-08-28 11:00:00,4.5
7068,2025-08-28 12:00:00,1.4
7069,2025-08-28 13:00:00,1.1
7070,2025-08-28 14:00:00,1.6
7071,2025-08-28 15:00:00,1.7
7072,2025-08-28 16:00:00,2.7
7073,2025-08-28 17:00:00,1.2
7074,2025-08-28 18:00:00,1.0
7075,2025-08-28 19:00:00,0.9
7076,2025-08-28 20:00:00,0.9
7077,2025-08-28 21:00:00,1.3
7078,2025-08-28 22:00:00,1.3
7079,2025-08-28 23:00:00,2.1
7080,2025-08-29 00:00:00,2.1
7081,2025-08-29 01:00:00,1.0
7082,2025-08-29 02:00:00,0.9
7083,2025-08-29 03:00:00,1.0
7084,2025-08-29 04:00:00,1.5
7085,2025-08-29 05:00:00,1.2
7086,2025-08-29 06:00:00,0.8
7087,2025-08-29 07:00:00,1.0
7088,2025-08-29 08:00:00,1.3
7089,2025-08-29 09:00:00,1.3
7090,2025-08-29 10:00:00,1.2
7091,2025-08-29 11:00:00,1.6
7092,2025-08-29 12:00:00,1.4
7093,2025-08-29 13:00:00,1.4
7094,2025-08-29 14:00:00,1.4
7095,2025-08-29 15:00:00,1.6
7096,2025-08-29 16:00:00,1.5
7097,2025-08-29 17:00:00,1.1
7098,2025-08-29 18:00:00,0.9
7099,2025-08-29 19:00:00,1.0
7100,2025-08-29 20:00:00,1.2
7101,2025-08-29 21:00:00,1.2
7102,2025-08-29 22:00:00,1.3
7103,2025-08-29 23:00:00,1.8
7104,2025-08-30 00:00:00,1.0
7105,2025-08-30 01:00:00,0.6
7106,2025-08-30 02:00:00,0.9
7107,2025-08-30 03:00:00,1.1
7108,2025-08-30 04:00:00,2.2
7109,2025-08-30 05:00:00,1.2
7110,2025-08-30 06:00:00,0.8
7111,2025-08-30 07:00:00,1.0
7112,2025-08-30 08:00:00,2.1
7113,2025-08-30 09:00:00,3.6
7114,2025-08-30 10:00:00,4.2
7115,2025-08-30 11:00:00,4.5
7116,2025-08-30 12:00:00,4.5
7117,2025-08-30 13:00:00,3.5
7118,2025-08-30 14:00:00,4.4
7119,2025-08-30 15:00:00,4.5
7120,2025-08-30 16:00:00,3.6
7121,2025-08-30 17:00:00,3.5
7122,2025-08-30 18:00:00,1.4
7123,2025-08-30 19:00:00,0.7
7124,2025-08-30 20:00:00,0.8
7125,2025-08-30 21:00:00,0.6
7126,2025-08-30 22:00:00,0.4
7127,2025-08-30 23:00:00,0.6
7128,2025-08-31 00:00:00,1.0
7129,2025-08-31 01:00:00,0.9
7130,2025-08-31 02:00:00,0.9
7131,2025-08-31 03:00:00,0.7
7132,2025-08-31 04:00:00,0.9
7133,2025-08-31 05:00:00,0.9
7134,2025-08-31 06:00:00,0.8
7135,2025-08-31 07:00:00,0.5
7136,2025-08-31 08:00:00,0.9
7137,2025-08-31 09:00:00,0.9
7138,2025-08-31 10:00:00,2.6
7139,2025-08-31 11:00:00,2.5
7140,2025-08-31 12:00:00,2.6
7141,2025-08-31 13:00:00,2.6
7142,2025-08-31 14:00:00,2.3
7143,2025-08-31 15:00:00,2.3
7144,2025-08-31 16:00:00,1.9
7145,2025-08-31 17:00:00,2.3
7146,2025-08-31 18:00:00,2.0
7147,2025-08-31 19:00:00,2.2
7148,2025-08-31 20:00:00,2.3
7149,2025-08-31 21:00:00,2.7
7150,2025-08-31 22:00:00,3.0
7151,2025-08-31 23:00:00,2.9
7152,2025-09-01 00:00:00,3.0
7153,2025-09-01 01:00:00,3.1
7154,2025-09-01 02:00:00,2.9
7155,2025-09-01 03:00:00,2.6
7156,2025-09-01 04:00:00,3.1
7157,2025-09-01 05:00:00,3.3
7158,2025-09-01 06:00:00,3.4
7159,2025-09-01 07:00:00,3.3
7160,2025-09-01 08:00:00,3.3
7161,2025-09-01 09:00:00,3.6
7162,2025-09-01 10:00:00,4.8
7163,2025-09-01 11:00:00,4.9
7164,2025-09-01 12:00:00,5.2
7165,2025-09-01 13:00:00,4.3
7166,2025-09-01 14:00:00,3.7
7167,2025-09-01 15:00:00,3.2
7168,2025-09-01 16:00:00,2.4
7169,2025-09-01 17:00:00,2.4
7170,2025-09-01 18:00:00,2.0
7171,2025-09-01 19:00:00,3.7
7172,2025-09-01 20:00:00,2.8
7173,2025-09-01 21:00:00,2.6
7174,2025-09-01 22:00:00,3.2
7175,2025-09-01 23:00:00,2.1
7176,2025-09-02 00:00:00,1.5
7177,2025-09-02 01:00:00,1.0
7178,2025-09-02 02:00:00,1.7
7179,2025-09-02 03:00:00,1.6
7180,2025-09-02 04:00:00,2.1
7181,2025-09-02 05:00:00,0.8
7182,2025-09-02 06:00:00,0.7
7183,2025-09-02 07:00:00,0.9
7184,2025-09-02 08:00:00,1.3
7185,2025-09-02 09:00:00,2.0
7186,2025-09-02 10:00:00,2.0
7187,2025-09-02 11:00:00,0.7
7188,2025-09-02 12:00:00,1.2
7189,2025-09-02 13:00:00,2.1
7190,2025-09-02 14:00:00,2.6
7191,2025-09-02 15:00:00,3.2
7192,2025-09-02 16:00:00,3.4
7193,2025-09-02 17:00:00,3.3
7194,2025-09-02 18:00:00,2.3
7195,2025-09-02 19:00:00,1.9
7196,2025-09-02 20:00:00,2.6
7197,2025-09-02 21:00:00,2.1
7198,2025-09-02 22:00:00,2.7
7199,2025-09-02 23:00:00,2.5
7200,2025-09-03 00:00:00,2.8
7201,2025-09-03 01:00:00,3.6
7202,2025-09-03 02:00:00,3.1
7203,2025-09-03 03:00:00,3.4
7204,2025-09-03 04:00:00,2.8
7205,2025-09-03 05:00:00,2.9
7206,2025-09-03 06:00:00,2.2
7207,2025-09-03 07:00:00,1.7
7208,2025-09-03 08:00:00,2.2
7209,2025-09-03 09:00:00,3.7
7210,2025-09-03 10:00:00,4.8
7211,2025-09-03 11:00:00,4.8
7212,2025-09-03 12:00:00,5.2
7213,2025-09-03 13:00:00,5.4
7214,2025-09-03 14:00:00,6.0
7215,2025-09-03 15:00:00,5.5
7216,2025-09-03 16:00:00,5.1
7217,2025-09-03 17:00:00,4.2
7218,2025-09-03 18:00:00,2.8
7219,2025-09-03 19:00:00,2.7
7220,2025-09-03 20:00:00,3.2
7221,2025-09-03 21:00:00,2.8
7222,2025-09-03 22:00:00,2.6
7223,2025-09-03 23:00:00,2.0
7224,2025-09-04 00:00:00,1.7
7225,2025-09-04 01:00:00,2.0
7226,2025-09-04 02:00:00,2.2
7227,2025-09-04 03:00:00,2.5
7228,2025-09-04 04:00:00,2.6
7229,2025-09-04 05:00:00,3.2
7230,2025-09-04 06:00:00,3.0
7231,2025-09-04 07:00:00,1.7
7232,2025-09-04 08:00:00,2.2
7233,2025-09-04 09:00:00,3.5
7234,2025-09-04 10:00:00,3.5
7235,2025-09-04 11:00:00,3.1
7236,2025-09-04 12:00:00,4.0
7237,2025-09-04 13:00:00,4.4
7238,2025-09-04 14:00:00,3.5
7239,2025-09-04 15:00:00,3.7
7240,2025-09-04 16:00:00,2.9
7241,2025-09-04 17:00:00,2.6
7242,2025-09-04 18:00:00,1.4
7243,2025-09-04 19:00:00,1.0
7244,2025-09-04 20:00:00,0.7
7245,2025-09-04 21:00:00,0.9
7246,2025-09-04 22:00:00,1.6
7247,2025-09-04 23:00:00,1.1
7248,2025-09-05 00:00:00,1.1
7249,2025-09-05 01:00:00,1.7
7250,2025-09-05 02:00:00,1.7
7251,2025-09-05 03:00:00,6.2
7252,2025-09-05 04:00:00,4.4
7253,2025-09-05 05:00:00,1.6
7254,2025-09-05 06:00:00,1.6
7255,2025-09-05 07:00:00,2.1
7256,2025-09-05 08:00:00,1.9
7257,2025-09-05 09:00:00,2.3
7258,2025-09-05 10:00:00,3.1
7259,2025-09-05 11:00:00,3.6
7260,2025-09-05 12:00:00,4.9
7261,2025-09-05 13:00:00,2.9
7262,2025-09-05 14:00:00,2.3
7263,2025-09-05 15:00:00,2.1
7264,2025-09-05 16:00:00,1.8
7265,2025-09-05 17:00:00,1.3
7266,2025-09-05 18:00:00,0.6
7267,2025-09-05 19:00:00,0.8
7268,2025-09-05 20:00:00,0.8
7269,2025-09-05 21:00:00,1.2
7270,2025-09-05 22:00:00,1.3
7271,2025-09-05 23:00:00,2.1
7272,2025-09-06 00:00:00,2.2
7273,2025-09-06 01:00:00,2.1
7274,2025-09-06 02:00:00,1.9
7275,2025-09-06 03:00:00,1.9
7276,2025-09-06 04:00:00,2.3
7277,2025-09-06 05:00:00,2.1
7278,2025-09-06 06:00:00,2.2
7279,2025-09-06 07:00:00,2.5
7280,2025-09-06 08:00:00,2.0
7281,2025-09-06 09:00:00,1.8
7282,2025-09-06 10:00:00,1.6
7283,2025-09-06 11:00:00,2.3
7284,2025-09-06 12:00:00,2.5
7285,2025-09-06 13:00:00,1.8
7286,2025-09-06 14:00:00,1.6
7287,2025-09-06 15:00:00,1.8
7288,2025-09-06 16:00:00,1.4
7289,2025-09-06 17:00:00,1.0
7290,2025-09-06 18:00:00,0.7
7291,2025-09-06 19:00:00,0.5
7292,2025-09-06 20:00:00,0.7
7293,2025-09-06 21:00:00,1.0
7294,2025-09-06 22:00:00,0.6
7295,2025-09-06 23:00:00,1.0
7296,2025-09-07 00:00:00,1.2
7297,2025-09-07 01:00:00,1.2
7298,2025-09-07 02:00:00,1.3
7299,2025-09-07 03:00:00,1.4
7300,2025-09-07 04:00:00,1.5
7301,2025-09-07 05:00:00,1.8
7302,2025-09-07 06:00:00,1.3
7303,2025-09-07 07:00:00,1.2
7304,2025-09-07 08:00:00,1.9
7305,2025-09-07 09:00:00,2.6
7306,2025-09-07 10:00:00,3.2
7307,2025-09-07 11:00:00,3.1
7308,2025-09-07 12:00:00,3.1
7309,2025-09-07 13:00:00,2.6
7310,2025-09-07 14:00:00,3.6
7311,2025-09-07 15:00:00,2.8
7312,2025-09-07 16:00:00,3.0
7313,2025-09-07 17:00:00,2.3
7314,2025-09-07 18:00:00,2.0
7315,2025-09-07 19:00:00,1.7
7316,2025-09-07 20:00:00,1.2
7317,2025-09-07 21:00:00,1.6
7318,2025-09-07 22:00:00,1.1
7319,2025-09-07 23:00:00,1.4
7320,2025-09-08 00:00:00,1.6
7321,2025-09-08 01:00:00,1.1
7322,2025-09-08 02:00:00,1.2
7323,2025-09-08 03:00:00,1.3
7324,2025-09-08 04:00:00,1.4
7325,2025-09-08 05:00:00,1.4
7326,2025-09-08 06:00:00,1.3
7327,2025-09-08 07:00:00,1.3
7328,2025-09-08 08:00:00,2.7
7329,2025-09-08 09:00:00,3.3
7330,2025-09-08 10:00:00,3.9
7331,2025-09-08 11:00:00,3.8
7332,2025-09-08 12:00:00,3.1
7333,2025-09-08 13:00:00,3.1
7334,2025-09-08 14:00:00,2.7
7335,2025-09-08 15:00:00,2.4
7336,2025-09-08 16:00:00,1.8
7337,2025-09-08 17:00:00,0.9
7338,2025-09-08 18:00:00,1.7
7339,2025-09-08 19:00:00,1.0
7340,2025-09-08 20:00:00,1.1
7341,2025-09-08 21:00:00,0.9
7342,2025-09-08 22:00:00,0.8
7343,2025-09-08 23:00:00,0.6
7344,2025-09-09 00:00:00,0.4
7345,2025-09-09 01:00:00,0.6
7346,2025-09-09 02:00:00,0.9
7347,2025-09-09 03:00:00,0.6
7348,2025-09-09 04:00:00,0.3
7349,2025-09-09 05:00:00,0.8
7350,2025-09-09 06:00:00,1.7
7351,2025-09-09 07:00:00,1.6
7352,2025-09-09 08:00:00,1.2
7353,2025-09-09 09:00:00,1.9
7354,2025-09-09 10:00:00,2.5
7355,2025-09-09 11:00:00,2.7
7356,2025-09-09 12:00:00,3.1
7357,2025-09-09 13:00:00,3.3
7358,2025-09-09 14:00:00,3.1
7359,2025-09-09 15:00:00,3.3
7360,2025-09-09 16:00:00,2.7
7361,2025-09-09 17:00:00,1.7
7362,2025-09-09 18:00:00,1.1
7363,2025-09-09 19:00:00,0.6
7364,2025-09-09 20:00:00,1.7
7365,2025-09-09 21:00:00,1.5
7366,2025-09-09 22:00:00,0.7
7367,2025-09-09 23:00:00,1.0
7368,2025-09-10 00:00:00,0.8
7369,2025-09-10 01:00:00,1.1
7370,2025-09-10 02:00:00,1.5
7371,2025-09-10 03:00:00,0.8
7372,2025-09-10 04:00:00,0.6
7373,2025-09-10 05:00:00,0.6
7374,2025-09-10 06:00:00,0.9
7375,2025-09-10 07:00:00,1.1
7376,2025-09-10 08:00:00,1.4
7377,2025-09-10 09:00:00,2.4
7378,2025-09-10 10:00:00,2.5
7379,2025-09-10 11:00:00,1.8
7380,2025-09-10 12:00:00,2.5
7381,2025-09-10 13:00:00,2.7
7382,2025-09-10 14:00:00,2.5
7383,2025-09-10 15:00:00,1.8
7384,2025-09-10 16:00:00,1.3
7385,2025-09-10 17:00:00,1.4
7386,2025-09-10 18:00:00,1.0
7387,2025-09-10 19:00:00,1.8
7388,2025-09-10 20:00:00,0.9
7389,2025-09-10 21:00:00,1.4
7390,2025-09-10 22:00:00,1.8
7391,2025-09-10 23:00:00,2.1
7392,2025-09-11 00:00:00,1.5
7393,2025-09-11 01:00:00,1.0
7394,2025-09-11 02:00:00,2.8
7395,2025-09-11 03:00:00,1.8
7396,2025-09-11 04:00:00,1.8
7397,2025-09-11 05:00:00,2.0
7398,2025-09-11 06:00:00,2.3
7399,2025-09-11 07:00:00,2.8
7400,2025-09-11 08:00:00,3.4
7401,2025-09-11 09:00:00,3.9
7402,2025-09-11 10:00:00,3.8
7403,2025-09-11 11:00:00,4.3
7404,2025-09-11 12:00:00,6.1
7405,2025-09-11 13:00:00,5.4
7406,2025-09-11 14:00:00,4.6
7407,2025-09-11 15:00:00,3.7
7408,2025-09-11 16:00:00,6.6
7409,2025-09-11 17:00:00,6.0
7410,2025-09-11 18:00:00,3.9
7411,2025-09-11 19:00:00,2.4
7412,2025-09-11 20:00:00,4.3
7413,2025-09-11 21:00:00,2.9
7414,2025-09-11 22:00:00,2.7
7415,2025-09-11 23:00:00,3.0
7416,2025-09-12 00:00:00,3.4
7417,2025-09-12 01:00:00,2.9
7418,2025-09-12 02:00:00,3.3
7419,2025-09-12 03:00:00,2.9
7420,2025-09-12 04:00:00,2.7
7421,2025-09-12 05:00:00,1.8
7422,2025-09-12 06:00:00,2.0
7423,2025-09-12 07:00:00,4.4
7424,2025-09-12 08:00:00,4.2
7425,2025-09-12 09:00:00,2.8
7426,2025-09-12 10:00:00,3.9
7427,2025-09-12 11:00:00,5.5
7428,2025-09-12 12:00:00,5.3
7429,2025-09-12 13:00:00,5.1
7430,2025-09-12 14:00:00,5.4
7431,2025-09-12 15:00:00,4.7
7432,2025-09-12 16:00:00,5.3
7433,2025-09-12 17:00:00,2.5
7434,2025-09-12 18:00:00,2.3
7435,2025-09-12 19:00:00,2.2
7436,2025-09-12 20:00:00,1.5
7437,2025-09-12 21:00:00,1.3
7438,2025-09-12 22:00:00,1.4
7439,2025-09-12 23:00:00,1.6
7440,2025-09-13 00:00:00,1.1
7441,2025-09-13 01:00:00,2.0
7442,2025-09-13 02:00:00,2.1
7443,2025-09-13 03:00:00,2.5
7444,2025-09-13 04:00:00,2.4
7445,2025-09-13 05:00:00,2.0
7446,2025-09-13 06:00:00,2.2
7447,2025-09-13 07:00:00,2.2
7448,2025-09-13 08:00:00,2.3
7449,2025-09-13 09:00:00,2.4
7450,2025-09-13 10:00:00,3.8
7451,2025-09-13 11:00:00,5.0
7452,2025-09-13 12:00:00,5.2
7453,2025-09-13 13:00:00,5.2
7454,2025-09-13 14:00:00,5.9
7455,2025-09-13 15:00:00,4.7
7456,2025-09-13 16:00:00,3.8
7457,2025-09-13 17:00:00,2.8
7458,2025-09-13 18:00:00,3.3
7459,2025-09-13 19:00:00,2.7
7460,2025-09-13 20:00:00,2.0
7461,2025-09-13 21:00:00,2.7
7462,2025-09-13 22:00:00,2.7
7463,2025-09-13 23:00:00,2.2
7464,2025-09-14 00:00:00,1.9
7465,2025-09-14 01:00:00,3.2
7466,2025-09-14 02:00:00,2.5
7467,2025-09-14 03:00:00,3.5
7468,2025-09-14 04:00:00,2.3
7469,2025-09-14 05:00:00,1.8
7470,2025-09-14 06:00:00,0.8
7471,2025-09-14 07:00:00,2.6
7472,2025-09-14 08:00:00,2.3
7473,2025-09-14 09:00:00,2.1
7474,2025-09-14 10:00:00,2.4
7475,2025-09-14 11:00:00,3.2
7476,2025-09-14 12:00:00,4.2
7477,2025-09-14 13:00:00,4.2
7478,2025-09-14 14:00:00,4.9
7479,2025-09-14 15:00:00,5.4
7480,2025-09-14 16:00:00,5.0
7481,2025-09-14 17:00:00,3.1
7482,2025-09-14 18:00:00,1.2
7483,2025-09-14 19:00:00,0.7
7484,2025-09-14 20:00:00,0.7
7485,2025-09-14 21:00:00,0.9
7486,2025-09-14 22:00:00,1.2
7487,2025-09-14 23:00:00,1.3
7488,2025-09-15 00:00:00,1.9
7489,2025-09-15 01:00:00,2.7
7490,2025-09-15 02:00:00,2.5
7491,2025-09-15 03:00:00,3.8
7492,2025-09-15 04:00:00,3.4
7493,2025-09-15 05:00:00,4.8
7494,2025-09-15 06:00:00,3.0
7495,2025-09-15 07:00:00,2.5
7496,2025-09-15 08:00:00,2.5
7497,2025-09-15 09:00:00,3.6
7498,2025-09-15 10:00:00,5.6
7499,2025-09-15 11:00:00,6.5
7500,2025-09-15 12:00:00,5.9
7501,2025-09-15 13:00:00,3.9
7502,2025-09-15 14:00:00,4.6
7503,2025-09-15 15:00:00,4.5
7504,2025-09-15 16:00:00,3.5
7505,2025-09-15 17:00:00,2.0
7506,2025-09-15 18:00:00,1.7
7507,2025-09-15 19:00:00,2.3
7508,2025-09-15 20:00:00,3.2
7509,2025-09-15 21:00:00,3.0
7510,2025-09-15 22:00:00,3.1
7511,2025-09-15 23:00:00,4.7
7512,2025-09-16 00:00:00,6.0
7513,2025-09-16 01:00:00,4.6
7514,2025-09-16 02:00:00,2.8
7515,2025-09-16 03:00:00,4.0
7516,2025-09-16 04:00:00,5.8
7517,2025-09-16 05:00:00,6.6
7518,2025-09-16 06:00:00,6.9
7519,2025-09-16 07:00:00,7.6
7520,2025-09-16 08:00:00,7.3
7521,2025-09-16 09:00:00,9.0
7522,2025-09-16 10:00:00,9.0
7523,2025-09-16 11:00:00,7.5
7524,2025-09-16 12:00:00,8.0
7525,2025-09-16 13:00:00,7.7
7526,2025-09-16 14:00:00,6.9
7527,2025-09-16 15:00:00,6.3
7528,2025-09-16 16:00:00,5.8
7529,2025-09-16 17:00:00,5.7
7530,2025-09-16 18:00:00,2.6
7531,2025-09-16 19:00:00,4.0
7532,2025-09-16 20:00:00,5.5
7533,2025-09-16 21:00:00,6.0
7534,2025-09-16 22:00:00,4.7
7535,2025-09-16 23:00:00,5.2
7536,2025-09-17 00:00:00,5.1
7537,2025-09-17 01:00:00,4.6
7538,2025-09-17 02:00:00,4.1
7539,2025-09-17 03:00:00,3.9
7540,2025-09-17 04:00:00,4.2
7541,2025-09-17 05:00:00,4.2
7542,2025-09-17 06:00:00,4.1
7543,2025-09-17 07:00:00,5.0
7544,2025-09-17 08:00:00,5.8
7545,2025-09-17 09:00:00,6.2
7546,2025-09-17 10:00:00,7.1
7547,2025-09-17 11:00:00,6.7
7548,2025-09-17 12:00:00,6.4
7549,2025-09-17 13:00:00,6.8
7550,2025-09-17 14:00:00,7.0
7551,2025-09-17 15:00:00,6.1
7552,2025-09-17 16:00:00,6.6
7553,2025-09-17 17:00:00,4.1
7554,2025-09-17 18:00:00,2.7
7555,2025-09-17 19:00:00,2.7
7556,2025-09-17 20:00:00,2.8
7557,2025-09-17 21:00:00,2.0
7558,2025-09-17 22:00:00,2.3
7559,2025-09-17 23:00:00,2.5
7560,2025-09-18 00:00:00,3.5
7561,2025-09-18 01:00:00,3.8
7562,2025-09-18 02:00:00,4.2
7563,2025-09-18 03:00:00,4.3
7564,2025-09-18 04:00:00,4.5
7565,2025-09-18 05:00:00,3.9
7566,2025-09-18 06:00:00,3.3
7567,2025-09-18 07:00:00,3.9
7568,2025-09-18 08:00:00,4.6
7569,2025-09-18 09:00:00,4.1
7570,2025-09-18 10:00:00,4.6
7571,2025-09-18 11:00:00,5.1
7572,2025-09-18 12:00:00,5.1
7573,2025-09-18 13:00:00,5.4
7574,2025-09-18 14:00:00,4.5
7575,2025-09-18 15:00:00,4.4
7576,2025-09-18 16:00:00,5.6
7577,2025-09-18 17:00:00,3.5
7578,2025-09-18 18:00:00,3.2
7579,2025-09-18 19:00:00,1.6
7580,2025-09-18 20:00:00,2.4
7581,2025-09-18 21:00:00,3.1
7582,2025-09-18 22:00:00,2.9
7583,2025-09-18 23:00:00,2.8
7584,2025-09-19 00:00:00,3.1
7585,2025-09-19 01:00:00,4.2
7586,2025-09-19 02:00:00,4.6
7587,2025-09-19 03:00:00,3.3
7588,2025-09-19 04:00:00,3.2
7589,2025-09-19 05:00:00,2.2
7590,2025-09-19 06:00:00,2.0
7591,2025-09-19 07:00:00,2.4
7592,2025-09-19 08:00:00,3.0
7593,2025-09-19 09:00:00,3.5
7594,2025-09-19 10:00:00,5.1
7595,2025-09-19 11:00:00,4.7
7596,2025-09-19 12:00:00,4.1
7597,2025-09-19 13:00:00,4.1
7598,2025-09-19 14:00:00,3.1
7599,2025-09-19 15:00:00,3.1
7600,2025-09-19 16:00:00,2.6
7601,2025-09-19 17:00:00,1.7
7602,2025-09-19 18:00:00,1.3
7603,2025-09-19 19:00:00,2.1
7604,2025-09-19 20:00:00,2.2
7605,2025-09-19 21:00:00,1.9
7606,2025-09-19 22:00:00,2.3
7607,2025-09-19 23:00:00,3.1
7608,2025-09-20 00:00:00,2.9
7609,2025-09-20 01:00:00,2.9
7610,2025-09-20 02:00:00,2.3
7611,2025-09-20 03:00:00,2.1
7612,2025-09-20 04:00:00,2.8
7613,2025-09-20 05:00:00,2.9
7614,2025-09-20 06:00:00,2.2
7615,2025-09-20 07:00:00,2.0
7616,2025-09-20 08:00:00,2.5
7617,2025-09-20 09:00:00,3.8
7618,2025-09-20 10:00:00,2.9
7619,2025-09-20 11:00:00,4.0
7620,2025-09-20 12:00:00,4.7
7621,2025-09-20 13:00:00,5.0
7622,2025-09-20 14:00:00,4.4
7623,2025-09-20 15:00:00,3.8
7624,2025-09-20 16:00:00,3.3
7625,2025-09-20 17:00:00,1.8
7626,2025-09-20 18:00:00,1.5
7627,2025-09-20 19:00:00,2.3
7628,2025-09-20 20:00:00,2.5
7629,2025-09-20 21:00:00,1.9
7630,2025-09-20 22:00:00,1.2
7631,2025-09-20 23:00:00,2.0
7632,2025-09-21 00:00:00,2.5
7633,2025-09-21 01:00:00,1.5
7634,2025-09-21 02:00:00,1.7
7635,2025-09-21 03:00:00,2.1
7636,2025-09-21 04:00:00,2.1
7637,2025-09-21 05:00:00,1.0
7638,2025-09-21 06:00:00,1.6
7639,2025-09-21 07:00:00,1.8
7640,2025-09-21 08:00:00,2.0
7641,2025-09-21 09:00:00,1.2
7642,2025-09-21 10:00:00,2.6
7643,2025-09-21 11:00:00,4.8
7644,2025-09-21 12:00:00,5.4
7645,2025-09-21 13:00:00,5.7
7646,2025-09-21 14:00:00,4.8
7647,2025-09-21 15:00:00,3.9
7648,2025-09-21 16:00:00,4.8
7649,2025-09-21 17:00:00,5.1
7650,2025-09-21 18:00:00,3.9
7651,2025-09-21 19:00:00,3.8
7652,2025-09-21 20:00:00,3.6
7653,2025-09-21 21:00:00,3.0
7654,2025-09-21 22:00:00,3.9
7655,2025-09-21 23:00:00,3.2
7656,2025-09-22 00:00:00,2.2
7657,2025-09-22 01:00:00,1.9
7658,2025-09-22 02:00:00,1.0
7659,2025-09-22 03:00:00,0.9
7660,2025-09-22 04:00:00,0.8
7661,2025-09-22 05:00:00,1.1
7662,2025-09-22 06:00:00,0.5
7663,2025-09-22 07:00:00,1.0
7664,2025-09-22 08:00:00,1.4
7665,2025-09-22 09:00:00,1.4
7666,2025-09-22 10:00:00,1.5
7667,2025-09-22 11:00:00,1.9
7668,2025-09-22 12:00:00,1.7
7669,2025-09-22 13:00:00,1.2
7670,2025-09-22 14:00:00,0.7
7671,2025-09-22 15:00:00,1.1
7672,2025-09-22 16:00:00,0.7
7673,2025-09-22 17:00:00,0.8
7674,2025-09-22 18:00:00,0.8
7675,2025-09-22 19:00:00,0.8
7676,2025-09-22 20:00:00,0.8
7677,2025-09-22 21:00:00,1.1
7678,2025-09-22 22:00:00,0.6
7679,2025-09-22 23:00:00,0.5
7680,2025-09-23 00:00:00,1.1
7681,2025-09-23 01:00:00,0.9
7682,2025-09-23 02:00:00,1.4
7683,2025-09-23 03:00:00,1.3
7684,2025-09-23 04:00:00,1.3
7685,2025-09-23 05:00:00,1.5
7686,2025-09-23 06:00:00,1.4
7687,2025-09-23 07:00:00,1.7
7688,2025-09-23 08:00:00,1.8
7689,2025-09-23 09:00:00,1.5
7690,2025-09-23 10:00:00,1.7
7691,2025-09-23 11:00:00,1.8
7692,2025-09-23 12:00:00,1.7
7693,2025-09-23 13:00:00,1.7
7694,2025-09-23 14:00:00,1.7
7695,2025-09-23 15:00:00,1.3
7696,2025-09-23 16:00:00,1.4
7697,2025-09-23 17:00:00,0.9
7698,2025-09-23 18:00:00,1.2
7699,2025-09-23 19:00:00,1.1
7700,2025-09-23 20:00:00,1.2
7701,2025-09-23 21:00:00,2.6
7702,2025-09-23 22:00:00,2.1
7703,2025-09-23 23:00:00,1.9
7704,2025-09-24 00:00:00,1.3
7705,2025-09-24 01:00:00,1.0
7706,2025-09-24 02:00:00,1.1
7707,2025-09-24 03:00:00,2.0
7708,2025-09-24 04:00:00,1.9
7709,2025-09-24 05:00:00,2.1
7710,2025-09-24 06:00:00,1.9
7711,2025-09-24 07:00:00,2.7
7712,2025-09-24 08:00:00,3.2
7713,2025-09-24 09:00:00,3.9
7714,2025-09-24 10:00:00,4.7
7715,2025-09-24 11:00:00,4.4
7716,2025-09-24 12:00:00,4.5
7717,2025-09-24 13:00:00,4.5
7718,2025-09-24 14:00:00,4.0
7719,2025-09-24 15:00:00,4.3
7720,2025-09-24 16:00:00,4.9
7721,2025-09-24 17:00:00,4.0
7722,2025-09-24 18:00:00,3.0
7723,2025-09-24 19:00:00,2.6
7724,2025-09-24 20:00:00,3.2
7725,2025-09-24 21:00:00,3.8
7726,2025-09-24 22:00:00,4.3
7727,2025-09-24 23:00:00,4.5
7728,2025-09-25 00:00:00,4.2
7729,2025-09-25 01:00:00,3.5
7730,2025-09-25 02:00:00,3.2
7731,2025-09-25 03:00:00,3.1
7732,2025-09-25 04:00:00,2.7
7733,2025-09-25 05:00:00,2.8
7734,2025-09-25 06:00:00,3.1
7735,2025-09-25 07:00:00,3.6
7736,2025-09-25 08:00:00,4.4
7737,2025-09-25 09:00:00,4.1
7738,2025-09-25 10:00:00,4.6
7739,2025-09-25 11:00:00,4.8
7740,2025-09-25 12:00:00,4.7
7741,2025-09-25 13:00:00,3.5
7742,2025-09-25 14:00:00,2.6
7743,2025-09-25 15:00:00,3.1
7744,2025-09-25 16:00:00,2.8
7745,2025-09-25 17:00:00,2.1
7746,2025-09-25 18:00:00,2.0
7747,2025-09-25 19:00:00,0.9
7748,2025-09-25 20:00:00,0.8
7749,2025-09-25 21:00:00,0.9
7750,2025-09-25 22:00:00,0.8
7751,2025-09-25 23:00:00,1.9
7752,2025-09-26 00:00:00,2.7
7753,2025-09-26 01:00:00,2.1
7754,2025-09-26 02:00:00,0.8
7755,2025-09-26 03:00:00,1.0
7756,2025-09-26 04:00:00,2.5
7757,2025-09-26 05:00:00,2.7
7758,2025-09-26 06:00:00,2.8
7759,2025-09-26 07:00:00,3.0
7760,2025-09-26 08:00:00,3.7
7761,2025-09-26 09:00:00,4.1
7762,2025-09-26 10:00:00,4.0
7763,2025-09-26 11:00:00,4.4
7764,2025-09-26 12:00:00,4.2
7765,2025-09-26 13:00:00,4.2
7766,2025-09-26 14:00:00,3.4
7767,2025-09-26 15:00:00,3.0
7768,2025-09-26 16:00:00,3.1
7769,2025-09-26 17:00:00,2.3
7770,2025-09-26 18:00:00,1.7
7771,2025-09-26 19:00:00,2.4
7772,2025-09-26 20:00:00,2.8
7773,2025-09-26 21:00:00,2.3
7774,2025-09-26 22:00:00,2.3
7775,2025-09-26 23:00:00,3.1
7776,2025-09-27 00:00:00,3.3
7777,2025-09-27 01:00:00,3.0
7778,2025-09-27 02:00:00,2.5
7779,2025-09-27 03:00:00,2.1
7780,2025-09-27 04:00:00,1.4
7781,2025-09-27 05:00:00,1.6
7782,2025-09-27 06:00:00,1.6
7783,2025-09-27 07:00:00,1.4
7784,2025-09-27 08:00:00,2.5
7785,2025-09-27 09:00:00,3.1
7786,2025-09-27 10:00:00,2.6
7787,2025-09-27 11:00:00,2.8
7788,2025-09-27 12:00:00,2.5
7789,2025-09-27 13:00:00,3.3
7790,2025-09-27 14:00:00,2.7
7791,2025-09-27 15:00:00,2.4
7792,2025-09-27 16:00:00,2.8
7793,2025-09-27 17:00:00,2.4
7794,2025-09-27 18:00:00,2.0
7795,2025-09-27 19:00:00,1.6
7796,2025-09-27 20:00:00,1.5
7797,2025-09-27 21:00:00,0.7
7798,2025-09-27 22:00:00,0.8
7799,2025-09-27 23:00:00,0.8
7800,2025-09-28 00:00:00,1.7
7801,2025-09-28 01:00:00,1.5
7802,2025-09-28 02:00:00,1.0
7803,2025-09-28 03:00:00,0.9
7804,2025-09-28 04:00:00,1.4
7805,2025-09-28 05:00:00,1.1
7806,2025-09-28 06:00:00,1.1
7807,2025-09-28 07:00:00,1.3
7808,2025-09-28 08:00:00,2.2
7809,2025-09-28 09:00:00,2.5
7810,2025-09-28 10:00:00,2.1
7811,2025-09-28 11:00:00,2.4
7812,2025-09-28 12:00:00,2.3
7813,2025-09-28 13:00:00,2.0
7814,2025-09-28 14:00:00,2.0
7815,2025-09-28 15:00:00,2.0
7816,2025-09-28 16:00:00,2.3
7817,2025-09-28 17:00:00,1.7
7818,2025-09-28 18:00:00,1.4
7819,2025-09-28 19:00:00,1.3
7820,2025-09-28 20:00:00,1.3
7821,2025-09-28 21:00:00,1.3
7822,2025-09-28 22:00:00,0.8
7823,2025-09-28 23:00:00,0.4
7824,2025-09-29 00:00:00,1.1
7825,2025-09-29 01:00:00,1.0
7826,2025-09-29 02:00:00,0.9
7827,2025-09-29 03:00:00,1.4
7828,2025-09-29 04:00:00,1.5
7829,2025-09-29 05:00:00,1.2
7830,2025-09-29 06:00:00,1.3
7831,2025-09-29 07:00:00,1.5
7832,2025-09-29 08:00:00,1.4
7833,2025-09-29 09:00:00,2.8
7834,2025-09-29 10:00:00,1.9
7835,2025-09-29 11:00:00,2.8
7836,2025-09-29 12:00:00,3.0
7837,2025-09-29 13:00:00,2.2
7838,2025-09-29 14:00:00,2.2
7839,2025-09-29 15:00:00,2.0
7840,2025-09-29 16:00:00,1.7
7841,2025-09-29 17:00:00,1.2
7842,2025-09-29 18:00:00,1.3
7843,2025-09-29 19:00:00,1.8
7844,2025-09-29 20:00:00,2.6
7845,2025-09-29 21:00:00,1.7
7846,2025-09-29 22:00:00,0.9
7847,2025-09-29 23:00:00,0.7
7848,2025-09-30 00:00:00,1.0
7849,2025-09-30 01:00:00,1.4
7850,2025-09-30 02:00:00,1.8
7851,2025-09-30 03:00:00,1.5
7852,2025-09-30 04:00:00,1.3
7853,2025-09-30 05:00:00,1.6
7854,2025-09-30 06:00:00,1.7
7855,2025-09-30 07:00:00,2.2
7856,2025-09-30 08:00:00,2.8
7857,2025-09-30 09:00:00,3.3
7858,2025-09-30 10:00:00,4.7
7859,2025-09-30 11:00:00,3.9
7860,2025-09-30 12:00:00,3.2
7861,2025-09-30 13:00:00,3.0
7862,2025-09-30 14:00:00,3.4
7863,2025-09-30 15:00:00,2.8
7864,2025-09-30 16:00:00,1.9
7865,2025-09-30 17:00:00,1.3
7866,2025-09-30 18:00:00,1.1
7867,2025-09-30 19:00:00,1.7
7868,2025-09-30 20:00:00,1.2
7869,2025-09-30 21:00:00,1.0
7870,2025-09-30 22:00:00,0.5
7871,2025-09-30 23:00:00,0.5
7872,2025-10-01 00:00:00,0.6
7873,2025-10-01 01:00:00,0.7
7874,2025-10-01 02:00:00,0.9
7875,2025-10-01 03:00:00,0.7
7876,2025-10-01 04:00:00,0.8
7877,2025-10-01 05:00:00,0.7
7878,2025-10-01 06:00:00,0.4
7879,2025-10-01 07:00:00,1.2
7880,2025-10-01 08:00:00,1.6
7881,2025-10-01 09:00:00,1.5
7882,2025-10-01 10:00:00,1.9
7883,2025-10-01 11:00:00,1.8
7884,2025-10-01 12:00:00,1.4
7885,2025-10-01 13:00:00,1.7
7886,2025-10-01 14:00:00,1.1
7887,2025-10-01 15:00:00,0.8
7888,2025-10-01 16:00:00,0.7
7889,2025-10-01 17:00:00,0.3
7890,2025-10-01 18:00:00,0.8
7891,2025-10-01 19:00:00,0.4
7892,2025-10-01 20:00:00,0.8
7893,2025-10-01 21:00:00,0.5
7894,2025-10-01 22:00:00,0.7
7895,2025-10-01 23:00:00,0.6
7896,2025-10-02 00:00:00,0.4
7897,2025-10-02 01:00:00,0.7
7898,2025-10-02 02:00:00,0.5
7899,2025-10-02 03:00:00,0.7
7900,2025-10-02 04:00:00,0.7
7901,2025-10-02 05:00:00,0.6
7902,2025-10-02 06:00:00,0.7
7903,2025-10-02 07:00:00,1.0
7904,2025-10-02 08:00:00,0.9
7905,2025-10-02 09:00:00,0.9
7906,2025-10-02 10:00:00,1.7
7907,2025-10-02 11:00:00,1.9
7908,2025-10-02 12:00:00,1.4
7909,2025-10-02 13:00:00,1.5
7910,2025-10-02 14:00:00,1.3
7911,2025-10-02 15:00:00,0.7
7912,2025-10-02 16:00:00,0.5
7913,2025-10-02 17:00:00,0.6
7914,2025-10-02 18:00:00,0.5
7915,2025-10-02 19:00:00,0.5
7916,2025-10-02 20:00:00,0.4
7917,2025-10-02 21:00:00,0.5
7918,2025-10-02 22:00:00,0.6
7919,2025-10-02 23:00:00,0.4
7920,2025-10-03 00:00:00,0.6
7921,2025-10-03 01:00:00,0.5
7922,2025-10-03 02:00:00,0.5
7923,2025-10-03 03:00:00,0.5
7924,2025-10-03 04:00:00,0.8
7925,2025-10-03 05:00:00,0.4
7926,2025-10-03 06:00:00,0.4
7927,2025-10-03 07:00:00,0.3
7928,2025-10-03 08:00:00,0.4
7929,2025-10-03 09:00:00,0.7
7930,2025-10-03 10:00:00,0.9
7931,2025-10-03 11:00:00,1.3
7932,2025-10-03 12:00:00,1.7
7933,2025-10-03 13:00:00,1.9
7934,2025-10-03 14:00:00,1.6
7935,2025-10-03 15:00:00,1.4
7936,2025-10-03 16:00:00,1.4
7937,2025-10-03 17:00:00,2.1
7938,2025-10-03 18:00:00,2.4
7939,2025-10-03 19:00:00,2.8
7940,2025-10-03 20:00:00,3.1
7941,2025-10-03 21:00:00,3.3
7942,2025-10-03 22:00:00,3.7
7943,2025-10-03 23:00:00,3.6
7944,2025-10-04 00:00:00,3.6
7945,2025-10-04 01:00:00,3.4
7946,2025-10-04 02:00:00,3.3
7947,2025-10-04 03:00:00,3.5
7948,2025-10-04 04:00:00,4.2
7949,2025-10-04 05:00:00,5.4
7950,2025-10-04 06:00:00,6.7
7951,2025-10-04 07:00:00,7.0
7952,2025-10-04 08:00:00,6.8
7953,2025-10-04 09:00:00,6.8
7954,2025-10-04 10:00:00,5.7
7955,2025-10-04 11:00:00,6.0
7956,2025-10-04 12:00:00,4.1
7957,2025-10-04 13:00:00,4.4
7958,2025-10-04 14:00:00,3.8
7959,2025-10-04 15:00:00,1.9
7960,2025-10-04 16:00:00,2.6
7961,2025-10-04 17:00:00,2.3
7962,2025-10-04 18:00:00,3.8
7963,2025-10-04 19:00:00,4.2
7964,2025-10-04 20:00:00,4.4
7965,2025-10-04 21:00:00,4.2
7966,2025-10-04 22:00:00,3.8
7967,2025-10-04 23:00:00,6.2
7968,2025-10-05 00:00:00,6.9
7969,2025-10-05 01:00:00,7.0
7970,2025-10-05 02:00:00,6.9
7971,2025-10-05 03:00:00,5.8
7972,2025-10-05 04:00:00,5.7
7973,2025-10-05 05:00:00,6.3
7974,2025-10-05 06:00:00,7.1
7975,2025-10-05 07:00:00,6.4
7976,2025-10-05 08:00:00,6.5
7977,2025-10-05 09:00:00,7.2
7978,2025-10-05 10:00:00,8.3
7979,2025-10-05 11:00:00,8.4
7980,2025-10-05 12:00:00,7.1
7981,2025-10-05 13:00:00,5.2
7982,2025-10-05 14:00:00,6.2
7983,2025-10-05 15:00:00,5.3
7984,2025-10-05 16:00:00,5.5
7985,2025-10-05 17:00:00,4.3
7986,2025-10-05 18:00:00,4.4
7987,2025-10-05 19:00:00,5.0
7988,2025-10-05 20:00:00,5.3
7989,2025-10-05 21:00:00,5.6
7990,2025-10-05 22:00:00,6.0
7991,2025-10-05 23:00:00,6.0
7992,2025-10-06 00:00:00,5.5
7993,2025-10-06 01:00:00,5.3
7994,2025-10-06 02:00:00,5.7
7995,2025-10-06 03:00:00,5.8
7996,2025-10-06 04:00:00,7.0
7997,2025-10-06 05:00:00,7.4
7998,2025-10-06 06:00:00,7.5
7999,2025-10-06 07:00:00,7.5
8000,2025-10-06 08:00:00,7.3
8001,2025-10-06 09:00:00,7.6
8002,2025-10-06 10:00:00,7.2
8003,2025-10-06 11:00:00,6.4
8004,2025-10-06 12:00:00,5.7
8005,2025-10-06 13:00:00,4.8
8006,2025-10-06 14:00:00,4.3
8007,2025-10-06 15:00:00,4.3
8008,2025-10-06 16:00:00,5.3
8009,2025-10-06 17:00:00,4.4
8010,2025-10-06 18:00:00,3.7
8011,2025-10-06 19:00:00,3.5
8012,2025-10-06 20:00:00,2.9
8013,2025-10-06 21:00:00,3.7
8014,2025-10-06 22:00:00,2.4
8015,2025-10-06 23:00:00,2.4
8016,2025-10-07 00:00:00,2.9
8017,2025-10-07 01:00:00,3.3
8018,2025-10-07 02:00:00,2.7
8019,2025-10-07 03:00:00,2.5
8020,2025-10-07 04:00:00,2.0
8021,2025-10-07 05:00:00,2.2
8022,2025-10-07 06:00:00,1.3
8023,2025-10-07 07:00:00,2.2
8024,2025-10-07 08:00:00,2.1
8025,2025-10-07 09:00:00,3.0
8026,2025-10-07 10:00:00,2.4
8027,2025-10-07 11:00:00,2.5
8028,2025-10-07 12:00:00,2.9
8029,2025-10-07 13:00:00,2.7
8030,2025-10-07 14:00:00,1.6
8031,2025-10-07 15:00:00,1.3
8032,2025-10-07 16:00:00,0.6
8033,2025-10-07 17:00:00,1.2
8034,2025-10-07 18:00:00,1.1
8035,2025-10-07 19:00:00,1.0
8036,2025-10-07 20:00:00,1.5
8037,2025-10-07 21:00:00,1.1
8038,2025-10-07 22:00:00,1.1
8039,2025-10-07 23:00:00,1.2
8040,2025-10-08 00:00:00,1.4
8041,2025-10-08 01:00:00,1.8
8042,2025-10-08 02:00:00,1.3
8043,2025-10-08 03:00:00,1.4
8044,2025-10-08 04:00:00,1.8
8045,2025-10-08 05:00:00,1.3
8046,2025-10-08 06:00:00,2.0
8047,2025-10-08 07:00:00,2.1
8048,2025-10-08 08:00:00,2.5
8049,2025-10-08 09:00:00,2.9
8050,2025-10-08 10:00:00,3.1
8051,2025-10-08 11:00:00,2.8
8052,2025-10-08 12:00:00,2.7
8053,2025-10-08 13:00:00,2.5
8054,2025-10-08 14:00:00,3.0
8055,2025-10-08 15:00:00,1.5
8056,2025-10-08 16:00:00,0.9
8057,2025-10-08 17:00:00,2.4
8058,2025-10-08 18:00:00,1.9
8059,2025-10-08 19:00:00,2.8
8060,2025-10-08 20:00:00,1.5
8061,2025-10-08 21:00:00,1.5
8062,2025-10-08 22:00:00,1.9
8063,2025-10-08 23:00:00,2.2
8064,2025-10-09 00:00:00,2.0
8065,2025-10-09 01:00:00,1.9
8066,2025-10-09 02:00:00,2.1
8067,2025-10-09 03:00:00,2.5
8068,2025-10-09 04:00:00,2.8
8069,2025-10-09 05:00:00,2.1
8070,2025-10-09 06:00:00,1.9
8071,2025-10-09 07:00:00,2.1
8072,2025-10-09 08:00:00,2.4
8073,2025-10-09 09:00:00,3.0
8074,2025-10-09 10:00:00,3.7
8075,2025-10-09 11:00:00,3.6
8076,2025-10-09 12:00:00,4.1
8077,2025-10-09 13:00:00,3.4
8078,2025-10-09 14:00:00,2.4
8079,2025-10-09 15:00:00,2.1
8080,2025-10-09 16:00:00,2.4
8081,2025-10-09 17:00:00,2.7
8082,2025-10-09 18:00:00,2.7
8083,2025-10-09 19:00:00,3.3
8084,2025-10-09 20:00:00,3.8
8085,2025-10-09 21:00:00,4.0
8086,2025-10-09 22:00:00,3.9
8087,2025-10-09 23:00:00,4.4
8088,2025-10-10 00:00:00,4.9
8089,2025-10-10 01:00:00,5.2
8090,2025-10-10 02:00:00,5.8
8091,2025-10-10 03:00:00,5.4
8092,2025-10-10 04:00:00,5.8
8093,2025-10-10 05:00:00,5.6
8094,2025-10-10 06:00:00,5.0
8095,2025-10-10 07:00:00,5.3
8096,2025-10-10 08:00:00,5.7
8097,2025-10-10 09:00:00,4.7
8098,2025-10-10 10:00:00,5.3
8099,2025-10-10 11:00:00,5.9
8100,2025-10-10 12:00:00,6.2
8101,2025-10-10 13:00:00,5.4
8102,2025-10-10 14:00:00,5.1
8103,2025-10-10 15:00:00,4.7
8104,2025-10-10 16:00:00,4.5
8105,2025-10-10 17:00:00,5.2
8106,2025-10-10 18:00:00,4.2
8107,2025-10-10 19:00:00,4.9
8108,2025-10-10 20:00:00,4.8
8109,2025-10-10 21:00:00,4.6
8110,2025-10-10 22:00:00,4.1
8111,2025-10-10 23:00:00,4.3
8112,2025-10-11 00:00:00,4.8
8113,2025-10-11 01:00:00,4.0
8114,2025-10-11 02:00:00,4.2
8115,2025-10-11 03:00:00,4.9
8116,2025-10-11 04:00:00,5.6
8117,2025-10-11 05:00:00,5.0
8118,2025-10-11 06:00:00,6.2
8119,2025-10-11 07:00:00,6.2
8120,2025-10-11 08:00:00,6.3
8121,2025-10-11 09:00:00,5.3
8122,2025-10-11 10:00:00,4.8
8123,2025-10-11 11:00:00,4.7
8124,2025-10-11 12:00:00,4.7
8125,2025-10-11 13:00:00,5.1
8126,2025-10-11 14:00:00,5.4
8127,2025-10-11 15:00:00,5.1
8128,2025-10-11 16:00:00,4.7
8129,2025-10-11 17:00:00,3.5
8130,2025-10-11 18:00:00,3.6
8131,2025-10-11 19:00:00,3.2
8132,2025-10-11 20:00:00,3.6
8133,2025-10-11 21:00:00,3.9
8134,2025-10-11 22:00:00,3.2
8135,2025-10-11 23:00:00,3.2
8136,2025-10-12 00:00:00,4.0
8137,2025-10-12 01:00:00,3.7
8138,2025-10-12 02:00:00,3.7
8139,2025-10-12 03:00:00,4.0
8140,2025-10-12 04:00:00,4.0
8141,2025-10-12 05:00:00,4.1
8142,2025-10-12 06:00:00,3.9
8143,2025-10-12 07:00:00,4.0
8144,2025-10-12 08:00:00,4.1
8145,2025-10-12 09:00:00,5.2
8146,2025-10-12 10:00:00,4.9
8147,2025-10-12 11:00:00,4.5
8148,2025-10-12 12:00:00,4.9
8149,2025-10-12 13:00:00,5.1
8150,2025-10-12 14:00:00,5.1
8151,2025-10-12 15:00:00,4.9
8152,2025-10-12 16:00:00,4.5
8153,2025-10-12 17:00:00,4.0
8154,2025-10-12 18:00:00,3.9
8155,2025-10-12 19:00:00,3.8
8156,2025-10-12 20:00:00,2.1
8157,2025-10-12 21:00:00,1.8
8158,2025-10-12 22:00:00,1.5
8159,2025-10-12 23:00:00,1.3
8160,2025-10-13 00:00:00,1.3
8161,2025-10-13 01:00:00,1.4
8162,2025-10-13 02:00:00,1.2
8163,2025-10-13 03:00:00,1.2
8164,2025-10-13 04:00:00,1.0
8165,2025-10-13 05:00:00,1.1
8166,2025-10-13 06:00:00,1.2
8167,2025-10-13 07:00:00,1.3
8168,2025-10-13 08:00:00,1.2
8169,2025-10-13 09:00:00,1.9
8170,2025-10-13 10:00:00,1.6
8171,2025-10-13 11:00:00,1.4
8172,2025-10-13 12:00:00,1.7
8173,2025-10-13 13:00:00,2.1
8174,2025-10-13 14:00:00,1.9
8175,2025-10-13 15:00:00,1.8
8176,2025-10-13 16:00:00,2.2
8177,2025-10-13 17:00:00,1.6
8178,2025-10-13 18:00:00,1.3
8179,2025-10-13 19:00:00,1.3
8180,2025-10-13 20:00:00,1.5
8181,2025-10-13 21:00:00,1.3
8182,2025-10-13 22:00:00,1.5
8183,2025-10-13 23:00:00,1.4
8184,2025-10-14 00:00:00,1.2
8185,2025-10-14 01:00:00,0.9
8186,2025-10-14 02:00:00,0.6
8187,2025-10-14 03:00:00,1.6
8188,2025-10-14 04:00:00,1.0
8189,2025-10-14 05:00:00,0.6
8190,2025-10-14 06:00:00,1.8
8191,2025-10-14 07:00:00,2.4
8192,2025-10-14 08:00:00,3.4
8193,2025-10-14 09:00:00,3.9
8194,2025-10-14 10:00:00,4.2
8195,2025-10-14 11:00:00,4.1
8196,2025-10-14 12:00:00,3.5
8197,2025-10-14 13:00:00,3.2
8198,2025-10-14 14:00:00,3.5
8199,2025-10-14 15:00:00,3.5
8200,2025-10-14 16:00:00,3.5
8201,2025-10-14 17:00:00,3.2
8202,2025-10-14 18:00:00,2.6
8203,2025-10-14 19:00:00,1.1
8204,2025-10-14 20:00:00,0.7
8205,2025-10-14 21:00:00,0.8
8206,2025-10-14 22:00:00,0.7
8207,2025-10-14 23:00:00,0.7
8208,2025-10-15 00:00:00,0.8
8209,2025-10-15 01:00:00,0.5
8210,2025-10-15 02:00:00,0.7
8211,2025-10-15 03:00:00,1.0
8212,2025-10-15 04:00:00,1.0
8213,2025-10-15 05:00:00,2.6
8214,2025-10-15 06:00:00,1.2
8215,2025-10-15 07:00:00,1.1
8216,2025-10-15 08:00:00,1.7
8217,2025-10-15 09:00:00,2.1
8218,2025-10-15 10:00:00,3.1
8219,2025-10-15 11:00:00,3.4
8220,2025-10-15 12:00:00,2.5
8221,2025-10-15 13:00:00,1.7
8222,2025-10-15 14:00:00,2.9
8223,2025-10-15 15:00:00,2.7
8224,2025-10-15 16:00:00,1.3
8225,2025-10-15 17:00:00,1.5
8226,2025-10-15 18:00:00,0.5
8227,2025-10-15 19:00:00,0.6
8228,2025-10-15 20:00:00,0.4
8229,2025-10-15 21:00:00,0.5
8230,2025-10-15 22:00:00,0.7
8231,2025-10-15 23:00:00,2.0
8232,2025-10-16 00:00:00,2.5
8233,2025-10-16 01:00:00,2.8
8234,2025-10-16 02:00:00,2.2
8235,2025-10-16 03:00:00,2.6
8236,2025-10-16 04:00:00,2.6
8237,2025-10-16 05:00:00,2.7
8238,2025-10-16 06:00:00,2.8
8239,2025-10-16 07:00:00,2.9
8240,2025-10-16 08:00:00,3.5
8241,2025-10-16 09:00:00,4.0
8242,2025-10-16 10:00:00,3.9
8243,2025-10-16 11:00:00,4.3
8244,2025-10-16 12:00:00,4.4
8245,2025-10-16 13:00:00,3.9
8246,2025-10-16 14:00:00,3.1
8247,2025-10-16 15:00:00,3.7
8248,2025-10-16 16:00:00,2.8
8249,2025-10-16 17:00:00,2.8
8250,2025-10-16 18:00:00,2.1
8251,2025-10-16 19:00:00,1.9
8252,2025-10-16 20:00:00,2.0
8253,2025-10-16 21:00:00,2.4
8254,2025-10-16 22:00:00,3.1
8255,2025-10-16 23:00:00,3.4
8256,2025-10-17 00:00:00,2.9
8257,2025-10-17 01:00:00,3.1
8258,2025-10-17 02:00:00,3.9
8259,2025-10-17 03:00:00,3.0
8260,2025-10-17 04:00:00,3.6
8261,2025-10-17 05:00:00,3.8
8262,2025-10-17 06:00:00,3.5
8263,2025-10-17 07:00:00,3.8
8264,2025-10-17 08:00:00,3.7
8265,2025-10-17 09:00:00,4.2
8266,2025-10-17 10:00:00,4.3
8267,2025-10-17 11:00:00,4.2
8268,2025-10-17 12:00:00,4.7
8269,2025-10-17 13:00:00,4.9
8270,2025-10-17 14:00:00,3.8
8271,2025-10-17 15:00:00,3.0
8272,2025-10-17 16:00:00,2.6
8273,2025-10-17 17:00:00,3.1
8274,2025-10-17 18:00:00,2.6
8275,2025-10-17 19:00:00,2.9
8276,2025-10-17 20:00:00,4.0
8277,2025-10-17 21:00:00,4.4
8278,2025-10-17 22:00:00,3.6
8279,2025-10-17 23:00:00,2.8
8280,2025-10-18 00:00:00,3.3
8281,2025-10-18 01:00:00,3.0
8282,2025-10-18 02:00:00,2.7
8283,2025-10-18 03:00:00,2.3
8284,2025-10-18 04:00:00,2.4
8285,2025-10-18 05:00:00,2.0
8286,2025-10-18 06:00:00,2.4
8287,2025-10-18 07:00:00,2.8
8288,2025-10-18 08:00:00,3.1
8289,2025-10-18 09:00:00,2.4
8290,2025-10-18 10:00:00,2.5
8291,2025-10-18 11:00:00,2.4
8292,2025-10-18 12:00:00,2.7
8293,2025-10-18 13:00:00,2.5
8294,2025-10-18 14:00:00,2.5
8295,2025-10-18 15:00:00,1.8
8296,2025-10-18 16:00:00,1.6
8297,2025-10-18 17:00:00,1.1
8298,2025-10-18 18:00:00,1.2
8299,2025-10-18 19:00:00,0.5
8300,2025-10-18 20:00:00,0.5
8301,2025-10-18 21:00:00,0.7
8302,2025-10-18 22:00:00,1.0
8303,2025-10-18 23:00:00,0.9
8304,2025-10-19 00:00:00,1.1
8305,2025-10-19 01:00:00,1.6
8306,2025-10-19 02:00:00,1.9
8307,2025-10-19 03:00:00,2.1
8308,2025-10-19 04:00:00,1.8
8309,2025-10-19 05:00:00,2.0
8310,2025-10-19 06:00:00,2.1
8311,2025-10-19 07:00:00,2.5
8312,2025-10-19 08:00:00,2.9
8313,2025-10-19 09:00:00,2.5
8314,2025-10-19 10:00:00,3.5
8315,2025-10-19 11:00:00,3.5
8316,2025-10-19 12:00:00,4.1
8317,2025-10-19 13:00:00,5.1
8318,2025-10-19 14:00:00,4.9
8319,2025-10-19 15:00:00,5.3
8320,2025-10-19 16:00:00,3.4
8321,2025-10-19 17:00:00,2.3
8322,2025-10-19 18:00:00,3.5
8323,2025-10-19 19:00:00,4.0
8324,2025-10-19 20:00:00,3.0
8325,2025-10-19 21:00:00,3.3
8326,2025-10-19 22:00:00,3.5
8327,2025-10-19 23:00:00,3.9
8328,2025-10-20 00:00:00,3.5
8329,2025-10-20 01:00:00,3.3
8330,2025-10-20 02:00:00,3.1
8331,2025-10-20 03:00:00,3.5
8332,2025-10-20 04:00:00,3.8
8333,2025-10-20 05:00:00,3.7
8334,2025-10-20 06:00:00,3.7
8335,2025-10-20 07:00:00,2.9
8336,2025-10-20 08:00:00,2.6
8337,2025-10-20 09:00:00,4.0
8338,2025-10-20 10:00:00,5.2
8339,2025-10-20 11:00:00,5.7
8340,2025-10-20 12:00:00,5.4
8341,2025-10-20 13:00:00,4.9
8342,2025-10-20 14:00:00,4.1
8343,2025-10-20 15:00:00,4.0
8344,2025-10-20 16:00:00,4.4
8345,2025-10-20 17:00:00,4.5
8346,2025-10-20 18:00:00,5.5
8347,2025-10-20 19:00:00,5.9
8348,2025-10-20 20:00:00,4.0
8349,2025-10-20 21:00:00,2.9
8350,2025-10-20 22:00:00,3.8
8351,2025-10-20 23:00:00,4.3
8352,2025-10-21 00:00:00,3.9
8353,2025-10-21 01:00:00,4.2
8354,2025-10-21 02:00:00,5.7
8355,2025-10-21 03:00:00,4.3
8356,2025-10-21 04:00:00,2.7
8357,2025-10-21 05:00:00,3.6
8358,2025-10-21 06:00:00,3.6
8359,2025-10-21 07:00:00,4.0
8360,2025-10-21 08:00:00,4.8
8361,2025-10-21 09:00:00,5.2
8362,2025-10-21 10:00:00,5.6
8363,2025-10-21 11:00:00,6.1
8364,2025-10-21 12:00:00,4.5
8365,2025-10-21 13:00:00,5.7
8366,2025-10-21 14:00:00,4.4
8367,2025-10-21 15:00:00,4.8
8368,2025-10-21 16:00:00,4.2
8369,2025-10-21 17:00:00,2.8
8370,2025-10-21 18:00:00,2.7
8371,2025-10-21 19:00:00,3.2
8372,2025-10-21 20:00:00,2.8
8373,2025-10-21 21:00:00,3.0
8374,2025-10-21 22:00:00,2.8
8375,2025-10-21 23:00:00,2.8
8376,2025-10-22 00:00:00,2.4
8377,2025-10-22 01:00:00,2.0
8378,2025-10-22 02:00:00,2.7
8379,2025-10-22 03:00:00,2.3
8380,2025-10-22 04:00:00,2.4
8381,2025-10-22 05:00:00,2.4
8382,2025-10-22 06:00:00,2.4
8383,2025-10-22 07:00:00,2.2
8384,2025-10-22 08:00:00,1.7
8385,2025-10-22 09:00:00,1.7
8386,2025-10-22 10:00:00,4.3
8387,2025-10-22 11:00:00,4.5
8388,2025-10-22 12:00:00,4.0
8389,2025-10-22 13:00:00,3.4
8390,2025-10-22 14:00:00,1.6
8391,2025-10-22 15:00:00,1.5
8392,2025-10-22 16:00:00,0.8
8393,2025-10-22 17:00:00,2.1
8394,2025-10-22 18:00:00,1.5
8395,2025-10-22 19:00:00,2.2
8396,2025-10-22 20:00:00,2.5
8397,2025-10-22 21:00:00,2.4
8398,2025-10-22 22:00:00,2.3
8399,2025-10-22 23:00:00,2.3
8400,2025-10-23 00:00:00,2.5
8401,2025-10-23 01:00:00,3.0
8402,2025-10-23 02:00:00,3.2
8403,2025-10-23 03:00:00,3.6
8404,2025-10-23 04:00:00,3.6
8405,2025-10-23 05:00:00,3.6
8406,2025-10-23 06:00:00,4.6
8407,2025-10-23 07:00:00,4.0
8408,2025-10-23 08:00:00,4.0
8409,2025-10-23 09:00:00,5.2
8410,2025-10-23 10:00:00,4.7
8411,2025-10-23 11:00:00,5.4
8412,2025-10-23 12:00:00,5.4
8413,2025-10-23 13:00:00,5.6
8414,2025-10-23 14:00:00,4.5
8415,2025-10-23 15:00:00,3.7
8416,2025-10-23 16:00:00,3.2
8417,2025-10-23 17:00:00,4.1
8418,2025-10-23 18:00:00,4.7
8419,2025-10-23 19:00:00,5.2
8420,2025-10-23 20:00:00,5.3
8421,2025-10-23 21:00:00,6.5
8422,2025-10-23 22:00:00,6.2
8423,2025-10-23 23:00:00,6.6
8424,2025-10-24 00:00:00,6.2
8425,2025-10-24 01:00:00,5.6
8426,2025-10-24 02:00:00,5.9
8427,2025-10-24 03:00:00,6.3
8428,2025-10-24 04:00:00,6.6
8429,2025-10-24 05:00:00,6.4
8430,2025-10-24 06:00:00,6.3
8431,2025-10-24 07:00:00,6.8
8432,2025-10-24 08:00:00,6.5
8433,2025-10-24 09:00:00,7.3
8434,2025-10-24 10:00:00,6.9
8435,2025-10-24 11:00:00,6.9
8436,2025-10-24 12:00:00,7.3
8437,2025-10-24 13:00:00,7.7
8438,2025-10-24 14:00:00,7.8
8439,2025-10-24 15:00:00,8.5
8440,2025-10-24 16:00:00,5.9
8441,2025-10-24 17:00:00,5.7
8442,2025-10-24 18:00:00,5.3
8443,2025-10-24 19:00:00,5.6
8444,2025-10-24 20:00:00,6.7
8445,2025-10-24 21:00:00,6.6
8446,2025-10-24 22:00:00,5.9
8447,2025-10-24 23:00:00,5.8
8448,2025-10-25 00:00:00,5.0
8449,2025-10-25 01:00:00,4.4
8450,2025-10-25 02:00:00,5.0
8451,2025-10-25 03:00:00,5.0
8452,2025-10-25 04:00:00,4.5
8453,2025-10-25 05:00:00,4.8
8454,2025-10-25 06:00:00,4.6
8455,2025-10-25 07:00:00,5.0
8456,2025-10-25 08:00:00,5.1
8457,2025-10-25 09:00:00,6.8
8458,2025-10-25 10:00:00,7.1
8459,2025-10-25 11:00:00,7.1
8460,2025-10-25 12:00:00,6.7
8461,2025-10-25 13:00:00,5.8
8462,2025-10-25 14:00:00,5.3
8463,2025-10-25 15:00:00,5.8
8464,2025-10-25 16:00:00,5.3
8465,2025-10-25 17:00:00,4.5
8466,2025-10-25 18:00:00,4.4
8467,2025-10-25 19:00:00,3.8
8468,2025-10-25 20:00:00,4.3
8469,2025-10-25 21:00:00,4.4
8470,2025-10-25 22:00:00,4.6
8471,2025-10-25 23:00:00,4.5
8472,2025-10-26 00:00:00,5.4
8473,2025-10-26 01:00:00,4.9
8474,2025-10-26 02:00:00,3.2
8475,2025-10-26 03:00:00,3.3
8476,2025-10-26 04:00:00,4.1
8477,2025-10-26 05:00:00,3.0
8478,2025-10-26 06:00:00,3.0
8479,2025-10-26 07:00:00,4.5
8480,2025-10-26 08:00:00,4.7
8481,2025-10-26 09:00:00,6.7
8482,2025-10-26 10:00:00,8.0
8483,2025-10-26 11:00:00,9.4
8484,2025-10-26 12:00:00,9.1
8485,2025-10-26 13:00:00,8.9
8486,2025-10-26 14:00:00,7.8
8487,2025-10-26 15:00:00,9.0
8488,2025-10-26 16:00:00,9.0
8489,2025-10-26 17:00:00,9.1
8490,2025-10-26 18:00:00,10.0
8491,2025-10-26 19:00:00,9.4
8492,2025-10-26 20:00:00,9.9
8493,2025-10-26 21:00:00,8.6
8494,2025-10-26 22:00:00,8.1
8495,2025-10-26 23:00:00,7.9
8496,2025-10-27 00:00:00,7.5
8497,2025-10-27 01:00:00,7.1
8498,2025-10-27 02:00:00,7.3
8499,2025-10-27 03:00:00,7.2
8500,2025-10-27 04:00:00,6.0
8501,2025-10-27 05:00:00,5.8
8502,2025-10-27 06:00:00,6.3
8503,2025-10-27 07:00:00,5.7
8504,2025-10-27 08:00:00,6.4
8505,2025-10-27 09:00:00,6.7
8506,2025-10-27 10:00:00,6.6
8507,2025-10-27 11:00:00,6.2
8508,2025-10-27 12:00:00,6.3
8509,2025-10-27 13:00:00,6.0
8510,2025-10-27 14:00:00,5.6
8511,2025-10-27 15:00:00,5.2
8512,2025-10-27 16:00:00,5.9
8513,2025-10-27 17:00:00,4.4
8514,2025-10-27 18:00:00,4.8
8515,2025-10-27 19:00:00,5.3
8516,2025-10-27 20:00:00,5.5
8517,2025-10-27 21:00:00,5.1
8518,2025-10-27 22:00:00,6.0
8519,2025-10-27 23:00:00,7.6
8520,2025-10-28 00:00:00,8.6
8521,2025-10-28 01:00:00,8.3
8522,2025-10-28 02:00:00,8.4
8523,2025-10-28 03:00:00,7.7
8524,2025-10-28 04:00:00,7.7
8525,2025-10-28 05:00:00,6.9
8526,2025-10-28 06:00:00,6.9
8527,2025-10-28 07:00:00,6.3
8528,2025-10-28 08:00:00,6.0
8529,2025-10-28 09:00:00,5.4
8530,2025-10-28 10:00:00,5.0
8531,2025-10-28 11:00:00,5.9
8532,2025-10-28 12:00:00,4.5
8533,2025-10-28 13:00:00,5.7
8534,2025-10-28 14:00:00,6.8
8535,2025-10-28 15:00:00,7.0
8536,2025-10-28 16:00:00,4.8
8537,2025-10-28 17:00:00,5.2
8538,2025-10-28 18:00:00,6.0
8539,2025-10-28 19:00:00,6.1
8540,2025-10-28 20:00:00,5.7
8541,2025-10-28 21:00:00,5.3
8542,2025-10-28 22:00:00,6.2
8543,2025-10-28 23:00:00,6.0
8544,2025-10-29 00:00:00,5.8
8545,2025-10-29 01:00:00,4.9
8546,2025-10-29 02:00:00,3.9
8547,2025-10-29 03:00:00,5.0
8548,2025-10-29 04:00:00,4.3
8549,2025-10-29 05:00:00,3.4
8550,2025-10-29 06:00:00,3.1
8551,2025-10-29 07:00:00,3.2
8552,2025-10-29 08:00:00,3.2
8553,2025-10-29 09:00:00,3.7
8554,2025-10-29 10:00:00,4.5
8555,2025-10-29 11:00:00,5.0
8556,2025-10-29 12:00:00,4.9
8557,2025-10-29 13:00:00,3.9
8558,2025-10-29 14:00:00,4.2
8559,2025-10-29 15:00:00,2.6
8560,2025-10-29 16:00:00,3.4
8561,2025-10-29 17:00:00,3.0
8562,2025-10-29 18:00:00,2.5
8563,2025-10-29 19:00:00,2.6
8564,2025-10-29 20:00:00,3.3
8565,2025-10-29 21:00:00,5.0
8566,2025-10-29 22:00:00,3.3
8567,2025-10-29 23:00:00,2.7
8568,2025-10-30 00:00:00,2.7
8569,2025-10-30 01:00:00,2.3
8570,2025-10-30 02:00:00,3.5
8571,2025-10-30 03:00:00,2.9
8572,2025-10-30 04:00:00,3.4
8573,2025-10-30 05:00:00,4.4
8574,2025-10-30 06:00:00,6.1
8575,2025-10-30 07:00:00,7.0
8576,2025-10-30 08:00:00,7.8
8577,2025-10-30 09:00:00,9.0
8578,2025-10-30 10:00:00,9.2
8579,2025-10-30 11:00:00,10.8
8580,2025-10-30 12:00:00,11.2
8581,2025-10-30 13:00:00,11.1
8582,2025-10-30 14:00:00,9.4
8583,2025-10-30 15:00:00,7.4
8584,2025-10-30 16:00:00,8.1
8585,2025-10-30 17:00:00,6.4
8586,2025-10-30 18:00:00,6.4
8587,2025-10-30 19:00:00,5.4
8588,2025-10-30 20:00:00,5.2
8589,2025-10-30 21:00:00,5.1
8590,2025-10-30 22:00:00,4.5
8591,2025-10-30 23:00:00,3.6
8592,2025-10-31 00:00:00,3.6
8593,2025-10-31 01:00:00,2.8
8594,2025-10-31 02:00:00,2.1
8595,2025-10-31 03:00:00,0.5
8596,2025-10-31 04:00:00,0.6
8597,2025-10-31 05:00:00,1.6
8598,2025-10-31 06:00:00,1.0
8599,2025-10-31 07:00:00,1.4
8600,2025-10-31 08:00:00,1.3
8601,2025-10-31 09:00:00,0.6
8602,2025-10-31 10:00:00,1.3
8603,2025-10-31 11:00:00,2.3
8604,2025-10-31 12:00:00,2.9
8605,2025-10-31 13:00:00,3.6
8606,2025-10-31 14:00:00,2.8
8607,2025-10-31 15:00:00,2.7
8608,2025-10-31 16:00:00,3.1
8609,2025-10-31 17:00:00,2.7
8610,2025-10-31 18:00:00,3.5
8611,2025-10-31 19:00:00,3.0
8612,2025-10-31 20:00:00,2.9
8613,2025-10-31 21:00:00,3.2
8614,2025-10-31 22:00:00,3.0
8615,2025-10-31 23:00:00,2.9
8616,2025-11-01 00:00:00,3.2
8617,2025-11-01 01:00:00,2.5
8618,2025-11-01 02:00:00,2.5
8619,2025-11-01 03:00:00,2.5
8620,2025-11-01 04:00:00,2.0
8621,2025-11-01 05:00:00,1.8
8622,2025-11-01 06:00:00,2.4
8623,2025-11-01 07:00:00,2.8
8624,2025-11-01 08:00:00,2.8
8625,2025-11-01 09:00:00,1.9
8626,2025-11-01 10:00:00,2.1
8627,2025-11-01 11:00:00,3.0
8628,2025-11-01 12:00:00,3.1
8629,2025-11-01 13:00:00,3.0
8630,2025-11-01 14:00:00,3.4
8631,2025-11-01 15:00:00,3.0
8632,2025-11-01 16:00:00,2.8
8633,2025-11-01 17:00:00,2.0
8634,2025-11-01 18:00:00,1.1
8635,2025-11-01 19:00:00,2.3
8636,2025-11-01 20:00:00,2.4
8637,2025-11-01 21:00:00,3.1
8638,2025-11-01 22:00:00,3.7
8639,2025-11-01 23:00:00,2.5
8640,2025-11-02 00:00:00,2.0
8641,2025-11-02 01:00:00,2.0
8642,2025-11-02 02:00:00,1.2
8643,2025-11-02 03:00:00,1.2
8644,2025-11-02 04:00:00,1.3
8645,2025-11-02 05:00:00,0.7
8646,2025-11-02 06:00:00,0.7
8647,2025-11-02 07:00:00,0.7
8648,2025-11-02 08:00:00,1.1
8649,2025-11-02 09:00:00,2.0
8650,2025-11-02 10:00:00,2.2
8651,2025-11-02 11:00:00,2.6
8652,2025-11-02 12:00:00,2.5
8653,2025-11-02 13:00:00,2.8
8654,2025-11-02 14:00:00,3.1
8655,2025-11-02 15:00:00,2.2
8656,2025-11-02 16:00:00,1.1
8657,2025-11-02 17:00:00,1.5
8658,2025-11-02 18:00:00,1.5
8659,2025-11-02 19:00:00,1.5
8660,2025-11-02 20:00:00,1.8
8661,2025-11-02 21:00:00,1.6
8662,2025-11-02 22:00:00,1.6
8663,2025-11-02 23:00:00,1.5
8664,2025-11-03 00:00:00,0.8
8665,2025-11-03 01:00:00,2.0
8666,2025-11-03 02:00:00,2.1
8667,2025-11-03 03:00:00,3.0
8668,2025-11-03 04:00:00,3.8
8669,2025-11-03 05:00:00,3.8
8670,2025-11-03 06:00:00,3.3
8671,2025-11-03 07:00:00,3.9
8672,2025-11-03 08:00:00,3.8
8673,2025-11-03 09:00:00,4.0
8674,2025-11-03 10:00:00,5.3
8675,2025-11-03 11:00:00,6.0
8676,2025-11-03 12:00:00,5.7
8677,2025-11-03 13:00:00,5.1
8678,2025-11-03 14:00:00,5.5
8679,2025-11-03 15:00:00,3.8
8680,2025-11-03 16:00:00,2.7
8681,2025-11-03 17:00:00,2.2
8682,2025-11-03 18:00:00,2.8
8683,2025-11-03 19:00:00,3.9
8684,2025-11-03 20:00:00,3.3
8685,2025-11-03 21:00:00,3.6
8686,2025-11-03 22:00:00,3.4
8687,2025-11-03 23:00:00,3.7
8688,2025-11-04 00:00:00,3.9
8689,2025-11-04 01:00:00,3.5
8690,2025-11-04 02:00:00,2.9
8691,2025-11-04 03:00:00,2.3
8692,2025-11-04 04:00:00,1.8
8693,2025-11-04 05:00:00,2.3
8694,2025-11-04 06:00:00,3.3
8695,2025-11-04 07:00:00,3.2
8696,2025-11-04 08:00:00,3.2
8697,2025-11-04 09:00:00,3.2
8698,2025-11-04 10:00:00,2.9
8699,2025-11-04 11:00:00,3.0
8700,2025-11-04 12:00:00,3.5
8701,2025-11-04 13:00:00,3.5
8702,2025-11-04 14:00:00,2.5
8703,2025-11-04 15:00:00,1.4
8704,2025-11-04 16:00:00,1.8
8705,2025-11-04 17:00:00,2.0
8706,2025-11-04 18:00:00,2.6
8707,2025-11-04 19:00:00,2.7
8708,2025-11-04 20:00:00,2.7
8709,2025-11-04 21:00:00,2.9
8710,2025-11-04 22:00:00,2.8
8711,2025-11-04 23:00:00,2.8
8712,2025-11-05 00:00:00,2.6
8713,2025-11-05 01:00:00,2.3
8714,2025-11-05 02:00:00,2.4
8715,2025-11-05 03:00:00,2.5
8716,2025-11-05 04:00:00,3.0
8717,2025-11-05 05:00:00,3.2
8718,2025-11-05 06:00:00,3.0
8719,2025-11-05 07:00:00,2.5
8720,2025-11-05 08:00:00,2.5
8721,2025-11-05 09:00:00,2.2
8722,2025-11-05 10:00:00,3.1
8723,2025-11-05 11:00:00,2.4
8724,2025-11-05 12:00:00,2.7
8725,2025-11-05 13:00:00,2.6
8726,2025-11-05 14:00:00,2.7
8727,2025-11-05 15:00:00,2.5
8728,2025-11-05 16:00:00,2.2
8729,2025-11-05 17:00:00,2.0
8730,2025-11-05 18:00:00,2.2
8731,2025-11-05 19:00:00,2.4
8732,2025-11-05 20:00:00,3.0
8733,2025-11-05 21:00:00,2.6
8734,2025-11-05 22:00:00,2.6
8735,2025-11-05 23:00:00,2.8
8736,2025-11-06 00:00:00,2.9
8737,2025-11-06 01:00:00,2.7
8738,2025-11-06 02:00:00,2.9
8739,2025-11-06 03:00:00,2.1
8740,2025-11-06 04:00:00,1.5
8741,2025-11-06 05:00:00,2.2
8742,2025-11-06 06:00:00,2.1
8743,2025-11-06 07:00:00,3.8
8744,2025-11-06 08:00:00,3.9
8745,2025-11-06 09:00:00,3.3
8746,2025-11-06 10:00:00,3.2
8747,2025-11-06 11:00:00,4.6
8748,2025-11-06 12:00:00,3.9
8749,2025-11-06 13:00:00,3.9
8750,2025-11-06 14:00:00,4.4
8751,2025-11-06 15:00:00,3.6
8752,2025-11-06 16:00:00,2.9
8753,2025-11-06 17:00:00,2.6
8754,2025-11-06 18:00:00,2.3
8755,2025-11-06 19:00:00,2.8
8756,2025-11-06 20:00:00,3.0
8757,2025-11-06 21:00:00,3.4
8758,2025-11-06 22:00:00,3.5
8759,2025-11-06 23:00:00,3.4
8760,2025-11-07 00:00:00,3.4
8761,2025-11-07 01:00:00,3.3
8762,2025-11-07 02:00:00,3.4
8763,2025-11-07 03:00:00,3.5
8764,2025-11-07 04:00:00,3.0
8765,2025-11-07 05:00:00,3.3
8766,2025-11-07 06:00:00,3.4
8767,2025-11-07 07:00:00,3.6
8768,2025-11-07 08:00:00,3.2
8769,2025-11-07 09:00:00,2.9
8770,2025-11-07 10:00:00,3.1
8771,2025-11-07 11:00:00,5.1
8772,2025-11-07 12:00:00,3.9
8773,2025-11-07 13:00:00,3.2
8774,2025-11-07 14:00:00,3.7
8775,2025-11-07 15:00:00,3.1
8776,2025-11-07 16:00:00,1.9
8777,2025-11-07 17:00:00,0.7
8778,2025-11-07 18:00:00,1.0
8779,2025-11-07 19:00:00,1.6
8780,2025-11-07 20:00:00,1.6
8781,2025-11-07 21:00:00,1.8
8782,2025-11-07 22:00:00,2.1
8783,2025-11-07 23:00:00,1.9
8784,2025-11-08 00:00:00,1.9
8785,2025-11-08 01:00:00,1.4
8786,2025-11-08 02:00:00,1.7
8787,2025-11-08 03:00:00,1.7
8788,2025-11-08 04:00:00,1.5
8789,2025-11-08 05:00:00,1.9
8790,2025-11-08 06:00:00,2.4
8791,2025-11-08 07:00:00,2.5
8792,2025-11-08 08:00:00,1.8
8793,2025-11-08 09:00:00,0.6
8794,2025-11-08 10:00:00,0.7
8795,2025-11-08 11:00:00,1.1
8796,2025-11-08 12:00:00,1.1
8797,2025-11-08 13:00:00,0.9
8798,2025-11-08 14:00:00,2.1
8799,2025-11-08 15:00:00,1.8
8800,2025-11-08 16:00:00,1.0
8801,2025-11-08 17:00:00,0.5
8802,2025-11-08 18:00:00,0.4
8803,2025-11-08 19:00:00,0.5
8804,2025-11-08 20:00:00,0.5
8805,2025-11-08 21:00:00,0.5
8806,2025-11-08 22:00:00,0.5
8807,2025-11-08 23:00:00,0.7
8808,2025-11-09 00:00:00,0.7
8809,2025-11-09 01:00:00,0.4
8810,2025-11-09 02:00:00,0.7
8811,2025-11-09 03:00:00,1.0
8812,2025-11-09 04:00:00,1.4
8813,2025-11-09 05:00:00,2.0
8814,2025-11-09 06:00:00,2.0
8815,2025-11-09 07:00:00,1.9
8816,2025-11-09 08:00:00,1.5
8817,2025-11-09 09:00:00,0.9
8818,2025-11-09 10:00:00,1.2
8819,2025-11-09 11:00:00,1.2
8820,2025-11-09 12:00:00,0.9
8821,2025-11-09 13:00:00,0.9
8822,2025-11-09 14:00:00,0.7
8823,2025-11-09 15:00:00,0.7
8824,2025-11-09 16:00:00,0.4
8825,2025-11-09 17:00:00,0.3
8826,2025-11-09 18:00:00,0.6
8827,2025-11-09 19:00:00,1.5
8828,2025-11-09 20:00:00,2.1
8829,2025-11-09 21:00:00,1.6
8830,2025-11-09 22:00:00,1.4
8831,2025-11-09 23:00:00,0.8
8832,2025-11-10 00:00:00,0.7
8833,2025-11-10 01:00:00,0.5
8834,2025-11-10 02:00:00,0.5
8835,2025-11-10 03:00:00,0.5
8836,2025-11-10 04:00:00,0.7
8837,2025-11-10 05:00:00,0.2
8838,2025-11-10 06:00:00,0.7
8839,2025-11-10 07:00:00,0.8
8840,2025-11-10 08:00:00,1.1
8841,2025-11-10 09:00:00,1.1
8842,2025-11-10 10:00:00,0.8
8843,2025-11-10 11:00:00,2.3
8844,2025-11-10 12:00:00,2.4
8845,2025-11-10 13:00:00,1.4
8846,2025-11-10 14:00:00,1.8
8847,2025-11-10 15:00:00,2.5
8848,2025-11-10 16:00:00,2.4
8849,2025-11-10 17:00:00,2.1
8850,2025-11-10 18:00:00,0.9
8851,2025-11-10 19:00:00,0.7
8852,2025-11-10 20:00:00,0.9
8853,2025-11-10 21:00:00,1.2
8854,2025-11-10 22:00:00,2.0
8855,2025-11-10 23:00:00,2.3
8856,2025-11-11 00:00:00,2.6
8857,2025-11-11 01:00:00,2.9
8858,2025-11-11 02:00:00,2.7
8859,2025-11-11 03:00:00,2.4
8860,2025-11-11 04:00:00,3.3
8861,2025-11-11 05:00:00,3.3
8862,2025-11-11 06:00:00,2.8
8863,2025-11-11 07:00:00,1.8
8864,2025-11-11 08:00:00,2.2
8865,2025-11-11 09:00:00,3.2
8866,2025-11-11 10:00:00,4.3
8867,2025-11-11 11:00:00,3.9
8868,2025-11-11 12:00:00,3.2
8869,2025-11-11 13:00:00,3.3
8870,2025-11-11 14:00:00,4.1
8871,2025-11-11 15:00:00,2.8
8872,2025-11-11 16:00:00,3.0
8873,2025-11-11 17:00:00,2.6
8874,2025-11-11 18:00:00,2.1
8875,2025-11-11 19:00:00,1.5
8876,2025-11-11 20:00:00,1.2
8877,2025-11-11 21:00:00,1.4
8878,2025-11-11 22:00:00,1.1
8879,2025-11-11 23:00:00,0.4
8880,2025-11-12 00:00:00,0.5
8881,2025-11-12 01:00:00,1.4
8882,2025-11-12 02:00:00,1.4
8883,2025-11-12 03:00:00,2.6
8884,2025-11-12 04:00:00,3.1
8885,2025-11-12 05:00:00,3.0
8886,2025-11-12 06:00:00,2.8
8887,2025-11-12 07:00:00,3.0
8888,2025-11-12 08:00:00,2.9
8889,2025-11-12 09:00:00,2.9
8890,2025-11-12 10:00:00,2.8
8891,2025-11-12 11:00:00,2.8
8892,2025-11-12 12:00:00,3.6
8893,2025-11-12 13:00:00,3.6
8894,2025-11-12 14:00:00,3.2
8895,2025-11-12 15:00:00,2.6
8896,2025-11-12 16:00:00,2.0
8897,2025-11-12 17:00:00,2.9
8898,2025-11-12 18:00:00,2.7
8899,2025-11-12 19:00:00,2.8
8900,2025-11-12 20:00:00,2.9
8901,2025-11-12 21:00:00,3.0
8902,2025-11-12 22:00:00,2.6
8903,2025-11-12 23:00:00,2.5
8904,2025-11-13 00:00:00,2.5
8905,2025-11-13 01:00:00,2.7
8906,2025-11-13 02:00:00,3.1
8907,2025-11-13 03:00:00,3.4
8908,2025-11-13 04:00:00,3.1
8909,2025-11-13 05:00:00,3.0
8910,2025-11-13 06:00:00,3.1
8911,2025-11-13 07:00:00,4.6
8912,2025-11-13 08:00:00,5.4
8913,2025-11-13 09:00:00,6.0
8914,2025-11-13 10:00:00,6.3
8915,2025-11-13 11:00:00,5.7
8916,2025-11-13 12:00:00,4.8
8917,2025-11-13 13:00:00,3.9
8918,2025-11-13 14:00:00,3.2
8919,2025-11-13 15:00:00,1.8
8920,2025-11-13 16:00:00,2.5
8921,2025-11-13 17:00:00,3.1
8922,2025-11-13 18:00:00,3.5
8923,2025-11-13 19:00:00,3.2
8924,2025-11-13 20:00:00,3.3
8925,2025-11-13 21:00:00,3.6
8926,2025-11-13 22:00:00,3.4
8927,2025-11-13 23:00:00,3.4
8928,2025-11-14 00:00:00,2.3
8929,2025-11-14 01:00:00,1.3
8930,2025-11-14 02:00:00,0.8
8931,2025-11-14 03:00:00,0.9
8932,2025-11-14 04:00:00,1.4
8933,2025-11-14 05:00:00,1.9
8934,2025-11-14 06:00:00,2.2
8935,2025-11-14 07:00:00,2.5
8936,2025-11-14 08:00:00,2.8
8937,2025-11-14 09:00:00,2.8
8938,2025-11-14 10:00:00,2.2
8939,2025-11-14 11:00:00,2.9
8940,2025-11-14 12:00:00,2.9
8941,2025-11-14 13:00:00,2.2
8942,2025-11-14 14:00:00,1.9
8943,2025-11-14 15:00:00,1.5
8944,2025-11-14 16:00:00,1.2
8945,2025-11-14 17:00:00,1.2
8946,2025-11-14 18:00:00,0.8
8947,2025-11-14 19:00:00,0.8
8948,2025-11-14 20:00:00,0.7
8949,2025-11-14 21:00:00,1.3
8950,2025-11-14 22:00:00,1.2
8951,2025-11-14 23:00:00,2.0
8952,2025-11-15 00:00:00,1.7
8953,2025-11-15 01:00:00,2.2
8954,2025-11-15 02:00:00,2.7
8955,2025-11-15 03:00:00,2.6
8956,2025-11-15 04:00:00,2.0
8957,2025-11-15 05:00:00,2.6
8958,2025-11-15 06:00:00,3.0
8959,2025-11-15 07:00:00,3.7
8960,2025-11-15 08:00:00,3.9
8961,2025-11-15 09:00:00,3.9
8962,2025-11-15 10:00:00,3.5
8963,2025-11-15 11:00:00,3.6
8964,2025-11-15 12:00:00,3.8
8965,2025-11-15 13:00:00,3.7
8966,2025-11-15 14:00:00,4.3
8967,2025-11-15 15:00:00,4.4
8968,2025-11-15 16:00:00,3.7
8969,2025-11-15 17:00:00,3.4
8970,2025-11-15 18:00:00,3.6
8971,2025-11-15 19:00:00,3.6
8972,2025-11-15 20:00:00,4.4
8973,2025-11-15 21:00:00,4.4
8974,2025-11-15 22:00:00,3.5
8975,2025-11-15 23:00:00,4.0
8976,2025-11-16 00:00:00,3.0
8977,2025-11-16 01:00:00,3.6
8978,2025-11-16 02:00:00,5.2
8979,2025-11-16 03:00:00,4.0
8980,2025-11-16 04:00:00,2.7
8981,2025-11-16 05:00:00,3.2
8982,2025-11-16 06:00:00,2.6
8983,2025-11-16 07:00:00,2.1
8984,2025-11-16 08:00:00,1.9
8985,2025-11-16 09:00:00,1.8
8986,2025-11-16 10:00:00,3.5
8987,2025-11-16 11:00:00,4.3
8988,2025-11-16 12:00:00,4.6
8989,2025-11-16 13:00:00,4.1
8990,2025-11-16 14:00:00,3.6
8991,2025-11-16 15:00:00,3.8
8992,2025-11-16 16:00:00,3.1
8993,2025-11-16 17:00:00,2.7
8994,2025-11-16 18:00:00,2.9
8995,2025-11-16 19:00:00,2.7
8996,2025-11-16 20:00:00,2.8
8997,2025-11-16 21:00:00,2.5
8998,2025-11-16 22:00:00,1.8
8999,2025-11-16 23:00:00,2.0
9000,2025-11-17 00:00:00,2.4
9001,2025-11-17 01:00:00,2.5
9002,2025-11-17 02:00:00,2.3
9003,2025-11-17 03:00:00,2.4
9004,2025-11-17 04:00:00,2.5
9005,2025-11-17 05:00:00,2.6
9006,2025-11-17 06:00:00,2.4
9007,2025-11-17 07:00:00,1.7
9008,2025-11-17 08:00:00,1.5
9009,2025-11-17 09:00:00,3.0
9010,2025-11-17 10:00:00,3.6
9011,2025-11-17 11:00:00,3.5
9012,2025-11-17 12:00:00,2.9
9013,2025-11-17 13:00:00,2.4
9014,2025-11-17 14:00:00,2.6
9015,2025-11-17 15:00:00,2.8
9016,2025-11-17 16:00:00,3.0
9017,2025-11-17 17:00:00,3.4
9018,2025-11-17 18:00:00,2.8
9019,2025-11-17 19:00:00,2.7
9020,2025-11-17 20:00:00,2.5
9021,2025-11-17 21:00:00,2.7
9022,2025-11-17 22:00:00,2.4
9023,2025-11-17 23:00:00,2.2
9024,2025-11-18 00:00:00,2.7
9025,2025-11-18 01:00:00,3.1
9026,2025-11-18 02:00:00,4.8
9027,2025-11-18 03:00:00,5.1
9028,2025-11-18 04:00:00,4.2
9029,2025-11-18 05:00:00,5.1
9030,2025-11-18 06:00:00,5.5
9031,2025-11-18 07:00:00,4.7
9032,2025-11-18 08:00:00,4.5
9033,2025-11-18 09:00:00,5.6
9034,2025-11-18 10:00:00,6.1
9035,2025-11-18 11:00:00,6.6
9036,2025-11-18 12:00:00,5.7
9037,2025-11-18 13:00:00,5.3
9038,2025-11-18 14:00:00,5.2
9039,2025-11-18 15:00:00,5.0
9040,2025-11-18 16:00:00,4.7
9041,2025-11-18 17:00:00,4.5
9042,2025-11-18 18:00:00,4.8
9043,2025-11-18 19:00:00,5.6
9044,2025-11-18 20:00:00,5.2
9045,2025-11-18 21:00:00,5.5
9046,2025-11-18 22:00:00,5.6
9047,2025-11-18 23:00:00,6.1
9048,2025-11-19 00:00:00,6.1
9049,2025-11-19 01:00:00,5.3
9050,2025-11-19 02:00:00,5.1
9051,2025-11-19 03:00:00,4.9
9052,2025-11-19 04:00:00,4.9
9053,2025-11-19 05:00:00,4.8
9054,2025-11-19 06:00:00,3.5
9055,2025-11-19 07:00:00,2.4
9056,2025-11-19 08:00:00,2.8
9057,2025-11-19 09:00:00,4.2
9058,2025-11-19 10:00:00,4.5
9059,2025-11-19 11:00:00,3.9
9060,2025-11-19 12:00:00,4.5
9061,2025-11-19 13:00:00,4.7
9062,2025-11-19 14:00:00,3.8
9063,2025-11-19 15:00:00,3.9
9064,2025-11-19 16:00:00,2.8
9065,2025-11-19 17:00:00,3.1
9066,2025-11-19 18:00:00,3.3
9067,2025-11-19 19:00:00,4.1
9068,2025-11-19 20:00:00,3.8
9069,2025-11-19 21:00:00,4.1
9070,2025-11-19 22:00:00,3.7
9071,2025-11-19 23:00:00,3.7
9072,2025-11-20 00:00:00,3.8
9073,2025-11-20 01:00:00,5.1
9074,2025-11-20 02:00:00,4.6
9075,2025-11-20 03:00:00,4.7
9076,2025-11-20 04:00:00,4.3
9077,2025-11-20 05:00:00,3.9
9078,2025-11-20 06:00:00,3.8
9079,2025-11-20 07:00:00,4.6
9080,2025-11-20 08:00:00,4.3
9081,2025-11-20 09:00:00,4.1
9082,2025-11-20 10:00:00,4.2
9083,2025-11-20 11:00:00,4.9
9084,2025-11-20 12:00:00,5.0
9085,2025-11-20 13:00:00,6.2
9086,2025-11-20 14:00:00,5.5
9087,2025-11-20 15:00:00,5.2
9088,2025-11-20 16:00:00,5.6
9089,2025-11-20 17:00:00,6.4
9090,2025-11-20 18:00:00,5.7
9091,2025-11-20 19:00:00,4.8
9092,2025-11-20 20:00:00,3.3
9093,2025-11-20 21:00:00,3.1
9094,2025-11-20 22:00:00,3.5
9095,2025-11-20 23:00:00,3.0
9096,2025-11-21 00:00:00,3.1
9097,2025-11-21 01:00:00,2.0
9098,2025-11-21 02:00:00,1.2
9099,2025-11-21 03:00:00,1.7
9100,2025-11-21 04:00:00,0.8
9101,2025-11-21 05:00:00,1.5
9102,2025-11-21 06:00:00,1.3
9103,2025-11-21 07:00:00,1.5
9104,2025-11-21 08:00:00,2.1
9105,2025-11-21 09:00:00,1.7
9106,2025-11-21 10:00:00,3.1
9107,2025-11-21 11:00:00,2.8
9108,2025-11-21 12:00:00,2.3
9109,2025-11-21 13:00:00,2.0
9110,2025-11-21 14:00:00,1.8
9111,2025-11-21 15:00:00,1.9
9112,2025-11-21 16:00:00,1.9
9113,2025-11-21 17:00:00,1.8
9114,2025-11-21 18:00:00,1.5
9115,2025-11-21 19:00:00,1.5
9116,2025-11-21 20:00:00,1.5
9117,2025-11-21 21:00:00,1.7
9118,2025-11-21 22:00:00,1.8
9119,2025-11-21 23:00:00,1.7
9120,2025-11-22 00:00:00,1.5
9121,2025-11-22 01:00:00,1.3
9122,2025-11-22 02:00:00,1.3
9123,2025-11-22 03:00:00,0.7
9124,2025-11-22 04:00:00,0.5
9125,2025-11-22 05:00:00,0.4
9126,2025-11-22 06:00:00,0.6
9127,2025-11-22 07:00:00,1.4
9128,2025-11-22 08:00:00,0.9
9129,2025-11-22 09:00:00,0.7
9130,2025-11-22 10:00:00,0.7
9131,2025-11-22 11:00:00,1.6
9132,2025-11-22 12:00:00,2.8
9133,2025-11-22 13:00:00,3.3
9134,2025-11-22 14:00:00,3.2
9135,2025-11-22 15:00:00,2.1
9136,2025-11-22 16:00:00,1.3
9137,2025-11-22 17:00:00,2.2
9138,2025-11-22 18:00:00,2.0
9139,2025-11-22 19:00:00,1.2
9140,2025-11-22 20:00:00,1.7
9141,2025-11-22 21:00:00,1.3
9142,2025-11-22 22:00:00,1.1
9143,2025-11-22 23:00:00,1.3
9144,2025-11-23 00:00:00,2.5
9145,2025-11-23 01:00:00,2.0
9146,2025-11-23 02:00:00,2.1
9147,2025-11-23 03:00:00,2.5
9148,2025-11-23 04:00:00,2.4
9149,2025-11-23 05:00:00,2.2
9150,2025-11-23 06:00:00,2.2
9151,2025-11-23 07:00:00,3.3
9152,2025-11-23 08:00:00,3.1
9153,2025-11-23 09:00:00,2.3
9154,2025-11-23 10:00:00,2.3
9155,2025-11-23 11:00:00,3.2
9156,2025-11-23 12:00:00,4.1
9157,2025-11-23 13:00:00,4.5
9158,2025-11-23 14:00:00,4.0
9159,2025-11-23 15:00:00,3.2
9160,2025-11-23 16:00:00,2.8
9161,2025-11-23 17:00:00,2.9
9162,2025-11-23 18:00:00,3.0
9163,2025-11-23 19:00:00,3.8
9164,2025-11-23 20:00:00,4.1
9165,2025-11-23 21:00:00,4.5
9166,2025-11-23 22:00:00,3.9
9167,2025-11-23 23:00:00,3.9
9168,2025-11-24 00:00:00,4.4
9169,2025-11-24 01:00:00,3.3
9170,2025-11-24 02:00:00,2.9
9171,2025-11-24 03:00:00,2.9
9172,2025-11-24 04:00:00,2.7
9173,2025-11-24 05:00:00,2.8
9174,2025-11-24 06:00:00,2.5
9175,2025-11-24 07:00:00,2.2
9176,2025-11-24 08:00:00,3.5
9177,2025-11-24 09:00:00,3.4
9178,2025-11-24 10:00:00,2.6
9179,2025-11-24 11:00:00,4.3
9180,2025-11-24 12:00:00,3.3
9181,2025-11-24 13:00:00,3.2
9182,2025-11-24 14:00:00,2.6
9183,2025-11-24 15:00:00,2.0
9184,2025-11-24 16:00:00,2.2
9185,2025-11-24 17:00:00,3.3
9186,2025-11-24 18:00:00,3.1
9187,2025-11-24 19:00:00,2.7
9188,2025-11-24 20:00:00,2.4
9189,2025-11-24 21:00:00,3.1
9190,2025-11-24 22:00:00,2.6
9191,2025-11-24 23:00:00,2.4
9192,2025-11-25 00:00:00,2.3
9193,2025-11-25 01:00:00,2.8
9194,2025-11-25 02:00:00,2.3
9195,2025-11-25 03:00:00,2.4
9196,2025-11-25 04:00:00,2.4
9197,2025-11-25 05:00:00,2.3
9198,2025-11-25 06:00:00,1.7
9199,2025-11-25 07:00:00,2.1
9200,2025-11-25 08:00:00,2.6
9201,2025-11-25 09:00:00,1.8
9202,2025-11-25 10:00:00,1.8
9203,2025-11-25 11:00:00,2.2
9204,2025-11-25 12:00:00,1.9
9205,2025-11-25 13:00:00,1.7
9206,2025-11-25 14:00:00,0.9
9207,2025-11-25 15:00:00,1.0
9208,2025-11-25 16:00:00,1.0
9209,2025-11-25 17:00:00,0.8
9210,2025-11-25 18:00:00,1.0
9211,2025-11-25 19:00:00,1.0
9212,2025-11-25 20:00:00,1.4
9213,2025-11-25 21:00:00,1.1
9214,2025-11-25 22:00:00,1.3
9215,2025-11-25 23:00:00,1.3
9216,2025-11-26 00:00:00,1.4
9217,2025-11-26 01:00:00,1.4
9218,2025-11-26 02:00:00,1.3
9219,2025-11-26 03:00:00,1.3
9220,2025-11-26 04:00:00,1.6
9221,2025-11-26 05:00:00,1.4
9222,2025-11-26 06:00:00,1.5
9223,2025-11-26 07:00:00,1.7
9224,2025-11-26 08:00:00,1.8
9225,2025-11-26 09:00:00,2.3
9226,2025-11-26 10:00:00,2.1
9227,2025-11-26 11:00:00,3.1
9228,2025-11-26 12:00:00,2.5
9229,2025-11-26 13:00:00,2.3
9230,2025-11-26 14:00:00,2.5
9231,2025-11-26 15:00:00,2.7
9232,2025-11-26 16:00:00,3.1
9233,2025-11-26 17:00:00,2.5
9234,2025-11-26 18:00:00,2.8
9235,2025-11-26 19:00:00,2.7
9236,2025-11-26 20:00:00,3.3
9237,2025-11-26 21:00:00,2.7
9238,2025-11-26 22:00:00,2.7
9239,2025-11-26 23:00:00,2.6
9240,2025-11-27 00:00:00,2.5
9241,2025-11-27 01:00:00,2.6
9242,2025-11-27 02:00:00,2.7
9243,2025-11-27 03:00:00,3.3
9244,2025-11-27 04:00:00,3.2
9245,2025-11-27 05:00:00,3.3
9246,2025-11-27 06:00:00,2.8
9247,2025-11-27 07:00:00,2.7
9248,2025-11-27 08:00:00,2.1
9249,2025-11-27 09:00:00,2.5
9250,2025-11-27 10:00:00,3.9
9251,2025-11-27 11:00:00,4.7
9252,2025-11-27 12:00:00,5.5
9253,2025-11-27 13:00:00,4.3
9254,2025-11-27 14:00:00,5.5
9255,2025-11-27 15:00:00,3.8
9256,2025-11-27 16:00:00,3.5
9257,2025-11-27 17:00:00,2.7
9258,2025-11-27 18:00:00,3.3
9259,2025-11-27 19:00:00,3.8
9260,2025-11-27 20:00:00,4.2
9261,2025-11-27 21:00:00,4.3
9262,2025-11-27 22:00:00,3.6
9263,2025-11-27 23:00:00,3.9
9264,2025-11-28 00:00:00,3.9
9265,2025-11-28 01:00:00,3.8
9266,2025-11-28 02:00:00,4.4
9267,2025-11-28 03:00:00,4.5
9268,2025-11-28 04:00:00,3.6
9269,2025-11-28 05:00:00,3.1
9270,2025-11-28 06:00:00,2.8
9271,2025-11-28 07:00:00,2.8
9272,2025-11-28 08:00:00,2.9
9273,2025-11-28 09:00:00,3.2
9274,2025-11-28 10:00:00,4.1
9275,2025-11-28 11:00:00,4.2
9276,2025-11-28 12:00:00,5.2
9277,2025-11-28 13:00:00,4.1
9278,2025-11-28 14:00:00,3.2
9279,2025-11-28 15:00:00,2.7
9280,2025-11-28 16:00:00,2.3
9281,2025-11-28 17:00:00,2.4
9282,2025-11-28 18:00:00,2.5
9283,2025-11-28 19:00:00,3.0
9284,2025-11-28 20:00:00,3.1
9285,2025-11-28 21:00:00,3.5
9286,2025-11-28 22:00:00,2.9
9287,2025-11-28 23:00:00,3.2
9288,2025-11-29 00:00:00,2.5
9289,2025-11-29 01:00:00,1.4
9290,2025-11-29 02:00:00,1.8
9291,2025-11-29 03:00:00,1.7
9292,2025-11-29 04:00:00,1.5
9293,2025-11-29 05:00:00,1.6
9294,2025-11-29 06:00:00,1.1
9295,2025-11-29 07:00:00,0.8
9296,2025-11-29 08:00:00,1.1
9297,2025-11-29 09:00:00,1.0
9298,2025-11-29 10:00:00,1.3
9299,2025-11-29 11:00:00,1.4
9300,2025-11-29 12:00:00,1.6
9301,2025-11-29 13:00:00,1.9
9302,2025-11-29 14:00:00,2.1
9303,2025-11-29 15:00:00,2.4
9304,2025-11-29 16:00:00,2.6
9305,2025-11-29 17:00:00,2.4
9306,2025-11-29 18:00:00,2.8
9307,2025-11-29 19:00:00,2.9
9308,2025-11-29 20:00:00,2.9
9309,2025-11-29 21:00:00,3.5
9310,2025-11-29 22:00:00,3.6
9311,2025-11-29 23:00:00,3.2
9312,2025-11-30 00:00:00,2.8
9313,2025-11-30 01:00:00,3.0
9314,2025-11-30 02:00:00,3.2
9315,2025-11-30 03:00:00,3.1
9316,2025-11-30 04:00:00,3.4
9317,2025-11-30 05:00:00,2.8
9318,2025-11-30 06:00:00,2.8
9319,2025-11-30 07:00:00,2.5
9320,2025-11-30 08:00:00,3.6
9321,2025-11-30 09:00:00,3.1
9322,2025-11-30 10:00:00,2.7
9323,2025-11-30 11:00:00,3.0
9324,2025-11-30 12:00:00,2.8
9325,2025-11-30 13:00:00,2.3
9326,2025-11-30 14:00:00,1.9
9327,2025-11-30 15:00:00,1.2
9328,2025-11-30 16:00:00,1.6
9329,2025-11-30 17:00:00,1.4
9330,2025-11-30 18:00:00,0.5
9331,2025-11-30 19:00:00,1.2
9332,2025-11-30 20:00:00,1.3
9333,2025-11-30 21:00:00,1.1
9334,2025-11-30 22:00:00,1.1
9335,2025-11-30 23:00:00,2.4
9336,2025-12-01 00:00:00,2.5
9337,2025-12-01 01:00:00,2.5
9338,2025-12-01 02:00:00,2.8
9339,2025-12-01 03:00:00,2.6
9340,2025-12-01 04:00:00,2.1
9341,2025-12-01 05:00:00,1.1
9342,2025-12-01 06:00:00,0.6
9343,2025-12-01 07:00:00,0.5
9344,2025-12-01 08:00:00,0.6
9345,2025-12-01 09:00:00,1.4
9346,2025-12-01 10:00:00,2.8
9347,2025-12-01 11:00:00,3.9
9348,2025-12-01 12:00:00,3.7
9349,2025-12-01 13:00:00,3.5
9350,2025-12-01 14:00:00,2.0
9351,2025-12-01 15:00:00,2.2
9352,2025-12-01 16:00:00,2.6
9353,2025-12-01 17:00:00,2.8
9354,2025-12-01 18:00:00,2.0
9355,2025-12-01 19:00:00,2.5
9356,2025-12-01 20:00:00,2.6
9357,2025-12-01 21:00:00,3.4
9358,2025-12-01 22:00:00,2.8
9359,2025-12-01 23:00:00,2.7
9360,2025-12-02 00:00:00,3.3
9361,2025-12-02 01:00:00,2.5
9362,2025-12-02 02:00:00,2.8
9363,2025-12-02 03:00:00,3.8
9364,2025-12-02 04:00:00,4.3
9365,2025-12-02 05:00:00,2.7
9366,2025-12-02 06:00:00,2.3
9367,2025-12-02 07:00:00,2.3
9368,2025-12-02 08:00:00,2.9
9369,2025-12-02 09:00:00,3.3
9370,2025-12-02 10:00:00,3.6
9371,2025-12-02 11:00:00,3.7
9372,2025-12-02 12:00:00,3.9
9373,2025-12-02 13:00:00,3.2
9374,2025-12-02 14:00:00,3.1
9375,2025-12-02 15:00:00,2.7
9376,2025-12-02 16:00:00,2.5
9377,2025-12-02 17:00:00,3.2
9378,2025-12-02 18:00:00,3.6
9379,2025-12-02 19:00:00,3.5
9380,2025-12-02 20:00:00,2.8
9381,2025-12-02 21:00:00,3.1
9382,2025-12-02 22:00:00,2.7
9383,2025-12-02 23:00:00,2.8
9384,2025-12-03 00:00:00,2.9
9385,2025-12-03 01:00:00,3.1
9386,2025-12-03 02:00:00,2.8
9387,2025-12-03 03:00:00,2.7
9388,2025-12-03 04:00:00,2.9
9389,2025-12-03 05:00:00,2.5
9390,2025-12-03 06:00:00,2.5
9391,2025-12-03 07:00:00,2.4
9392,2025-12-03 08:00:00,2.0
9393,2025-12-03 09:00:00,2.1
9394,2025-12-03 10:00:00,2.4
9395,2025-12-03 11:00:00,2.4
9396,2025-12-03 12:00:00,2.3
9397,2025-12-03 13:00:00,2.1
9398,2025-12-03 14:00:00,2.3
9399,2025-12-03 15:00:00,2.4
9400,2025-12-03 16:00:00,2.5
9401,2025-12-03 17:00:00,3.2
9402,2025-12-03 18:00:00,2.9
9403,2025-12-03 19:00:00,2.3
9404,2025-12-03 20:00:00,2.0
9405,2025-12-03 21:00:00,2.1
9406,2025-12-03 22:00:00,1.9
9407,2025-12-03 23:00:00,2.5
9408,2025-12-04 00:00:00,2.5
9409,2025-12-04 01:00:00,1.6
9410,2025-12-04 02:00:00,1.7
9411,2025-12-04 03:00:00,2.6
9412,2025-12-04 04:00:00,2.2
9413,2025-12-04 05:00:00,2.4
9414,2025-12-04 06:00:00,2.2
9415,2025-12-04 07:00:00,2.7
9416,2025-12-04 08:00:00,2.6
9417,2025-12-04 09:00:00,2.1
9418,2025-12-04 10:00:00,2.0
9419,2025-12-04 11:00:00,2.0
9420,2025-12-04 12:00:00,2.2
9421,2025-12-04 13:00:00,2.3
9422,2025-12-04 14:00:00,1.8
9423,2025-12-04 15:00:00,1.9
9424,2025-12-04 16:00:00,2.8
9425,2025-12-04 17:00:00,2.1
9426,2025-12-04 18:00:00,1.1
9427,2025-12-04 19:00:00,1.8
9428,2025-12-04 20:00:00,2.6
9429,2025-12-04 21:00:00,3.0
9430,2025-12-04 22:00:00,2.5
9431,2025-12-04 23:00:00,2.5
9432,2025-12-05 00:00:00,1.6
9433,2025-12-05 01:00:00,1.1
9434,2025-12-05 02:00:00,0.8
9435,2025-12-05 03:00:00,0.6
9436,2025-12-05 04:00:00,0.5
9437,2025-12-05 05:00:00,0.9
9438,2025-12-05 06:00:00,0.8
9439,2025-12-05 07:00:00,0.9
9440,2025-12-05 08:00:00,0.4
9441,2025-12-05 09:00:00,1.0
9442,2025-12-05 10:00:00,1.0
9443,2025-12-05 11:00:00,2.0
9444,2025-12-05 12:00:00,1.9
9445,2025-12-05 13:00:00,2.0
9446,2025-12-05 14:00:00,1.6
9447,2025-12-05 15:00:00,2.3
9448,2025-12-05 16:00:00,2.4
9449,2025-12-05 17:00:00,2.8
9450,2025-12-05 18:00:00,2.6
9451,2025-12-05 19:00:00,2.1
9452,2025-12-05 20:00:00,2.7
9453,2025-12-05 21:00:00,2.0
9454,2025-12-05 22:00:00,3.0
9455,2025-12-05 23:00:00,3.3
9456,2025-12-06 00:00:00,2.1
9457,2025-12-06 01:00:00,1.9
9458,2025-12-06 02:00:00,2.0
9459,2025-12-06 03:00:00,1.5
9460,2025-12-06 04:00:00,2.4
9461,2025-12-06 05:00:00,3.4
9462,2025-12-06 06:00:00,3.1
9463,2025-12-06 07:00:00,3.1
9464,2025-12-06 08:00:00,3.2
9465,2025-12-06 09:00:00,4.5
9466,2025-12-06 10:00:00,4.3
9467,2025-12-06 11:00:00,3.6
9468,2025-12-06 12:00:00,3.9
9469,2025-12-06 13:00:00,4.2
9470,2025-12-06 14:00:00,4.6
9471,2025-12-06 15:00:00,4.0
9472,2025-12-06 16:00:00,3.6
9473,2025-12-06 17:00:00,3.9
9474,2025-12-06 18:00:00,3.8
9475,2025-12-06 19:00:00,3.3
9476,2025-12-06 20:00:00,3.1
9477,2025-12-06 21:00:00,1.8
9478,2025-12-06 22:00:00,1.9
9479,2025-12-06 23:00:00,3.2
9480,2025-12-07 00:00:00,3.9
9481,2025-12-07 01:00:00,3.3
9482,2025-12-07 02:00:00,3.0
9483,2025-12-07 03:00:00,2.5
9484,2025-12-07 04:00:00,1.9
9485,2025-12-07 05:00:00,1.7
9486,2025-12-07 06:00:00,3.6
9487,2025-12-07 07:00:00,3.2
9488,2025-12-07 08:00:00,3.9
9489,2025-12-07 09:00:00,4.6
9490,2025-12-07 10:00:00,4.4
9491,2025-12-07 11:00:00,4.2
9492,2025-12-07 12:00:00,4.7
9493,2025-12-07 13:00:00,3.7
9494,2025-12-07 14:00:00,3.0
9495,2025-12-07 15:00:00,1.8
9496,2025-12-07 16:00:00,1.0
9497,2025-12-07 17:00:00,1.4
9498,2025-12-07 18:00:00,2.1
9499,2025-12-07 19:00:00,2.0
9500,2025-12-07 20:00:00,2.5
9501,2025-12-07 21:00:00,3.1
9502,2025-12-07 22:00:00,3.2
9503,2025-12-07 23:00:00,3.2
9504,2025-12-08 00:00:00,4.0
9505,2025-12-08 01:00:00,4.7
9506,2025-12-08 02:00:00,4.4
9507,2025-12-08 03:00:00,3.9
9508,2025-12-08 04:00:00,4.5
9509,2025-12-08 05:00:00,3.8
9510,2025-12-08 06:00:00,4.2
9511,2025-12-08 07:00:00,4.6
9512,2025-12-08 08:00:00,4.4
9513,2025-12-08 09:00:00,4.3
9514,2025-12-08 10:00:00,3.8
9515,2025-12-08 11:00:00,3.8
9516,2025-12-08 12:00:00,3.3
9517,2025-12-08 13:00:00,3.9
9518,2025-12-08 14:00:00,2.9
9519,2025-12-08 15:00:00,2.4
9520,2025-12-08 16:00:00,3.1
9521,2025-12-08 17:00:00,4.2
9522,2025-12-08 18:00:00,2.8
9523,2025-12-08 19:00:00,3.0
9524,2025-12-08 20:00:00,2.7
9525,2025-12-08 21:00:00,3.2
9526,2025-12-08 22:00:00,4.1
9527,2025-12-08 23:00:00,3.6
9528,2025-12-09 00:00:00,3.6
9529,2025-12-09 01:00:00,3.0
9530,2025-12-09 02:00:00,3.8
9531,2025-12-09 03:00:00,3.2
9532,2025-12-09 04:00:00,2.3
9533,2025-12-09 05:00:00,1.9
9534,2025-12-09 06:00:00,3.4
9535,2025-12-09 07:00:00,2.8
9536,2025-12-09 08:00:00,3.2
9537,2025-12-09 09:00:00,2.1
9538,2025-12-09 10:00:00,2.7
9539,2025-12-09 11:00:00,3.5
9540,2025-12-09 12:00:00,2.7
9541,2025-12-09 13:00:00,1.8
9542,2025-12-09 14:00:00,2.1
9543,2025-12-09 15:00:00,1.9
9544,2025-12-09 16:00:00,1.6
9545,2025-12-09 17:00:00,1.7
9546,2025-12-09 18:00:00,2.2
9547,2025-12-09 19:00:00,3.4
9548,2025-12-09 20:00:00,3.0
9549,2025-12-09 21:00:00,2.0
9550,2025-12-09 22:00:00,2.4
9551,2025-12-09 23:00:00,3.0
9552,2025-12-10 00:00:00,3.2
9553,2025-12-10 01:00:00,2.5
9554,2025-12-10 02:00:00,2.8
9555,2025-12-10 03:00:00,3.1
9556,2025-12-10 04:00:00,3.3
9557,2025-12-10 05:00:00,3.7
9558,2025-12-10 06:00:00,4.2
9559,2025-12-10 07:00:00,4.4
9560,2025-12-10 08:00:00,4.6
9561,2025-12-10 09:00:00,4.4
9562,2025-12-10 10:00:00,3.3
9563,2025-12-10 11:00:00,3.5
9564,2025-12-10 12:00:00,3.7
9565,2025-12-10 13:00:00,3.8
9566,2025-12-10 14:00:00,2.6
9567,2025-12-10 15:00:00,2.3
9568,2025-12-10 16:00:00,2.6
9569,2025-12-10 17:00:00,2.7
9570,2025-12-10 18:00:00,2.7
9571,2025-12-10 19:00:00,2.8
9572,2025-12-10 20:00:00,3.6
9573,2025-12-10 21:00:00,4.4
9574,2025-12-10 22:00:00,3.8
9575,2025-12-10 23:00:00,3.8
9576,2025-12-11 00:00:00,4.1
9577,2025-12-11 01:00:00,4.1
9578,2025-12-11 02:00:00,3.6
9579,2025-12-11 03:00:00,4.0
9580,2025-12-11 04:00:00,4.6
9581,2025-12-11 05:00:00,3.8
9582,2025-12-11 06:00:00,2.7
9583,2025-12-11 07:00:00,3.3
9584,2025-12-11 08:00:00,3.9
9585,2025-12-11 09:00:00,3.8
9586,2025-12-11 10:00:00,4.6
9587,2025-12-11 11:00:00,5.4
9588,2025-12-11 12:00:00,4.9
9589,2025-12-11 13:00:00,4.6
9590,2025-12-11 14:00:00,3.7
9591,2025-12-11 15:00:00,3.7
9592,2025-12-11 16:00:00,3.7
9593,2025-12-11 17:00:00,3.6
9594,2025-12-11 18:00:00,3.5
9595,2025-12-11 19:00:00,2.5
9596,2025-12-11 20:00:00,3.4
9597,2025-12-11 21:00:00,4.1
9598,2025-12-11 22:00:00,4.1
9599,2025-12-11 23:00:00,2.9
9600,2025-12-12 00:00:00,2.1
9601,2025-12-12 01:00:00,1.9
9602,2025-12-12 02:00:00,1.2
9603,2025-12-12 03:00:00,0.7
9604,2025-12-12 04:00:00,0.8
9605,2025-12-12 05:00:00,1.5
9606,2025-12-12 06:00:00,1.0
9607,2025-12-12 07:00:00,0.5
9608,2025-12-12 08:00:00,0.5
9609,2025-12-12 09:00:00,0.5
9610,2025-12-12 10:00:00,1.2
9611,2025-12-12 11:00:00,0.8
9612,2025-12-12 12:00:00,1.9
9613,2025-12-12 13:00:00,3.2
9614,2025-12-12 14:00:00,2.1
9615,2025-12-12 15:00:00,1.9
9616,2025-12-12 16:00:00,2.9
9617,2025-12-12 17:00:00,2.6
9618,2025-12-12 18:00:00,1.8
9619,2025-12-12 19:00:00,2.0
9620,2025-12-12 20:00:00,2.3
9621,2025-12-12 21:00:00,2.0
9622,2025-12-12 22:00:00,1.7
9623,2025-12-12 23:00:00,1.3
9624,2025-12-13 00:00:00,1.2
9625,2025-12-13 01:00:00,1.1
9626,2025-12-13 02:00:00,1.0
9627,2025-12-13 03:00:00,2.3
9628,2025-12-13 04:00:00,2.8
9629,2025-12-13 05:00:00,2.1
9630,2025-12-13 06:00:00,2.1
9631,2025-12-13 07:00:00,1.6
9632,2025-12-13 08:00:00,1.1
9633,2025-12-13 09:00:00,1.6
9634,2025-12-13 10:00:00,1.8
9635,2025-12-13 11:00:00,2.5
9636,2025-12-13 12:00:00,3.0
9637,2025-12-13 13:00:00,3.1
9638,2025-12-13 14:00:00,3.9
9639,2025-12-13 15:00:00,4.1
9640,2025-12-13 16:00:00,4.2
9641,2025-12-13 17:00:00,4.1
9642,2025-12-13 18:00:00,3.8
9643,2025-12-13 19:00:00,4.3
9644,2025-12-13 20:00:00,4.4
9645,2025-12-13 21:00:00,3.5
9646,2025-12-13 22:00:00,2.9
9647,2025-12-13 23:00:00,3.0
9648,2025-12-14 00:00:00,3.0
9649,2025-12-14 01:00:00,3.0
9650,2025-12-14 02:00:00,2.0
9651,2025-12-14 03:00:00,2.8
9652,2025-12-14 04:00:00,2.6
9653,2025-12-14 05:00:00,2.8
9654,2025-12-14 06:00:00,1.8
9655,2025-12-14 07:00:00,1.7
9656,2025-12-14 08:00:00,2.0
9657,2025-12-14 09:00:00,2.0
9658,2025-12-14 10:00:00,2.2
9659,2025-12-14 11:00:00,2.7
9660,2025-12-14 12:00:00,3.6
9661,2025-12-14 13:00:00,5.0
9662,2025-12-14 14:00:00,4.4
9663,2025-12-14 15:00:00,4.3
9664,2025-12-14 16:00:00,3.1
9665,2025-12-14 17:00:00,3.0
9666,2025-12-14 18:00:00,3.1
9667,2025-12-14 19:00:00,4.6
9668,2025-12-14 20:00:00,3.7
9669,2025-12-14 21:00:00,3.6
9670,2025-12-14 22:00:00,3.9
9671,2025-12-14 23:00:00,4.7
9672,2025-12-15 00:00:00,4.6
9673,2025-12-15 01:00:00,3.7
9674,2025-12-15 02:00:00,4.1
9675,2025-12-15 03:00:00,4.0
9676,2025-12-15 04:00:00,3.7
9677,2025-12-15 05:00:00,3.3
9678,2025-12-15 06:00:00,4.1
9679,2025-12-15 07:00:00,3.8
9680,2025-12-15 08:00:00,3.5
9681,2025-12-15 09:00:00,2.8
9682,2025-12-15 10:00:00,3.5
9683,2025-12-15 11:00:00,3.5
9684,2025-12-15 12:00:00,4.0
9685,2025-12-15 13:00:00,3.2
9686,2025-12-15 14:00:00,2.9
9687,2025-12-15 15:00:00,2.6
9688,2025-12-15 16:00:00,3.5
9689,2025-12-15 17:00:00,3.5
9690,2025-12-15 18:00:00,3.2
9691,2025-12-15 19:00:00,2.5
9692,2025-12-15 20:00:00,3.2
9693,2025-12-15 21:00:00,3.1
9694,2025-12-15 22:00:00,3.1
9695,2025-12-15 23:00:00,3.4
9696,2025-12-16 00:00:00,3.2
9697,2025-12-16 01:00:00,3.3
9698,2025-12-16 02:00:00,3.5
9699,2025-12-16 03:00:00,3.3
9700,2025-12-16 04:00:00,2.9
9701,2025-12-16 05:00:00,2.8
9702,2025-12-16 06:00:00,2.9
9703,2025-12-16 07:00:00,3.3
9704,2025-12-16 08:00:00,2.4
9705,2025-12-16 09:00:00,2.2
9706,2025-12-16 10:00:00,2.4
9707,2025-12-16 11:00:00,2.6
9708,2025-12-16 12:00:00,2.9
9709,2025-12-16 13:00:00,3.2
9710,2025-12-16 14:00:00,2.6
9711,2025-12-16 15:00:00,2.7
9712,2025-12-16 16:00:00,2.6
9713,2025-12-16 17:00:00,2.4
9714,2025-12-16 18:00:00,1.9
9715,2025-12-16 19:00:00,2.2
9716,2025-12-16 20:00:00,1.9
9717,2025-12-16 21:00:00,1.8
9718,2025-12-16 22:00:00,1.3
9719,2025-12-16 23:00:00,1.3
9720,2025-12-17 00:00:00,1.9
9721,2025-12-17 01:00:00,2.0
9722,2025-12-17 02:00:00,2.1
9723,2025-12-17 03:00:00,2.1
9724,2025-12-17 04:00:00,2.4
9725,2025-12-17 05:00:00,2.2
9726,2025-12-17 06:00:00,2.5
9727,2025-12-17 07:00:00,2.5
9728,2025-12-17 08:00:00,2.8
9729,2025-12-17 09:00:00,2.3
9730,2025-12-17 10:00:00,1.9
9731,2025-12-17 11:00:00,2.3
9732,2025-12-17 12:00:00,3.0
9733,2025-12-17 13:00:00,2.8
9734,2025-12-17 14:00:00,2.2
9735,2025-12-17 15:00:00,2.3
9736,2025-12-17 16:00:00,1.1
9737,2025-12-17 17:00:00,0.9
9738,2025-12-17 18:00:00,0.9
9739,2025-12-17 19:00:00,1.3
9740,2025-12-17 20:00:00,1.3
9741,2025-12-17 21:00:00,0.9
9742,2025-12-17 22:00:00,0.7
9743,2025-12-17 23:00:00,2.0
9744,2025-12-18 00:00:00,2.3
9745,2025-12-18 01:00:00,2.3
9746,2025-12-18 02:00:00,2.0
9747,2025-12-18 03:00:00,1.3
9748,2025-12-18 04:00:00,1.7
9749,2025-12-18 05:00:00,1.7
9750,2025-12-18 06:00:00,2.1
9751,2025-12-18 07:00:00,3.4
9752,2025-12-18 08:00:00,3.7
9753,2025-12-18 09:00:00,3.8
9754,2025-12-18 10:00:00,3.4
9755,2025-12-18 11:00:00,5.2
9756,2025-12-18 12:00:00,4.2
9757,2025-12-18 13:00:00,4.0
9758,2025-12-18 14:00:00,2.5
9759,2025-12-18 15:00:00,1.7
9760,2025-12-18 16:00:00,2.1
9761,2025-12-18 17:00:00,3.1
9762,2025-12-18 18:00:00,3.4
9763,2025-12-18 19:00:00,4.2
9764,2025-12-18 20:00:00,3.4
9765,2025-12-18 21:00:00,3.6
9766,2025-12-18 22:00:00,2.4
9767,2025-12-18 23:00:00,2.9
9768,2025-12-19 00:00:00,3.5
9769,2025-12-19 01:00:00,3.8
9770,2025-12-19 02:00:00,3.5
9771,2025-12-19 03:00:00,2.9
9772,2025-12-19 04:00:00,3.5
9773,2025-12-19 05:00:00,3.0
9774,2025-12-19 06:00:00,2.1
9775,2025-12-19 07:00:00,2.1
9776,2025-12-19 08:00:00,2.7
9777,2025-12-19 09:00:00,2.7
9778,2025-12-19 10:00:00,1.8
9779,2025-12-19 11:00:00,1.6
9780,2025-12-19 12:00:00,2.3
9781,2025-12-19 13:00:00,3.0
9782,2025-12-19 14:00:00,3.7
9783,2025-12-19 15:00:00,3.2
9784,2025-12-19 16:00:00,2.7
9785,2025-12-19 17:00:00,3.2
9786,2025-12-19 18:00:00,3.5
9787,2025-12-19 19:00:00,3.4
9788,2025-12-19 20:00:00,3.2
9789,2025-12-19 21:00:00,3.3
9790,2025-12-19 22:00:00,3.0
9791,2025-12-19 23:00:00,2.3
9792,2025-12-20 00:00:00,2.0
9793,2025-12-20 01:00:00,1.2
9794,2025-12-20 02:00:00,1.1
9795,2025-12-20 03:00:00,0.8
9796,2025-12-20 04:00:00,1.2
9797,2025-12-20 05:00:00,0.9
9798,2025-12-20 06:00:00,0.9
9799,2025-12-20 07:00:00,0.6
9800,2025-12-20 08:00:00,0.5
9801,2025-12-20 09:00:00,0.8
9802,2025-12-20 10:00:00,0.5
9803,2025-12-20 11:00:00,0.8
9804,2025-12-20 12:00:00,0.8
9805,2025-12-20 13:00:00,0.7
9806,2025-12-20 14:00:00,1.3
9807,2025-12-20 15:00:00,0.9
9808,2025-12-20 16:00:00,1.4
9809,2025-12-20 17:00:00,1.6
9810,2025-12-20 18:00:00,1.4
9811,2025-12-20 19:00:00,1.6
9812,2025-12-20 20:00:00,1.5
9813,2025-12-20 21:00:00,1.9
9814,2025-12-20 22:00:00,1.8
9815,2025-12-20 23:00:00,2.0
9816,2025-12-21 00:00:00,2.5
9817,2025-12-21 01:00:00,3.4
9818,2025-12-21 02:00:00,3.1
9819,2025-12-21 03:00:00,2.7
9820,2025-12-21 04:00:00,3.0
9821,2025-12-21 05:00:00,3.2
9822,2025-12-21 06:00:00,2.6
9823,2025-12-21 07:00:00,2.5
9824,2025-12-21 08:00:00,2.7
9825,2025-12-21 09:00:00,2.7
9826,2025-12-21 10:00:00,3.1
9827,2025-12-21 11:00:00,3.7
9828,2025-12-21 12:00:00,3.9
9829,2025-12-21 13:00:00,3.4
9830,2025-12-21 14:00:00,3.2
9831,2025-12-21 15:00:00,3.5
9832,2025-12-21 16:00:00,4.0
9833,2025-12-21 17:00:00,4.3
9834,2025-12-21 18:00:00,4.0
9835,2025-12-21 19:00:00,3.7
9836,2025-12-21 20:00:00,3.7
9837,2025-12-21 21:00:00,3.7
9838,2025-12-21 22:00:00,4.5
9839,2025-12-21 23:00:00,3.5
9840,2025-12-22 00:00:00,3.6
9841,2025-12-22 01:00:00,3.2
9842,2025-12-22 02:00:00,3.2
9843,2025-12-22 03:00:00,4.0
9844,2025-12-22 04:00:00,4.5
9845,2025-12-22 05:00:00,4.2
9846,2025-12-22 06:00:00,4.1
9847,2025-12-22 07:00:00,4.0
9848,2025-12-22 08:00:00,4.1
9849,2025-12-22 09:00:00,3.9
9850,2025-12-22 10:00:00,3.6
9851,2025-12-22 11:00:00,3.4
9852,2025-12-22 12:00:00,3.9
9853,2025-12-22 13:00:00,3.9
9854,2025-12-22 14:00:00,3.8
9855,2025-12-22 15:00:00,3.3
9856,2025-12-22 16:00:00,3.3
9857,2025-12-22 17:00:00,3.7
9858,2025-12-22 18:00:00,3.5
9859,2025-12-22 19:00:00,3.5
9860,2025-12-22 20:00:00,3.6
9861,2025-12-22 21:00:00,3.5
9862,2025-12-22 22:00:00,3.3
9863,2025-12-22 23:00:00,3.2
9864,2025-12-23 00:00:00,2.9
9865,2025-12-23 01:00:00,3.1
9866,2025-12-23 02:00:00,3.5
9867,2025-12-23 03:00:00,3.5
9868,2025-12-23 04:00:00,3.2
9869,2025-12-23 05:00:00,3.7
9870,2025-12-23 06:00:00,3.6
9871,2025-12-23 07:00:00,3.7
9872,2025-12-23 08:00:00,4.1
9873,2025-12-23 09:00:00,3.9
9874,2025-12-23 10:00:00,3.8
9875,2025-12-23 11:00:00,3.4
9876,2025-12-23 12:00:00,3.4
9877,2025-12-23 13:00:00,3.2
9878,2025-12-23 14:00:00,3.8
9879,2025-12-23 15:00:00,3.7
9880,2025-12-23 16:00:00,2.9
9881,2025-12-23 17:00:00,2.6
9882,2025-12-23 18:00:00,3.1
9883,2025-12-23 19:00:00,3.1
9884,2025-12-23 20:00:00,2.3
9885,2025-12-23 21:00:00,2.1
9886,2025-12-23 22:00:00,2.3
9887,2025-12-23 23:00:00,2.2
9888,2025-12-24 00:00:00,2.8
9889,2025-12-24 01:00:00,2.9
9890,2025-12-24 02:00:00,2.8
9891,2025-12-24 03:00:00,3.1
9892,2025-12-24 04:00:00,3.1
9893,2025-12-24 05:00:00,3.5
9894,2025-12-24 06:00:00,3.3
9895,2025-12-24 07:00:00,3.0
9896,2025-12-24 08:00:00,3.0
9897,2025-12-24 09:00:00,3.3
9898,2025-12-24 10:00:00,2.7
9899,2025-12-24 11:00:00,2.8
9900,2025-12-24 12:00:00,2.9
9901,2025-12-24 13:00:00,3.3
9902,2025-12-24 14:00:00,3.1
9903,2025-12-24 15:00:00,3.0
9904,2025-12-24 16:00:00,2.6
9905,2025-12-24 17:00:00,2.5
9906,2025-12-24 18:00:00,2.5
9907,2025-12-24 19:00:00,2.7
9908,2025-12-24 20:00:00,2.9
9909,2025-12-24 21:00:00,2.8
9910,2025-12-24 22:00:00,2.4
9911,2025-12-24 23:00:00,2.2
9912,2025-12-25 00:00:00,2.4
9913,2025-12-25 01:00:00,2.1
9914,2025-12-25 02:00:00,2.6
9915,2025-12-25 03:00:00,2.9
9916,2025-12-25 04:00:00,2.2
9917,2025-12-25 05:00:00,1.8
9918,2025-12-25 06:00:00,2.0
9919,2025-12-25 07:00:00,2.0
9920,2025-12-25 08:00:00,1.9
9921,2025-12-25 09:00:00,2.5
9922,2025-12-25 10:00:00,2.9
9923,2025-12-25 11:00:00,2.8
9924,2025-12-25 12:00:00,2.5
9925,2025-12-25 13:00:00,2.2
9926,2025-12-25 14:00:00,2.4
9927,2025-12-25 15:00:00,1.7
9928,2025-12-25 16:00:00,1.7
9929,2025-12-25 17:00:00,2.0
9930,2025-12-25 18:00:00,2.3
9931,2025-12-25 19:00:00,1.9
9932,2025-12-25 20:00:00,1.0
9933,2025-12-25 21:00:00,1.8
9934,2025-12-25 22:00:00,1.6
9935,2025-12-25 23:00:00,1.7
9936,2025-12-26 00:00:00,1.7
9937,2025-12-26 01:00:00,1.6
9938,2025-12-26 02:00:00,1.4
9939,2025-12-26 03:00:00,1.6
9940,2025-12-26 04:00:00,1.3
9941,2025-12-26 05:00:00,1.3
9942,2025-12-26 06:00:00,0.9
9943,2025-12-26 07:00:00,0.5
9944,2025-12-26 08:00:00,0.6
9945,2025-12-26 09:00:00,1.1
9946,2025-12-26 10:00:00,1.9
9947,2025-12-26 11:00:00,1.2
9948,2025-12-26 12:00:00,1.2
9949,2025-12-26 13:00:00,1.7
9950,2025-12-26 14:00:00,1.4
9951,2025-12-26 15:00:00,2.0
9952,2025-12-26 16:00:00,1.2
9953,2025-12-26 17:00:00,0.7
9954,2025-12-26 18:00:00,1.0
9955,2025-12-26 19:00:00,1.3
9956,2025-12-26 20:00:00,1.6
9957,2025-12-26 21:00:00,2.1
9958,2025-12-26 22:00:00,1.9
9959,2025-12-26 23:00:00,1.7
9960,2025-12-27 00:00:00,1.7
9961,2025-12-27 01:00:00,1.8
9962,2025-12-27 02:00:00,1.3
9963,2025-12-27 03:00:00,1.7
9964,2025-12-27 04:00:00,1.8
9965,2025-12-27 05:00:00,2.0
9966,2025-12-27 06:00:00,2.7
9967,2025-12-27 07:00:00,2.7
9968,2025-12-27 08:00:00,2.8
9969,2025-12-27 09:00:00,3.6
9970,2025-12-27 10:00:00,4.3
9971,2025-12-27 11:00:00,5.0
9972,2025-12-27 12:00:00,5.6
9973,2025-12-27 13:00:00,5.3
9974,2025-12-27 14:00:00,4.6
9975,2025-12-27 15:00:00,4.8
9976,2025-12-27 16:00:00,5.3
9977,2025-12-27 17:00:00,5.1
9978,2025-12-27 18:00:00,4.6
9979,2025-12-27 19:00:00,4.7
9980,2025-12-27 20:00:00,3.4
9981,2025-12-27 21:00:00,3.2
9982,2025-12-27 22:00:00,2.8
9983,2025-12-27 23:00:00,3.1
9984,2025-12-28 00:00:00,2.8
9985,2025-12-28 01:00:00,2.7
9986,2025-12-28 02:00:00,3.3
9987,2025-12-28 03:00:00,2.8
9988,2025-12-28 04:00:00,2.7
9989,2025-12-28 05:00:00,2.7
9990,2025-12-28 06:00:00,2.7
9991,2025-12-28 07:00:00,2.9
9992,2025-12-28 08:00:00,2.5
9993,2025-12-28 09:00:00,2.6
9994,2025-12-28 10:00:00,2.6
9995,2025-12-28 11:00:00,3.2
9996,2025-12-28 12:00:00,2.8
9997,2025-12-28 13:00:00,3.4
9998,2025-12-28 14:00:00,3.9
9999,2025-12-28 15:00:00,3.1
10000,2025-12-28 16:00:00,2.5
10001,2025-12-28 17:00:00,4.1
10002,2025-12-28 18:00:00,3.7
10003,2025-12-28 19:00:00,4.0
10004,2025-12-28 20:00:00,3.9
10005,2025-12-28 21:00:00,2.3
10006,2025-12-28 22:00:00,2.9
10007,2025-12-28 23:00:00,4.0
10008,2025-12-29 00:00:00,3.7
10009,2025-12-29 01:00:00,3.8
10010,2025-12-29 02:00:00,4.4
10011,2025-12-29 03:00:00,5.6
10012,2025-12-29 04:00:00,5.8
10013,2025-12-29 05:00:00,6.0
10014,2025-12-29 06:00:00,5.9
10015,2025-12-29 07:00:00,5.6
10016,2025-12-29 08:00:00,5.4
10017,2025-12-29 09:00:00,5.2
10018,2025-12-29 10:00:00,4.4
10019,2025-12-29 11:00:00,5.2
10020,2025-12-29 12:00:00,5.4
10021,2025-12-29 13:00:00,5.7
10022,2025-12-29 14:00:00,5.9
10023,2025-12-29 15:00:00,5.5
10024,2025-12-29 16:00:00,5.6
10025,2025-12-29 17:00:00,5.2
10026,2025-12-29 18:00:00,4.7
10027,2025-12-29 19:00:00,4.1
10028,2025-12-29 20:00:00,2.8
10029,2025-12-29 21:00:00,1.5
10030,2025-12-29 22:00:00,2.0
10031,2025-12-29 23:00:00,2.0
10032,2025-12-30 00:00:00,2.0
10033,2025-12-30 01:00:00,2.1
10034,2025-12-30 02:00:00,2.4
10035,2025-12-30 03:00:00,2.5
10036,2025-12-30 04:00:00,2.7
10037,2025-12-30 05:00:00,2.4
10038,2025-12-30 06:00:00,3.4
10039,2025-12-30 07:00:00,3.4
10040,2025-12-30 08:00:00,3.4
10041,2025-12-30 09:00:00,3.6
10042,2025-12-30 10:00:00,4.5
10043,2025-12-30 11:00:00,4.2
10044,2025-12-30 12:00:00,4.1
10045,2025-12-30 13:00:00,4.3
10046,2025-12-30 14:00:00,4.2
10047,2025-12-30 15:00:00,3.6
10048,2025-12-30 16:00:00,3.4
10049,2025-12-30 17:00:00,4.3
10050,2025-12-30 18:00:00,3.7
10051,2025-12-30 19:00:00,4.2
10052,2025-12-30 20:00:00,3.6
10053,2025-12-30 21:00:00,3.7
10054,2025-12-30 22:00:00,3.3
10055,2025-12-30 23:00:00,3.4
10056,2025-12-31 00:00:00,3.3
10057,2025-12-31 01:00:00,3.5
10058,2025-12-31 02:00:00,3.4
10059,2025-12-31 03:00:00,3.7
10060,2025-12-31 04:00:00,3.1
10061,2025-12-31 05:00:00,2.8
10062,2025-12-31 06:00:00,3.8
10063,2025-12-31 07:00:00,3.1
10064,2025-12-31 08:00:00,4.4
10065,2025-12-31 09:00:00,4.8
10066,2025-12-31 10:00:00,4.7
10067,2025-12-31 11:00:00,5.1
10068,2025-12-31 12:00:00,5.7
10069,2025-12-31 13:00:00,5.7
10070,2025-12-31 14:00:00,6.6
10071,2025-12-31 15:00:00,5.9
10072,2025-12-31 16:00:00,5.1
10073,2025-12-31 17:00:00,4.8
10074,2025-12-31 18:00:00,3.4
10075,2025-12-31 19:00:00,4.3
10076,2025-12-31 20:00:00,3.6
10077,2025-12-31 21:00:00,4.4
10078,2025-12-31 22:00:00,2.9
10079,2025-12-31 23:00:00,4.8
10080,2026-01-01 00:00:00,5.1
10081,2026-01-01 01:00:00,5.8
10082,2026-01-01 02:00:00,6.3
10083,2026-01-01 03:00:00,6.7
10084,2026-01-01 04:00:00,7.2
10085,2026-01-01 05:00:00,7.5
10086,2026-01-01 06:00:00,7.2
10087,2026-01-01 07:00:00,7.2
10088,2026-01-01 08:00:00,8.5
10089,2026-01-01 09:00:00,8.2
10090,2026-01-01 10:00:00,8.3
10091,2026-01-01 11:00:00,9.4
10092,2026-01-01 12:00:00,10.1
10093,2026-01-01 13:00:00,10.0
10094,2026-01-01 14:00:00,10.1
10095,2026-01-01 15:00:00,10.2
10096,2026-01-01 16:00:00,9.5
10097,2026-01-01 17:00:00,10.2
10098,2026-01-01 18:00:00,9.9
10099,2026-01-01 19:00:00,10.0
10100,2026-01-01 20:00:00,9.6
10101,2026-01-01 21:00:00,9.8
10102,2026-01-01 22:00:00,8.8
10103,2026-01-01 23:00:00,8.9
10104,2026-01-02 00:00:00,9.3
10105,2026-01-02 01:00:00,8.9
10106,2026-01-02 02:00:00,8.0
10107,2026-01-02 03:00:00,7.9
10108,2026-01-02 04:00:00,7.9
10109,2026-01-02 05:00:00,8.8
10110,2026-01-02 06:00:00,8.5
10111,2026-01-02 07:00:00,8.6
10112,2026-01-02 08:00:00,8.7
10113,2026-01-02 09:00:00,9.3
10114,2026-01-02 10:00:00,10.2
10115,2026-01-02 11:00:00,9.3
10116,2026-01-02 12:00:00,9.3
10117,2026-01-02 13:00:00,8.2
10118,2026-01-02 14:00:00,7.5
10119,2026-01-02 15:00:00,7.6
10120,2026-01-02 16:00:00,7.3
10121,2026-01-02 17:00:00,7.4
10122,2026-01-02 18:00:00,8.2
10123,2026-01-02 19:00:00,8.3
10124,2026-01-02 20:00:00,7.5
10125,2026-01-02 21:00:00,7.0
10126,2026-01-02 22:00:00,7.0
10127,2026-01-02 23:00:00,7.9
10128,2026-01-03 00:00:00,8.2
10129,2026-01-03 01:00:00,7.2
10130,2026-01-03 02:00:00,6.1
10131,2026-01-03 03:00:00,7.4
10132,2026-01-03 04:00:00,6.5
10133,2026-01-03 05:00:00,6.0
10134,2026-01-03 06:00:00,6.9
10135,2026-01-03 07:00:00,6.0
10136,2026-01-03 08:00:00,6.2
10137,2026-01-03 09:00:00,6.5
10138,2026-01-03 10:00:00,7.0
10139,2026-01-03 11:00:00,7.6
10140,2026-01-03 12:00:00,8.1
10141,2026-01-03 13:00:00,8.2
10142,2026-01-03 14:00:00,8.7
10143,2026-01-03 15:00:00,7.4
10144,2026-01-03 16:00:00,7.8
10145,2026-01-03 17:00:00,7.9
10146,2026-01-03 18:00:00,7.7
10147,2026-01-03 19:00:00,7.1
10148,2026-01-03 20:00:00,7.5
10149,2026-01-03 21:00:00,6.8
10150,2026-01-03 22:00:00,6.8
10151,2026-01-03 23:00:00,6.2
10152,2026-01-04 00:00:00,7.0
10153,2026-01-04 01:00:00,7.9
10154,2026-01-04 02:00:00,7.9
10155,2026-01-04 03:00:00,7.0
10156,2026-01-04 04:00:00,4.9
10157,2026-01-04 05:00:00,5.4
10158,2026-01-04 06:00:00,4.5
10159,2026-01-04 07:00:00,3.6
10160,2026-01-04 08:00:00,3.7
10161,2026-01-04 09:00:00,4.1
10162,2026-01-04 10:00:00,3.9
10163,2026-01-04 11:00:00,4.7
10164,2026-01-04 12:00:00,3.7
10165,2026-01-04 13:00:00,3.6
10166,2026-01-04 14:00:00,5.2
10167,2026-01-04 15:00:00,5.3
10168,2026-01-04 16:00:00,4.5
10169,2026-01-04 17:00:00,4.8
10170,2026-01-04 18:00:00,4.5
10171,2026-01-04 19:00:00,5.1
10172,2026-01-04 20:00:00,4.6
10173,2026-01-04 21:00:00,4.3
10174,2026-01-04 22:00:00,3.6
10175,2026-01-04 23:00:00,3.7
10176,2026-01-05 00:00:00,2.9
10177,2026-01-05 01:00:00,3.3
10178,2026-01-05 02:00:00,3.3
10179,2026-01-05 03:00:00,3.3
10180,2026-01-05 04:00:00,2.7
10181,2026-01-05 05:00:00,3.0
10182,2026-01-05 06:00:00,2.7
10183,2026-01-05 07:00:00,3.2
10184,2026-01-05 08:00:00,3.8
10185,2026-01-05 09:00:00,3.5
10186,2026-01-05 10:00:00,2.9
10187,2026-01-05 11:00:00,3.2
10188,2026-01-05 12:00:00,2.4
10189,2026-01-05 13:00:00,4.0
10190,2026-01-05 14:00:00,3.6
10191,2026-01-05 15:00:00,2.4
10192,2026-01-05 16:00:00,2.0
10193,2026-01-05 17:00:00,2.5
10194,2026-01-05 18:00:00,2.6
10195,2026-01-05 19:00:00,2.2
10196,2026-01-05 20:00:00,2.7
10197,2026-01-05 21:00:00,1.6
10198,2026-01-05 22:00:00,1.2
10199,2026-01-05 23:00:00,0.9
10200,2026-01-06 00:00:00,0.9
10201,2026-01-06 01:00:00,1.3
10202,2026-01-06 02:00:00,1.1
10203,2026-01-06 03:00:00,0.7
10204,2026-01-06 04:00:00,1.5
10205,2026-01-06 05:00:00,1.4
10206,2026-01-06 06:00:00,1.5
10207,2026-01-06 07:00:00,1.1
10208,2026-01-06 08:00:00,0.9
10209,2026-01-06 09:00:00,1.0
10210,2026-01-06 10:00:00,1.8
10211,2026-01-06 11:00:00,2.2
10212,2026-01-06 12:00:00,2.8
10213,2026-01-06 13:00:00,3.1
10214,2026-01-06 14:00:00,2.5
10215,2026-01-06 15:00:00,2.9
10216,2026-01-06 16:00:00,1.6
10217,2026-01-06 17:00:00,1.6
10218,2026-01-06 18:00:00,1.7
10219,2026-01-06 19:00:00,0.8
10220,2026-01-06 20:00:00,0.7
10221,2026-01-06 21:00:00,1.3
10222,2026-01-06 22:00:00,0.9
10223,2026-01-06 23:00:00,0.6
10224,2026-01-07 00:00:00,1.5
10225,2026-01-07 01:00:00,1.0
10226,2026-01-07 02:00:00,0.8
10227,2026-01-07 03:00:00,1.2
10228,2026-01-07 04:00:00,2.0
10229,2026-01-07 05:00:00,1.0
10230,2026-01-07 06:00:00,1.2
10231,2026-01-07 07:00:00,2.1
10232,2026-01-07 08:00:00,2.6
10233,2026-01-07 09:00:00,2.6
10234,2026-01-07 10:00:00,1.2
10235,2026-01-07 11:00:00,2.1
10236,2026-01-07 12:00:00,2.7
10237,2026-01-07 13:00:00,3.3
10238,2026-01-07 14:00:00,3.1
10239,2026-01-07 15:00:00,3.1
10240,2026-01-07 16:00:00,3.4
10241,2026-01-07 17:00:00,3.6
10242,2026-01-07 18:00:00,3.3
10243,2026-01-07 19:00:00,3.9
10244,2026-01-07 20:00:00,3.9
10245,2026-01-07 21:00:00,3.1
10246,2026-01-07 22:00:00,3.4
10247,2026-01-07 23:00:00,4.0
10248,2026-01-08 00:00:00,4.3
10249,2026-01-08 01:00:00,3.6
10250,2026-01-08 02:00:00,3.7
10251,2026-01-08 03:00:00,3.1
10252,2026-01-08 04:00:00,3.4
10253,2026-01-08 05:00:00,3.4
10254,2026-01-08 06:00:00,2.8
10255,2026-01-08 07:00:00,3.1
10256,2026-01-08 08:00:00,2.7
10257,2026-01-08 09:00:00,3.5
10258,2026-01-08 10:00:00,3.4
10259,2026-01-08 11:00:00,3.1
10260,2026-01-08 12:00:00,2.8
10261,2026-01-08 13:00:00,2.8
10262,2026-01-08 14:00:00,2.5
10263,2026-01-08 15:00:00,3.3
10264,2026-01-08 16:00:00,3.1
10265,2026-01-08 17:00:00,3.4
10266,2026-01-08 18:00:00,4.3
10267,2026-01-08 19:00:00,3.6
10268,2026-01-08 20:00:00,3.4
10269,2026-01-08 21:00:00,3.2
10270,2026-01-08 22:00:00,3.8
10271,2026-01-08 23:00:00,3.4
10272,2026-01-09 00:00:00,3.1
10273,2026-01-09 01:00:00,3.8
10274,2026-01-09 02:00:00,3.7
10275,2026-01-09 03:00:00,4.2
10276,2026-01-09 04:00:00,4.9
10277,2026-01-09 05:00:00,5.6
10278,2026-01-09 06:00:00,5.2
10279,2026-01-09 07:00:00,5.8
10280,2026-01-09 08:00:00,4.2
10281,2026-01-09 09:00:00,4.6
10282,2026-01-09 10:00:00,5.1
10283,2026-01-09 11:00:00,5.0
10284,2026-01-09 12:00:00,4.9
10285,2026-01-09 13:00:00,4.9
10286,2026-01-09 14:00:00,5.4
10287,2026-01-09 15:00:00,4.9
10288,2026-01-09 16:00:00,4.8
10289,2026-01-09 17:00:00,4.7
10290,2026-01-09 18:00:00,4.6
10291,2026-01-09 19:00:00,5.0
10292,2026-01-09 20:00:00,4.9
10293,2026-01-09 21:00:00,4.9
10294,2026-01-09 22:00:00,5.1
10295,2026-01-09 23:00:00,5.6
10296,2026-01-10 00:00:00,5.2
10297,2026-01-10 01:00:00,4.4
10298,2026-01-10 02:00:00,4.5
10299,2026-01-10 03:00:00,4.9
10300,2026-01-10 04:00:00,3.8
10301,2026-01-10 05:00:00,3.9
10302,2026-01-10 06:00:00,2.9
10303,2026-01-10 07:00:00,2.6
10304,2026-01-10 08:00:00,2.2
10305,2026-01-10 09:00:00,2.0
10306,2026-01-10 10:00:00,1.6
10307,2026-01-10 11:00:00,1.3
10308,2026-01-10 12:00:00,0.9
10309,2026-01-10 13:00:00,1.6
10310,2026-01-10 14:00:00,2.8
10311,2026-01-10 15:00:00,2.7
10312,2026-01-10 16:00:00,3.1
10313,2026-01-10 17:00:00,3.1
10314,2026-01-10 18:00:00,3.2
10315,2026-01-10 19:00:00,2.6
10316,2026-01-10 20:00:00,2.6
10317,2026-01-10 21:00:00,2.5
10318,2026-01-10 22:00:00,2.7
10319,2026-01-10 23:00:00,3.6
10320,2026-01-11 00:00:00,3.1
10321,2026-01-11 01:00:00,3.2
10322,2026-01-11 02:00:00,3.5
10323,2026-01-11 03:00:00,4.3
10324,2026-01-11 04:00:00,4.2
10325,2026-01-11 05:00:00,4.7
10326,2026-01-11 06:00:00,4.9
10327,2026-01-11 07:00:00,4.5
10328,2026-01-11 08:00:00,4.6
10329,2026-01-11 09:00:00,5.9
10330,2026-01-11 10:00:00,5.7
10331,2026-01-11 11:00:00,5.8
10332,2026-01-11 12:00:00,5.4
10333,2026-01-11 13:00:00,5.4
10334,2026-01-11 14:00:00,5.4
10335,2026-01-11 15:00:00,4.8
10336,2026-01-11 16:00:00,5.5
10337,2026-01-11 17:00:00,5.4
10338,2026-01-11 18:00:00,4.5
10339,2026-01-11 19:00:00,3.7
10340,2026-01-11 20:00:00,3.2
10341,2026-01-11 21:00:00,2.9
10342,2026-01-11 22:00:00,2.5
10343,2026-01-11 23:00:00,2.3
10344,2026-01-12 00:00:00,1.7
10345,2026-01-12 01:00:00,0.5
10346,2026-01-12 02:00:00,1.3
10347,2026-01-12 03:00:00,1.6
10348,2026-01-12 04:00:00,2.6
10349,2026-01-12 05:00:00,2.3
10350,2026-01-12 06:00:00,1.4
10351,2026-01-12 07:00:00,2.5
10352,2026-01-12 08:00:00,3.6
10353,2026-01-12 09:00:00,3.4
10354,2026-01-12 10:00:00,3.7
10355,2026-01-12 11:00:00,3.9
10356,2026-01-12 12:00:00,3.8
10357,2026-01-12 13:00:00,3.7
10358,2026-01-12 14:00:00,3.8
10359,2026-01-12 15:00:00,3.1
10360,2026-01-12 16:00:00,2.7
10361,2026-01-12 17:00:00,3.3
10362,2026-01-12 18:00:00,3.6
10363,2026-01-12 19:00:00,3.6
10364,2026-01-12 20:00:00,3.0
10365,2026-01-12 21:00:00,3.1
10366,2026-01-12 22:00:00,3.1
10367,2026-01-12 23:00:00,4.4
10368,2026-01-13 00:00:00,3.4
10369,2026-01-13 01:00:00,3.0
10370,2026-01-13 02:00:00,2.5
10371,2026-01-13 03:00:00,1.9
10372,2026-01-13 04:00:00,1.4
10373,2026-01-13 05:00:00,1.2
10374,2026-01-13 06:00:00,0.8
10375,2026-01-13 07:00:00,0.6
10376,2026-01-13 08:00:00,0.7
10377,2026-01-13 09:00:00,0.9
10378,2026-01-13 10:00:00,0.9
10379,2026-01-13 11:00:00,1.6
10380,2026-01-13 12:00:00,1.8
10381,2026-01-13 13:00:00,2.6
10382,2026-01-13 14:00:00,2.2
10383,2026-01-13 15:00:00,2.7
10384,2026-01-13 16:00:00,2.8
10385,2026-01-13 17:00:00,2.9
10386,2026-01-13 18:00:00,3.4
10387,2026-01-13 19:00:00,3.9
10388,2026-01-13 20:00:00,3.3
10389,2026-01-13 21:00:00,3.2
10390,2026-01-13 22:00:00,3.3
10391,2026-01-13 23:00:00,3.5
10392,2026-01-14 00:00:00,3.4
10393,2026-01-14 01:00:00,2.5
10394,2026-01-14 02:00:00,3.1
10395,2026-01-14 03:00:00,3.8
10396,2026-01-14 04:00:00,3.6
10397,2026-01-14 05:00:00,2.5
10398,2026-01-14 06:00:00,3.3
10399,2026-01-14 07:00:00,4.0
10400,2026-01-14 08:00:00,3.5
10401,2026-01-14 09:00:00,4.2
10402,2026-01-14 10:00:00,4.2
10403,2026-01-14 11:00:00,4.4
10404,2026-01-14 12:00:00,5.5
10405,2026-01-14 13:00:00,5.8
10406,2026-01-14 14:00:00,5.1
10407,2026-01-14 15:00:00,4.3
10408,2026-01-14 16:00:00,2.9
10409,2026-01-14 17:00:00,2.4
10410,2026-01-14 18:00:00,2.1
10411,2026-01-14 19:00:00,1.3
10412,2026-01-14 20:00:00,0.5
10413,2026-01-14 21:00:00,0.9
10414,2026-01-14 22:00:00,1.2
10415,2026-01-14 23:00:00,1.6
10416,2026-01-15 00:00:00,1.9
10417,2026-01-15 01:00:00,2.1
10418,2026-01-15 02:00:00,3.1
10419,2026-01-15 03:00:00,3.4
10420,2026-01-15 04:00:00,3.2
10421,2026-01-15 05:00:00,3.3
10422,2026-01-15 06:00:00,3.1
10423,2026-01-15 07:00:00,2.7
10424,2026-01-15 08:00:00,3.1
10425,2026-01-15 09:00:00,3.3
10426,2026-01-15 10:00:00,3.1
10427,2026-01-15 11:00:00,3.2
10428,2026-01-15 12:00:00,3.3
10429,2026-01-15 13:00:00,3.2
10430,2026-01-15 14:00:00,3.0
10431,2026-01-15 15:00:00,3.0
10432,2026-01-15 16:00:00,3.0
10433,2026-01-15 17:00:00,2.6
10434,2026-01-15 18:00:00,2.9
10435,2026-01-15 19:00:00,3.0
10436,2026-01-15 20:00:00,3.2
10437,2026-01-15 21:00:00,3.3
10438,2026-01-15 22:00:00,3.2
10439,2026-01-15 23:00:00,2.8
10440,2026-01-16 00:00:00,3.7
10441,2026-01-16 01:00:00,3.5
10442,2026-01-16 02:00:00,3.3
10443,2026-01-16 03:00:00,2.8
10444,2026-01-16 04:00:00,3.0
10445,2026-01-16 05:00:00,3.4
10446,2026-01-16 06:00:00,3.1
10447,2026-01-16 07:00:00,3.9
10448,2026-01-16 08:00:00,3.2
10449,2026-01-16 09:00:00,3.0
10450,2026-01-16 10:00:00,3.5
10451,2026-01-16 11:00:00,3.9
10452,2026-01-16 12:00:00,3.9
10453,2026-01-16 13:00:00,3.8
10454,2026-01-16 14:00:00,3.1
10455,2026-01-16 15:00:00,2.7
10456,2026-01-16 16:00:00,2.7
10457,2026-01-16 17:00:00,3.1
10458,2026-01-16 18:00:00,2.9
10459,2026-01-16 19:00:00,3.2
10460,2026-01-16 20:00:00,3.3
10461,2026-01-16 21:00:00,2.9
10462,2026-01-16 22:00:00,2.4
10463,2026-01-16 23:00:00,2.9
10464,2026-01-17 00:00:00,2.8
10465,2026-01-17 01:00:00,2.2
10466,2026-01-17 02:00:00,2.0
10467,2026-01-17 03:00:00,0.8
10468,2026-01-17 04:00:00,2.2
10469,2026-01-17 05:00:00,2.7
10470,2026-01-17 06:00:00,3.0
10471,2026-01-17 07:00:00,2.2
10472,2026-01-17 08:00:00,2.6
10473,2026-01-17 09:00:00,2.9
10474,2026-01-17 10:00:00,3.4
10475,2026-01-17 11:00:00,3.9
10476,2026-01-17 12:00:00,3.6
10477,2026-01-17 13:00:00,3.6
10478,2026-01-17 14:00:00,2.8
10479,2026-01-17 15:00:00,3.6
10480,2026-01-17 16:00:00,2.3
10481,2026-01-17 17:00:00,2.2
10482,2026-01-17 18:00:00,2.9
10483,2026-01-17 19:00:00,1.6
10484,2026-01-17 20:00:00,1.7
10485,2026-01-17 21:00:00,2.6
10486,2026-01-17 22:00:00,2.6
10487,2026-01-17 23:00:00,2.7
10488,2026-01-18 00:00:00,3.4
10489,2026-01-18 01:00:00,3.2
10490,2026-01-18 02:00:00,4.0
10491,2026-01-18 03:00:00,3.9
10492,2026-01-18 04:00:00,3.8
10493,2026-01-18 05:00:00,3.3
10494,2026-01-18 06:00:00,3.8
10495,2026-01-18 07:00:00,4.5
10496,2026-01-18 08:00:00,4.2
10497,2026-01-18 09:00:00,4.6
10498,2026-01-18 10:00:00,4.6
10499,2026-01-18 11:00:00,4.5
10500,2026-01-18 12:00:00,5.0
10501,2026-01-18 13:00:00,5.3
10502,2026-01-18 14:00:00,4.7
10503,2026-01-18 15:00:00,4.4
10504,2026-01-18 16:00:00,2.9
10505,2026-01-18 17:00:00,2.2
10506,2026-01-18 18:00:00,2.5
10507,2026-01-18 19:00:00,3.3
10508,2026-01-18 20:00:00,3.7
10509,2026-01-18 21:00:00,3.0
10510,2026-01-18 22:00:00,4.3
10511,2026-01-18 23:00:00,4.6
10512,2026-01-19 00:00:00,3.9
10513,2026-01-19 01:00:00,4.0
10514,2026-01-19 02:00:00,3.3
10515,2026-01-19 03:00:00,2.9
10516,2026-01-19 04:00:00,2.7
10517,2026-01-19 05:00:00,2.0
10518,2026-01-19 06:00:00,1.7
10519,2026-01-19 07:00:00,1.4
10520,2026-01-19 08:00:00,2.0
10521,2026-01-19 09:00:00,3.8
10522,2026-01-19 10:00:00,5.1
10523,2026-01-19 11:00:00,3.7
10524,2026-01-19 12:00:00,3.0
10525,2026-01-19 13:00:00,4.4
10526,2026-01-19 14:00:00,4.9
10527,2026-01-19 15:00:00,4.1
10528,2026-01-19 16:00:00,4.8
10529,2026-01-19 17:00:00,4.9
10530,2026-01-19 18:00:00,4.3
10531,2026-01-19 19:00:00,3.9
10532,2026-01-19 20:00:00,3.7
10533,2026-01-19 21:00:00,3.3
10534,2026-01-19 22:00:00,3.5
10535,2026-01-19 23:00:00,3.2
10536,2026-01-20 00:00:00,3.2
10537,2026-01-20 01:00:00,4.1
10538,2026-01-20 02:00:00,4.5
10539,2026-01-20 03:00:00,4.3
10540,2026-01-20 04:00:00,3.9
10541,2026-01-20 05:00:00,3.8
10542,2026-01-20 06:00:00,3.1
10543,2026-01-20 07:00:00,2.9
10544,2026-01-20 08:00:00,3.2
10545,2026-01-20 09:00:00,4.0
10546,2026-01-20 10:00:00,4.6
10547,2026-01-20 11:00:00,4.4
10548,2026-01-20 12:00:00,4.8
10549,2026-01-20 13:00:00,5.0
10550,2026-01-20 14:00:00,4.7
10551,2026-01-20 15:00:00,3.6
10552,2026-01-20 16:00:00,2.8
10553,2026-01-20 17:00:00,2.8
10554,2026-01-20 18:00:00,3.1
10555,2026-01-20 19:00:00,2.8
10556,2026-01-20 20:00:00,2.7
10557,2026-01-20 21:00:00,2.8
10558,2026-01-20 22:00:00,2.5
10559,2026-01-20 23:00:00,2.4
10560,2026-01-21 00:00:00,2.5
10561,2026-01-21 01:00:00,2.3
10562,2026-01-21 02:00:00,2.7
10563,2026-01-21 03:00:00,2.4
10564,2026-01-21 04:00:00,2.8
10565,2026-01-21 05:00:00,2.5
10566,2026-01-21 06:00:00,2.5
10567,2026-01-21 07:00:00,2.2
10568,2026-01-21 08:00:00,1.6
10569,2026-01-21 09:00:00,1.9
10570,2026-01-21 10:00:00,3.1
10571,2026-01-21 11:00:00,3.1
10572,2026-01-21 12:00:00,4.1
10573,2026-01-21 13:00:00,3.6
10574,2026-01-21 14:00:00,3.3
10575,2026-01-21 15:00:00,3.1
10576,2026-01-21 16:00:00,2.1
10577,2026-01-21 17:00:00,2.0
10578,2026-01-21 18:00:00,2.6
10579,2026-01-21 19:00:00,2.5
10580,2026-01-21 20:00:00,2.3
10581,2026-01-21 21:00:00,1.5
10582,2026-01-21 22:00:00,1.5
10583,2026-01-21 23:00:00,1.4
10584,2026-01-22 00:00:00,1.1
10585,2026-01-22 01:00:00,1.5
10586,2026-01-22 02:00:00,2.0
10587,2026-01-22 03:00:00,1.5
10588,2026-01-22 04:00:00,1.4
10589,2026-01-22 05:00:00,2.0
10590,2026-01-22 06:00:00,1.9
10591,2026-01-22 07:00:00,2.3
10592,2026-01-22 08:00:00,1.3
10593,2026-01-22 09:00:00,0.7
10594,2026-01-22 10:00:00,1.0
10595,2026-01-22 11:00:00,1.9
10596,2026-01-22 12:00:00,1.2
10597,2026-01-22 13:00:00,1.6
10598,2026-01-22 14:00:00,2.6
10599,2026-01-22 15:00:00,2.5
10600,2026-01-22 16:00:00,1.7
10601,2026-01-22 17:00:00,1.0
10602,2026-01-22 18:00:00,1.3
10603,2026-01-22 19:00:00,1.3
10604,2026-01-22 20:00:00,1.2
10605,2026-01-22 21:00:00,1.4
10606,2026-01-22 22:00:00,1.5
10607,2026-01-22 23:00:00,1.4
10608,2026-01-23 00:00:00,1.5
10609,2026-01-23 01:00:00,1.5
10610,2026-01-23 02:00:00,1.5
10611,2026-01-23 03:00:00,1.5
10612,2026-01-23 04:00:00,1.3
10613,2026-01-23 05:00:00,1.5
10614,2026-01-23 06:00:00,0.9
10615,2026-01-23 07:00:00,1.0
10616,2026-01-23 08:00:00,1.9
10617,2026-01-23 09:00:00,2.5
10618,2026-01-23 10:00:00,2.8
10619,2026-01-23 11:00:00,3.2
10620,2026-01-23 12:00:00,3.3
10621,2026-01-23 13:00:00,3.8
10622,2026-01-23 14:00:00,3.1
10623,2026-01-23 15:00:00,3.4
10624,2026-01-23 16:00:00,3.0
10625,2026-01-23 17:00:00,2.8
10626,2026-01-23 18:00:00,2.9
10627,2026-01-23 19:00:00,3.0
10628,2026-01-23 20:00:00,2.9
10629,2026-01-23 21:00:00,2.8
10630,2026-01-23 22:00:00,2.6
10631,2026-01-23 23:00:00,2.2
10632,2026-01-24 00:00:00,2.2
10633,2026-01-24 01:00:00,2.3
10634,2026-01-24 02:00:00,2.2
10635,2026-01-24 03:00:00,2.4
10636,2026-01-24 04:00:00,2.6
10637,2026-01-24 05:00:00,3.0
10638,2026-01-24 06:00:00,2.9
10639,2026-01-24 07:00:00,3.0
10640,2026-01-24 08:00:00,2.8
10641,2026-01-24 09:00:00,2.9
10642,2026-01-24 10:00:00,3.0
10643,2026-01-24 11:00:00,3.0
10644,2026-01-24 12:00:00,3.4
10645,2026-01-24 13:00:00,4.2
10646,2026-01-24 14:00:00,4.3
10647,2026-01-24 15:00:00,3.6
10648,2026-01-24 16:00:00,3.4
10649,2026-01-24 17:00:00,3.6
10650,2026-01-24 18:00:00,3.3
10651,2026-01-24 19:00:00,3.4
10652,2026-01-24 20:00:00,3.7
10653,2026-01-24 21:00:00,3.1
10654,2026-01-24 22:00:00,2.9
10655,2026-01-24 23:00:00,3.6
10656,2026-01-25 00:00:00,3.4
10657,2026-01-25 01:00:00,3.9
10658,2026-01-25 02:00:00,3.9
10659,2026-01-25 03:00:00,3.2
10660,2026-01-25 04:00:00,3.9
10661,2026-01-25 05:00:00,3.6
10662,2026-01-25 06:00:00,2.9
10663,2026-01-25 07:00:00,2.6
10664,2026-01-25 08:00:00,2.6
10665,2026-01-25 09:00:00,2.8
10666,2026-01-25 10:00:00,2.7
10667,2026-01-25 11:00:00,2.5
10668,2026-01-25 12:00:00,3.0
10669,2026-01-25 13:00:00,2.8
10670,2026-01-25 14:00:00,2.7
10671,2026-01-25 15:00:00,3.1
10672,2026-01-25 16:00:00,3.2
10673,2026-01-25 17:00:00,3.3
10674,2026-01-25 18:00:00,2.9
10675,2026-01-25 19:00:00,2.7
10676,2026-01-25 20:00:00,3.1
10677,2026-01-25 21:00:00,3.3
10678,2026-01-25 22:00:00,2.6
10679,2026-01-25 23:00:00,2.6
10680,2026-01-26 00:00:00,2.7
10681,2026-01-26 01:00:00,2.5
10682,2026-01-26 02:00:00,2.6
10683,2026-01-26 03:00:00,2.6
10684,2026-01-26 04:00:00,2.6
10685,2026-01-26 05:00:00,2.8
10686,2026-01-26 06:00:00,2.4
10687,2026-01-26 07:00:00,2.2
10688,2026-01-26 08:00:00,2.1
10689,2026-01-26 09:00:00,2.4
10690,2026-01-26 10:00:00,2.8
10691,2026-01-26 11:00:00,2.9
10692,2026-01-26 12:00:00,3.5
10693,2026-01-26 13:00:00,3.3
10694,2026-01-26 14:00:00,2.8
10695,2026-01-26 15:00:00,2.5
10696,2026-01-26 16:00:00,3.0
10697,2026-01-26 17:00:00,1.9
10698,2026-01-26 18:00:00,2.4
10699,2026-01-26 19:00:00,2.2
10700,2026-01-26 20:00:00,2.1
10701,2026-01-26 21:00:00,2.1
10702,2026-01-26 22:00:00,1.9
10703,2026-01-26 23:00:00,2.7
10704,2026-01-27 00:00:00,2.8
10705,2026-01-27 01:00:00,2.7
10706,2026-01-27 02:00:00,2.8
10707,2026-01-27 03:00:00,3.2
10708,2026-01-27 04:00:00,2.4
10709,2026-01-27 05:00:00,2.4
10710,2026-01-27 06:00:00,2.2
10711,2026-01-27 07:00:00,1.6
10712,2026-01-27 08:00:00,1.6
10713,2026-01-27 09:00:00,1.7
10714,2026-01-27 10:00:00,1.7
10715,2026-01-27 11:00:00,1.2
10716,2026-01-27 12:00:00,1.0
10717,2026-01-27 13:00:00,0.8
10718,2026-01-27 14:00:00,0.5
10719,2026-01-27 15:00:00,0.6
10720,2026-01-27 16:00:00,1.2
10721,2026-01-27 17:00:00,1.3
10722,2026-01-27 18:00:00,0.9
10723,2026-01-27 19:00:00,1.1
10724,2026-01-27 20:00:00,0.8
10725,2026-01-27 21:00:00,1.1
10726,2026-01-27 22:00:00,1.1
10727,2026-01-27 23:00:00,1.8
10728,2026-01-28 00:00:00,1.9
10729,2026-01-28 01:00:00,1.9
10730,2026-01-28 02:00:00,2.1
10731,2026-01-28 03:00:00,2.1
10732,2026-01-28 04:00:00,1.9
10733,2026-01-28 05:00:00,2.0
10734,2026-01-28 06:00:00,1.6
10735,2026-01-28 07:00:00,2.6
10736,2026-01-28 08:00:00,2.7
10737,2026-01-28 09:00:00,2.6
10738,2026-01-28 10:00:00,2.4
10739,2026-01-28 11:00:00,2.6
10740,2026-01-28 12:00:00,3.0
10741,2026-01-28 13:00:00,3.1
10742,2026-01-28 14:00:00,3.0
10743,2026-01-28 15:00:00,3.2
10744,2026-01-28 16:00:00,3.0
10745,2026-01-28 17:00:00,2.9
10746,2026-01-28 18:00:00,2.7
10747,2026-01-28 19:00:00,3.4
10748,2026-01-28 20:00:00,3.1
10749,2026-01-28 21:00:00,3.2
10750,2026-01-28 22:00:00,2.7
10751,2026-01-28 23:00:00,3.2
10752,2026-01-29 00:00:00,2.9
10753,2026-01-29 01:00:00,2.7
10754,2026-01-29 02:00:00,2.4
10755,2026-01-29 03:00:00,2.3
10756,2026-01-29 04:00:00,2.4
10757,2026-01-29 05:00:00,2.6
10758,2026-01-29 06:00:00,2.6
10759,2026-01-29 07:00:00,3.6
10760,2026-01-29 08:00:00,3.0
10761,2026-01-29 09:00:00,2.7
10762,2026-01-29 10:00:00,2.7
10763,2026-01-29 11:00:00,2.7
10764,2026-01-29 12:00:00,2.7
10765,2026-01-29 13:00:00,2.6
10766,2026-01-29 14:00:00,2.8
10767,2026-01-29 15:00:00,2.7
10768,2026-01-29 16:00:00,3.1
10769,2026-01-29 17:00:00,2.6
10770,2026-01-29 18:00:00,2.8
10771,2026-01-29 19:00:00,3.0
10772,2026-01-29 20:00:00,2.8
10773,2026-01-29 21:00:00,2.8
10774,2026-01-29 22:00:00,2.8
10775,2026-01-29 23:00:00,3.2
10776,2026-01-30 00:00:00,2.7
10777,2026-01-30 01:00:00,2.8
10778,2026-01-30 02:00:00,3.0
10779,2026-01-30 03:00:00,3.2
10780,2026-01-30 04:00:00,2.9
10781,2026-01-30 05:00:00,3.5
10782,2026-01-30 06:00:00,3.2
10783,2026-01-30 07:00:00,2.8
10784,2026-01-30 08:00:00,3.0
10785,2026-01-30 09:00:00,3.3
10786,2026-01-30 10:00:00,3.2
10787,2026-01-30 11:00:00,2.8
10788,2026-01-30 12:00:00,3.1
10789,2026-01-30 13:00:00,3.0
10790,2026-01-30 14:00:00,3.0
10791,2026-01-30 15:00:00,2.8
10792,2026-01-30 16:00:00,3.1
10793,2026-01-30 17:00:00,3.2
10794,2026-01-30 18:00:00,3.6
10795,2026-01-30 19:00:00,3.5
10796,2026-01-30 20:00:00,3.4
10797,2026-01-30 21:00:00,3.6
10798,2026-01-30 22:00:00,3.2
10799,2026-01-30 23:00:00,3.4
10800,2026-01-31 00:00:00,3.7
10801,2026-01-31 01:00:00,4.0
10802,2026-01-31 02:00:00,4.2
10803,2026-01-31 03:00:00,4.3
10804,2026-01-31 04:00:00,3.8
10805,2026-01-31 05:00:00,4.4
10806,2026-01-31 06:00:00,4.3
10807,2026-01-31 07:00:00,3.8
10808,2026-01-31 08:00:00,3.9
10809,2026-01-31 09:00:00,4.0
10810,2026-01-31 10:00:00,4.6
10811,2026-01-31 11:00:00,4.1
10812,2026-01-31 12:00:00,4.3
10813,2026-01-31 13:00:00,3.6
10814,2026-01-31 14:00:00,3.8
10815,2026-01-31 15:00:00,3.6
10816,2026-01-31 16:00:00,3.6
10817,2026-01-31 17:00:00,3.7
10818,2026-01-31 18:00:00,4.1
10819,2026-01-31 19:00:00,3.9
10820,2026-01-31 20:00:00,3.8
10821,2026-01-31 21:00:00,3.3
10822,2026-01-31 22:00:00,3.3
10823,2026-01-31 23:00:00,3.3
10824,2026-02-01 00:00:00,3.4
10825,2026-02-01 01:00:00,2.7
10826,2026-02-01 02:00:00,2.9
10827,2026-02-01 03:00:00,3.2
10828,2026-02-01 04:00:00,3.4
10829,2026-02-01 05:00:00,3.7
10830,2026-02-01 06:00:00,4.1
10831,2026-02-01 07:00:00,4.3
10832,2026-02-01 08:00:00,4.3
10833,2026-02-01 09:00:00,4.2
10834,2026-02-01 10:00:00,4.2
10835,2026-02-01 11:00:00,4.9
10836,2026-02-01 12:00:00,4.4
10837,2026-02-01 13:00:00,4.5
10838,2026-02-01 14:00:00,4.1
10839,2026-02-01 15:00:00,4.0
10840,2026-02-01 16:00:00,4.2
10841,2026-02-01 17:00:00,5.0
10842,2026-02-01 18:00:00,4.5
10843,2026-02-01 19:00:00,4.2
10844,2026-02-01 20:00:00,4.3
10845,2026-02-01 21:00:00,4.9
10846,2026-02-01 22:00:00,4.7
10847,2026-02-01 23:00:00,4.5
10848,2026-02-02 00:00:00,4.0
10849,2026-02-02 01:00:00,4.3
10850,2026-02-02 02:00:00,4.1
10851,2026-02-02 03:00:00,3.5
10852,2026-02-02 04:00:00,2.9
10853,2026-02-02 05:00:00,3.6
10854,2026-02-02 06:00:00,3.9
10855,2026-02-02 07:00:00,3.7
10856,2026-02-02 08:00:00,3.6
10857,2026-02-02 09:00:00,3.7
10858,2026-02-02 10:00:00,3.9
10859,2026-02-02 11:00:00,4.0
10860,2026-02-02 12:00:00,3.9
10861,2026-02-02 13:00:00,4.0
10862,2026-02-02 14:00:00,4.2
10863,2026-02-02 15:00:00,4.0
10864,2026-02-02 16:00:00,4.2
10865,2026-02-02 17:00:00,4.0
10866,2026-02-02 18:00:00,4.7
10867,2026-02-02 19:00:00,4.5
10868,2026-02-02 20:00:00,4.8
10869,2026-02-02 21:00:00,4.7
10870,2026-02-02 22:00:00,4.0
10871,2026-02-02 23:00:00,4.4
10872,2026-02-03 00:00:00,4.2
10873,2026-02-03 01:00:00,4.6
10874,2026-02-03 02:00:00,4.9
10875,2026-02-03 03:00:00,4.6
10876,2026-02-03 04:00:00,4.8
10877,2026-02-03 05:00:00,4.9
10878,2026-02-03 06:00:00,5.4
10879,2026-02-03 07:00:00,5.3
10880,2026-02-03 08:00:00,5.3
10881,2026-02-03 09:00:00,5.2
10882,2026-02-03 10:00:00,5.1
10883,2026-02-03 11:00:00,5.0
10884,2026-02-03 12:00:00,4.8
10885,2026-02-03 13:00:00,4.8
10886,2026-02-03 14:00:00,4.7
10887,2026-02-03 15:00:00,4.2
10888,2026-02-03 16:00:00,3.5
10889,2026-02-03 17:00:00,3.7
10890,2026-02-03 18:00:00,4.3
10891,2026-02-03 19:00:00,4.7
10892,2026-02-03 20:00:00,4.5
10893,2026-02-03 21:00:00,3.8
10894,2026-02-03 22:00:00,4.1
10895,2026-02-03 23:00:00,4.6
10896,2026-02-04 00:00:00,4.3
10897,2026-02-04 01:00:00,4.3
10898,2026-02-04 02:00:00,4.0
10899,2026-02-04 03:00:00,3.8
10900,2026-02-04 04:00:00,3.2
10901,2026-02-04 05:00:00,3.6
10902,2026-02-04 06:00:00,3.2
10903,2026-02-04 07:00:00,3.3
10904,2026-02-04 08:00:00,3.3
10905,2026-02-04 09:00:00,3.3
10906,2026-02-04 10:00:00,3.6
10907,2026-02-04 11:00:00,3.3
10908,2026-02-04 12:00:00,3.3
10909,2026-02-04 13:00:00,3.3
10910,2026-02-04 14:00:00,3.7
10911,2026-02-04 15:00:00,3.7
10912,2026-02-04 16:00:00,3.9
10913,2026-02-04 17:00:00,3.9
10914,2026-02-04 18:00:00,3.8
10915,2026-02-04 19:00:00,4.0
10916,2026-02-04 20:00:00,3.3
10917,2026-02-04 21:00:00,3.3
10918,2026-02-04 22:00:00,3.8
10919,2026-02-04 23:00:00,3.8
10920,2026-02-05 00:00:00,3.9
10921,2026-02-05 01:00:00,3.5
10922,2026-02-05 02:00:00,3.8
10923,2026-02-05 03:00:00,3.2
10924,2026-02-05 04:00:00,3.0
10925,2026-02-05 05:00:00,3.9
10926,2026-02-05 06:00:00,3.8
10927,2026-02-05 07:00:00,3.7
10928,2026-02-05 08:00:00,3.8
10929,2026-02-05 09:00:00,3.7
10930,2026-02-05 10:00:00,3.6
10931,2026-02-05 11:00:00,3.5
10932,2026-02-05 12:00:00,3.5
10933,2026-02-05 13:00:00,2.7
10934,2026-02-05 14:00:00,2.4
10935,2026-02-05 15:00:00,2.2
10936,2026-02-05 16:00:00,2.2
10937,2026-02-05 17:00:00,2.2
10938,2026-02-05 18:00:00,2.6
10939,2026-02-05 19:00:00,3.2
10940,2026-02-05 20:00:00,3.5
10941,2026-02-05 21:00:00,3.1
10942,2026-02-05 22:00:00,3.1
10943,2026-02-05 23:00:00,2.6
10944,2026-02-06 00:00:00,2.5
10945,2026-02-06 01:00:00,2.6
10946,2026-02-06 02:00:00,2.5
10947,2026-02-06 03:00:00,2.4
10948,2026-02-06 04:00:00,2.4
10949,2026-02-06 05:00:00,2.0
10950,2026-02-06 06:00:00,1.9
10951,2026-02-06 07:00:00,2.1
10952,2026-02-06 08:00:00,1.7
10953,2026-02-06 09:00:00,1.9
10954,2026-02-06 10:00:00,2.0
10955,2026-02-06 11:00:00,2.1
10956,2026-02-06 12:00:00,1.8
10957,2026-02-06 13:00:00,2.2
10958,2026-02-06 14:00:00,1.9
10959,2026-02-06 15:00:00,1.7
10960,2026-02-06 16:00:00,2.0
10961,2026-02-06 17:00:00,1.3
10962,2026-02-06 18:00:00,0.9
10963,2026-02-06 19:00:00,0.9
10964,2026-02-06 20:00:00,1.4
10965,2026-02-06 21:00:00,1.8
10966,2026-02-06 22:00:00,1.4
10967,2026-02-06 23:00:00,1.2
10968,2026-02-07 00:00:00,1.3
10969,2026-02-07 01:00:00,1.7
10970,2026-02-07 02:00:00,2.0
10971,2026-02-07 03:00:00,2.0
10972,2026-02-07 04:00:00,1.9
10973,2026-02-07 05:00:00,1.7
10974,2026-02-07 06:00:00,1.6
10975,2026-02-07 07:00:00,1.6
10976,2026-02-07 08:00:00,2.0
10977,2026-02-07 09:00:00,2.1
10978,2026-02-07 10:00:00,1.7
10979,2026-02-07 11:00:00,1.7
10980,2026-02-07 12:00:00,1.7
10981,2026-02-07 13:00:00,1.6
10982,2026-02-07 14:00:00,1.5
10983,2026-02-07 15:00:00,1.6
10984,2026-02-07 16:00:00,1.3
10985,2026-02-07 17:00:00,1.2
10986,2026-02-07 18:00:00,1.2
10987,2026-02-07 19:00:00,1.1
10988,2026-02-07 20:00:00,1.1
10989,2026-02-07 21:00:00,1.5
10990,2026-02-07 22:00:00,1.3
10991,2026-02-07 23:00:00,0.8
10992,2026-02-08 00:00:00,0.5
10993,2026-02-08 01:00:00,0.6
10994,2026-02-08 02:00:00,0.8
10995,2026-02-08 03:00:00,0.7
10996,2026-02-08 04:00:00,1.1
10997,2026-02-08 05:00:00,0.8
10998,2026-02-08 06:00:00,0.9
10999,2026-02-08 07:00:00,0.7
11000,2026-02-08 08:00:00,1.1
11001,2026-02-08 09:00:00,1.6
11002,2026-02-08 10:00:00,1.6
11003,2026-02-08 11:00:00,1.3
11004,2026-02-08 12:00:00,1.3
11005,2026-02-08 13:00:00,1.2
11006,2026-02-08 14:00:00,1.3
11007,2026-02-08 15:00:00,1.9
11008,2026-02-08 16:00:00,1.7
11009,2026-02-08 17:00:00,1.7
11010,2026-02-08 18:00:00,1.9
11011,2026-02-08 19:00:00,1.8
11012,2026-02-08 20:00:00,2.0
11013,2026-02-08 21:00:00,2.0
11014,2026-02-08 22:00:00,1.8
11015,2026-02-08 23:00:00,2.1
11016,2026-02-09 00:00:00,2.0
11017,2026-02-09 01:00:00,1.8
11018,2026-02-09 02:00:00,1.9
11019,2026-02-09 03:00:00,1.7
11020,2026-02-09 04:00:00,1.6
11021,2026-02-09 05:00:00,2.4
11022,2026-02-09 06:00:00,2.6
11023,2026-02-09 07:00:00,2.8
11024,2026-02-09 08:00:00,2.9
11025,2026-02-09 09:00:00,3.0
11026,2026-02-09 10:00:00,2.8
11027,2026-02-09 11:00:00,3.4
11028,2026-02-09 12:00:00,3.2
11029,2026-02-09 13:00:00,3.5
11030,2026-02-09 14:00:00,3.5
11031,2026-02-09 15:00:00,3.1
11032,2026-02-09 16:00:00,3.2
11033,2026-02-09 17:00:00,2.6
11034,2026-02-09 18:00:00,2.5
11035,2026-02-09 19:00:00,2.8
11036,2026-02-09 20:00:00,3.0
11037,2026-02-09 21:00:00,2.8
11038,2026-02-09 22:00:00,2.6
11039,2026-02-09 23:00:00,2.9
11040,2026-02-10 00:00:00,2.6
11041,2026-02-10 01:00:00,2.8
11042,2026-02-10 02:00:00,2.2
11043,2026-02-10 03:00:00,2.0
11044,2026-02-10 04:00:00,2.1
11045,2026-02-10 05:00:00,2.1
11046,2026-02-10 06:00:00,3.0
11047,2026-02-10 07:00:00,3.0
11048,2026-02-10 08:00:00,3.3
11049,2026-02-10 09:00:00,3.1
11050,2026-02-10 10:00:00,3.1
11051,2026-02-10 11:00:00,2.4
11052,2026-02-10 12:00:00,2.3
11053,2026-02-10 13:00:00,3.0
11054,2026-02-10 14:00:00,3.6
11055,2026-02-10 15:00:00,4.0
11056,2026-02-10 16:00:00,2.7
11057,2026-02-10 17:00:00,2.3
11058,2026-02-10 18:00:00,2.8
11059,2026-02-10 19:00:00,3.9
11060,2026-02-10 20:00:00,3.3
11061,2026-02-10 21:00:00,3.4
11062,2026-02-10 22:00:00,2.9
11063,2026-02-10 23:00:00,2.8
11064,2026-02-11 00:00:00,2.4
11065,2026-02-11 01:00:00,3.6
11066,2026-02-11 02:00:00,3.0
11067,2026-02-11 03:00:00,3.0
11068,2026-02-11 04:00:00,2.5
11069,2026-02-11 05:00:00,2.4
11070,2026-02-11 06:00:00,2.2
11071,2026-02-11 07:00:00,2.5
11072,2026-02-11 08:00:00,2.5
11073,2026-02-11 09:00:00,2.8
11074,2026-02-11 10:00:00,3.6
11075,2026-02-11 11:00:00,4.2
11076,2026-02-11 12:00:00,3.4
11077,2026-02-11 13:00:00,3.6
11078,2026-02-11 14:00:00,3.3
11079,2026-02-11 15:00:00,1.8
11080,2026-02-11 16:00:00,1.8
11081,2026-02-11 17:00:00,1.8
11082,2026-02-11 18:00:00,1.7
11083,2026-02-11 19:00:00,1.8
11084,2026-02-11 20:00:00,2.1
11085,2026-02-11 21:00:00,2.3
11086,2026-02-11 22:00:00,2.4
11087,2026-02-11 23:00:00,2.2
11088,2026-02-12 00:00:00,2.5
11089,2026-02-12 01:00:00,2.6
11090,2026-02-12 02:00:00,1.7
11091,2026-02-12 03:00:00,0.7
11092,2026-02-12 04:00:00,1.4
11093,2026-02-12 05:00:00,1.9
11094,2026-02-12 06:00:00,1.1
11095,2026-02-12 07:00:00,1.5
11096,2026-02-12 08:00:00,1.5
11097,2026-02-12 09:00:00,1.8
11098,2026-02-12 10:00:00,3.7
11099,2026-02-12 11:00:00,4.2
11100,2026-02-12 12:00:00,3.3
11101,2026-02-12 13:00:00,2.6
11102,2026-02-12 14:00:00,3.2
11103,2026-02-12 15:00:00,2.8
11104,2026-02-12 16:00:00,2.4
11105,2026-02-12 17:00:00,3.1
11106,2026-02-12 18:00:00,2.7
11107,2026-02-12 19:00:00,2.5
11108,2026-02-12 20:00:00,4.1
11109,2026-02-12 21:00:00,6.2
11110,2026-02-12 22:00:00,9.0
11111,2026-02-12 23:00:00,7.9
11112,2026-02-13 00:00:00,6.2
11113,2026-02-13 01:00:00,5.1
11114,2026-02-13 02:00:00,4.7
11115,2026-02-13 03:00:00,5.0
11116,2026-02-13 04:00:00,4.2
11117,2026-02-13 05:00:00,3.6
11118,2026-02-13 06:00:00,3.5
11119,2026-02-13 07:00:00,2.6
11120,2026-02-13 08:00:00,2.4
11121,2026-02-13 09:00:00,1.9
11122,2026-02-13 10:00:00,1.7
11123,2026-02-13 11:00:00,1.3
11124,2026-02-13 12:00:00,1.5
11125,2026-02-13 13:00:00,1.4
11126,2026-02-13 14:00:00,1.1
11127,2026-02-13 15:00:00,1.2
11128,2026-02-13 16:00:00,1.0
11129,2026-02-13 17:00:00,0.8
11130,2026-02-13 18:00:00,0.9
11131,2026-02-13 19:00:00,1.1
11132,2026-02-13 20:00:00,1.2
11133,2026-02-13 21:00:00,1.2
11134,2026-02-13 22:00:00,1.2
11135,2026-02-13 23:00:00,1.2
11136,2026-02-14 00:00:00,1.2
11137,2026-02-14 01:00:00,1.1
11138,2026-02-14 02:00:00,1.0
11139,2026-02-14 03:00:00,1.1
11140,2026-02-14 04:00:00,1.3
11141,2026-02-14 05:00:00,1.6
11142,2026-02-14 06:00:00,1.6
11143,2026-02-14 07:00:00,1.9
11144,2026-02-14 08:00:00,1.9
11145,2026-02-14 09:00:00,1.7
11146,2026-02-14 10:00:00,1.8
11147,2026-02-14 11:00:00,1.8
11148,2026-02-14 12:00:00,1.8
11149,2026-02-14 13:00:00,1.9
11150,2026-02-14 14:00:00,2.0
11151,2026-02-14 15:00:00,1.6
11152,2026-02-14 16:00:00,1.4
11153,2026-02-14 17:00:00,1.4
11154,2026-02-14 18:00:00,1.4
11155,2026-02-14 19:00:00,1.3
11156,2026-02-14 20:00:00,1.5
11157,2026-02-14 21:00:00,1.3
11158,2026-02-14 22:00:00,1.5
11159,2026-02-14 23:00:00,1.3
11160,2026-02-15 00:00:00,1.5
11161,2026-02-15 01:00:00,1.6
11162,2026-02-15 02:00:00,1.5
11163,2026-02-15 03:00:00,1.4
11164,2026-02-15 04:00:00,1.2
11165,2026-02-15 05:00:00,1.5
11166,2026-02-15 06:00:00,1.4
11167,2026-02-15 07:00:00,1.1
11168,2026-02-15 08:00:00,1.2
11169,2026-02-15 09:00:00,1.7
11170,2026-02-15 10:00:00,0.9
11171,2026-02-15 11:00:00,1.2
11172,2026-02-15 12:00:00,1.7
11173,2026-02-15 13:00:00,1.4
11174,2026-02-15 14:00:00,1.5
11175,2026-02-15 15:00:00,1.6
11176,2026-02-15 16:00:00,3.3
11177,2026-02-15 17:00:00,3.1
11178,2026-02-15 18:00:00,1.6
11179,2026-02-15 19:00:00,1.8
11180,2026-02-15 20:00:00,2.1
11181,2026-02-15 21:00:00,1.9
11182,2026-02-15 22:00:00,2.3
11183,2026-02-15 23:00:00,3.7
11184,2026-02-16 00:00:00,5.2
11185,2026-02-16 01:00:00,5.9
11186,2026-02-16 02:00:00,6.5
11187,2026-02-16 03:00:00,5.8
11188,2026-02-16 04:00:00,5.5
11189,2026-02-16 05:00:00,5.3
11190,2026-02-16 06:00:00,5.5
11191,2026-02-16 07:00:00,5.7
11192,2026-02-16 08:00:00,6.6
11193,2026-02-16 09:00:00,6.7
11194,2026-02-16 10:00:00,5.8
11195,2026-02-16 11:00:00,5.7
11196,2026-02-16 12:00:00,5.5
11197,2026-02-16 13:00:00,5.0
11198,2026-02-16 14:00:00,4.6
11199,2026-02-16 15:00:00,3.8
11200,2026-02-16 16:00:00,3.7
11201,2026-02-16 17:00:00,2.9
11202,2026-02-16 18:00:00,3.3
11203,2026-02-16 19:00:00,2.7
11204,2026-02-16 20:00:00,2.9
11205,2026-02-16 21:00:00,2.3
11206,2026-02-16 22:00:00,2.5
11207,2026-02-16 23:00:00,2.2
11208,2026-02-17 00:00:00,1.7
11209,2026-02-17 01:00:00,1.4
11210,2026-02-17 02:00:00,1.7
11211,2026-02-17 03:00:00,1.4
11212,2026-02-17 04:00:00,1.2
11213,2026-02-17 05:00:00,1.2
11214,2026-02-17 06:00:00,0.8
11215,2026-02-17 07:00:00,0.8
11216,2026-02-17 08:00:00,1.2
11217,2026-02-17 09:00:00,0.9
11218,2026-02-17 10:00:00,1.3
11219,2026-02-17 11:00:00,0.9
11220,2026-02-17 12:00:00,1.0
11221,2026-02-17 13:00:00,0.8
11222,2026-02-17 14:00:00,0.8
11223,2026-02-17 15:00:00,1.6
11224,2026-02-17 16:00:00,1.8
11225,2026-02-17 17:00:00,2.0
11226,2026-02-17 18:00:00,1.8
11227,2026-02-17 19:00:00,1.0
11228,2026-02-17 20:00:00,0.6
11229,2026-02-17 21:00:00,1.4
11230,2026-02-17 22:00:00,1.3
11231,2026-02-17 23:00:00,0.9
11232,2026-02-18 00:00:00,1.3
11233,2026-02-18 01:00:00,0.7
11234,2026-02-18 02:00:00,0.7
11235,2026-02-18 03:00:00,0.8
11236,2026-02-18 04:00:00,0.7
11237,2026-02-18 05:00:00,0.9
11238,2026-02-18 06:00:00,1.0
11239,2026-02-18 07:00:00,1.0
11240,2026-02-18 08:00:00,0.9
11241,2026-02-18 09:00:00,0.8
11242,2026-02-18 10:00:00,0.9
11243,2026-02-18 11:00:00,0.8
11244,2026-02-18 12:00:00,1.1
11245,2026-02-18 13:00:00,1.2
11246,2026-02-18 14:00:00,1.3
11247,2026-02-18 15:00:00,1.1
11248,2026-02-18 16:00:00,1.1
11249,2026-02-18 17:00:00,1.0
11250,2026-02-18 18:00:00,0.8
11251,2026-02-18 19:00:00,0.5
11252,2026-02-18 20:00:00,0.7
11253,2026-02-18 21:00:00,0.6
11254,2026-02-18 22:00:00,0.8
11255,2026-02-18 23:00:00,1.3
11256,2026-02-19 00:00:00,1.1
11257,2026-02-19 01:00:00,1.3
11258,2026-02-19 02:00:00,1.2
11259,2026-02-19 03:00:00,1.4
11260,2026-02-19 04:00:00,1.5
11261,2026-02-19 05:00:00,1.6
11262,2026-02-19 06:00:00,1.7
11263,2026-02-19 07:00:00,2.0
11264,2026-02-19 08:00:00,2.3
11265,2026-02-19 09:00:00,2.0
11266,2026-02-19 10:00:00,2.1
11267,2026-02-19 11:00:00,3.3
11268,2026-02-19 12:00:00,2.9
11269,2026-02-19 13:00:00,3.3
11270,2026-02-19 14:00:00,3.4
11271,2026-02-19 15:00:00,3.1
11272,2026-02-19 16:00:00,2.5
11273,2026-02-19 17:00:00,1.9
11274,2026-02-19 18:00:00,2.4
11275,2026-02-19 19:00:00,2.2
11276,2026-02-19 20:00:00,1.1
11277,2026-02-19 21:00:00,1.5
11278,2026-02-19 22:00:00,1.3
11279,2026-02-19 23:00:00,0.6
11280,2026-02-20 00:00:00,1.0
11281,2026-02-20 01:00:00,0.7
11282,2026-02-20 02:00:00,0.6
11283,2026-02-20 03:00:00,0.9
11284,2026-02-20 04:00:00,1.0
11285,2026-02-20 05:00:00,1.4
11286,2026-02-20 06:00:00,1.3
11287,2026-02-20 07:00:00,0.9
11288,2026-02-20 08:00:00,0.5
11289,2026-02-20 09:00:00,1.3
11290,2026-02-20 10:00:00,2.2
11291,2026-02-20 11:00:00,3.2
11292,2026-02-20 12:00:00,4.3
11293,2026-02-20 13:00:00,4.7
11294,2026-02-20 14:00:00,5.5
11295,2026-02-20 15:00:00,5.2
11296,2026-02-20 16:00:00,3.8
11297,2026-02-20 17:00:00,3.6
11298,2026-02-20 18:00:00,3.3
11299,2026-02-20 19:00:00,3.8
11300,2026-02-20 20:00:00,4.2
11301,2026-02-20 21:00:00,4.4
11302,2026-02-20 22:00:00,3.1
11303,2026-02-20 23:00:00,3.4
11304,2026-02-21 00:00:00,2.3
11305,2026-02-21 01:00:00,2.9
11306,2026-02-21 02:00:00,2.1
11307,2026-02-21 03:00:00,3.8
11308,2026-02-21 04:00:00,3.9
11309,2026-02-21 05:00:00,3.7
11310,2026-02-21 06:00:00,4.5
11311,2026-02-21 07:00:00,4.5
11312,2026-02-21 08:00:00,5.7
11313,2026-02-21 09:00:00,5.5
11314,2026-02-21 10:00:00,6.1
11315,2026-02-21 11:00:00,5.8
11316,2026-02-21 12:00:00,6.2
11317,2026-02-21 13:00:00,6.0
11318,2026-02-21 14:00:00,5.0
11319,2026-02-21 15:00:00,5.5
11320,2026-02-21 16:00:00,4.7
11321,2026-02-21 17:00:00,4.4
11322,2026-02-21 18:00:00,4.2
11323,2026-02-21 19:00:00,5.1
11324,2026-02-21 20:00:00,5.0
11325,2026-02-21 21:00:00,5.4
11326,2026-02-21 22:00:00,4.8
11327,2026-02-21 23:00:00,4.6
11328,2026-02-22 00:00:00,5.2
11329,2026-02-22 01:00:00,4.8
11330,2026-02-22 02:00:00,3.7
11331,2026-02-22 03:00:00,3.0
11332,2026-02-22 04:00:00,3.1
11333,2026-02-22 05:00:00,3.1
11334,2026-02-22 06:00:00,2.7
11335,2026-02-22 07:00:00,2.1
11336,2026-02-22 08:00:00,3.2
11337,2026-02-22 09:00:00,3.3
11338,2026-02-22 10:00:00,4.3
11339,2026-02-22 11:00:00,5.6
11340,2026-02-22 12:00:00,5.7
11341,2026-02-22 13:00:00,5.0
11342,2026-02-22 14:00:00,5.0
11343,2026-02-22 15:00:00,4.9
11344,2026-02-22 16:00:00,5.0
11345,2026-02-22 17:00:00,5.2
11346,2026-02-22 18:00:00,6.0
11347,2026-02-22 19:00:00,6.1
11348,2026-02-22 20:00:00,6.9
11349,2026-02-22 21:00:00,6.0
11350,2026-02-22 22:00:00,5.7
11351,2026-02-22 23:00:00,6.5
11352,2026-02-23 00:00:00,6.0
11353,2026-02-23 01:00:00,4.8
11354,2026-02-23 02:00:00,5.3
11355,2026-02-23 03:00:00,3.7
11356,2026-02-23 04:00:00,4.0
11357,2026-02-23 05:00:00,3.1
11358,2026-02-23 06:00:00,4.3
11359,2026-02-23 07:00:00,5.8
11360,2026-02-23 08:00:00,5.7
11361,2026-02-23 09:00:00,5.5
11362,2026-02-23 10:00:00,6.3
11363,2026-02-23 11:00:00,7.2
11364,2026-02-23 12:00:00,8.3
11365,2026-02-23 13:00:00,7.2
11366,2026-02-23 14:00:00,8.2
11367,2026-02-23 15:00:00,8.8
11368,2026-02-23 16:00:00,7.7
11369,2026-02-23 17:00:00,3.8
11370,2026-02-23 18:00:00,3.9
11371,2026-02-23 19:00:00,3.7
11372,2026-02-23 20:00:00,3.9
11373,2026-02-23 21:00:00,4.8
11374,2026-02-23 22:00:00,4.8
11375,2026-02-23 23:00:00,5.1
11376,2026-02-24 00:00:00,5.5
11377,2026-02-24 01:00:00,5.2
11378,2026-02-24 02:00:00,5.5
11379,2026-02-24 03:00:00,4.5
11380,2026-02-24 04:00:00,5.1
11381,2026-02-24 05:00:00,4.5
11382,2026-02-24 06:00:00,3.9
11383,2026-02-24 07:00:00,3.0
11384,2026-02-24 08:00:00,2.6
11385,2026-02-24 09:00:00,3.0
11386,2026-02-24 10:00:00,2.3
11387,2026-02-24 11:00:00,2.3
11388,2026-02-24 12:00:00,2.2
11389,2026-02-24 13:00:00,1.5
11390,2026-02-24 14:00:00,1.9
11391,2026-02-24 15:00:00,1.5
11392,2026-02-24 16:00:00,1.4
11393,2026-02-24 17:00:00,1.0
11394,2026-02-24 18:00:00,0.5
11395,2026-02-24 19:00:00,0.9
11396,2026-02-24 20:00:00,1.0
11397,2026-02-24 21:00:00,0.9
11398,2026-02-24 22:00:00,1.5
11399,2026-02-24 23:00:00,1.3
11400,2026-02-25 00:00:00,1.0
11401,2026-02-25 01:00:00,1.2
11402,2026-02-25 02:00:00,0.6
11403,2026-02-25 03:00:00,0.9
11404,2026-02-25 04:00:00,1.3
11405,2026-02-25 05:00:00,1.7
11406,2026-02-25 06:00:00,1.6
11407,2026-02-25 07:00:00,1.2
11408,2026-02-25 08:00:00,1.2
11409,2026-02-25 09:00:00,1.5
11410,2026-02-25 10:00:00,2.4
11411,2026-02-25 11:00:00,3.2
11412,2026-02-25 12:00:00,2.7
11413,2026-02-25 13:00:00,2.4
11414,2026-02-25 14:00:00,2.4
11415,2026-02-25 15:00:00,2.5
11416,2026-02-25 16:00:00,3.0
11417,2026-02-25 17:00:00,2.4
11418,2026-02-25 18:00:00,2.0
11419,2026-02-25 19:00:00,2.2
11420,2026-02-25 20:00:00,3.1
11421,2026-02-25 21:00:00,3.7
11422,2026-02-25 22:00:00,3.4
11423,2026-02-25 23:00:00,3.4
11424,2026-02-26 00:00:00,2.8
11425,2026-02-26 01:00:00,2.8
11426,2026-02-26 02:00:00,3.2
11427,2026-02-26 03:00:00,3.3
11428,2026-02-26 04:00:00,3.1
11429,2026-02-26 05:00:00,3.1
11430,2026-02-26 06:00:00,3.4
11431,2026-02-26 07:00:00,3.0
11432,2026-02-26 08:00:00,3.1
11433,2026-02-26 09:00:00,2.8
11434,2026-02-26 10:00:00,4.9
11435,2026-02-26 11:00:00,4.2
11436,2026-02-26 12:00:00,4.0
11437,2026-02-26 13:00:00,5.1
11438,2026-02-26 14:00:00,4.8
11439,2026-02-26 15:00:00,4.2
11440,2026-02-26 16:00:00,3.1
11441,2026-02-26 17:00:00,2.3
11442,2026-02-26 18:00:00,1.5
11443,2026-02-26 19:00:00,1.5
11444,2026-02-26 20:00:00,1.2
11445,2026-02-26 21:00:00,2.2
11446,2026-02-26 22:00:00,3.0
11447,2026-02-26 23:00:00,2.3
11448,2026-02-27 00:00:00,2.2
11449,2026-02-27 01:00:00,2.1
11450,2026-02-27 02:00:00,1.6
11451,2026-02-27 03:00:00,2.1
11452,2026-02-27 04:00:00,1.5
11453,2026-02-27 05:00:00,0.7
11454,2026-02-27 06:00:00,0.7
11455,2026-02-27 07:00:00,0.7
11456,2026-02-27 08:00:00,0.8
11457,2026-02-27 09:00:00,1.5
11458,2026-02-27 10:00:00,2.6
11459,2026-02-27 11:00:00,4.3
11460,2026-02-27 12:00:00,4.9
11461,2026-02-27 13:00:00,5.1
11462,2026-02-27 14:00:00,5.0
11463,2026-02-27 15:00:00,5.3
11464,2026-02-27 16:00:00,3.6
11465,2026-02-27 17:00:00,1.8
11466,2026-02-27 18:00:00,2.9
11467,2026-02-27 19:00:00,3.6
11468,2026-02-27 20:00:00,3.0
11469,2026-02-27 21:00:00,2.6
11470,2026-02-27 22:00:00,2.1
11471,2026-02-27 23:00:00,2.4
11472,2026-02-28 00:00:00,2.2
11473,2026-02-28 01:00:00,2.3
11474,2026-02-28 02:00:00,2.1
11475,2026-02-28 03:00:00,2.0
11476,2026-02-28 04:00:00,1.2
11477,2026-02-28 05:00:00,1.7
11478,2026-02-28 06:00:00,1.7
11479,2026-02-28 07:00:00,2.1
11480,2026-02-28 08:00:00,2.3
11481,2026-02-28 09:00:00,2.9
11482,2026-02-28 10:00:00,3.2
11483,2026-02-28 11:00:00,3.4
11484,2026-02-28 12:00:00,3.3
11485,2026-02-28 13:00:00,2.5
11486,2026-02-28 14:00:00,3.6
11487,2026-02-28 15:00:00,3.6
11488,2026-02-28 16:00:00,2.8
11489,2026-02-28 17:00:00,2.4
11490,2026-02-28 18:00:00,3.3
11491,2026-02-28 19:00:00,3.6
11492,2026-02-28 20:00:00,3.9
11493,2026-02-28 21:00:00,5.1
11494,2026-02-28 22:00:00,5.6
11495,2026-02-28 23:00:00,5.4
11496,2026-03-01 00:00:00,5.7
11497,2026-03-01 01:00:00,5.4
11498,2026-03-01 02:00:00,5.4
11499,2026-03-01 03:00:00,4.2
11500,2026-03-01 04:00:00,5.3
11501,2026-03-01 05:00:00,4.4
11502,2026-03-01 06:00:00,3.2
11503,2026-03-01 07:00:00,3.0
11504,2026-03-01 08:00:00,2.8
11505,2026-03-01 09:00:00,2.7
11506,2026-03-01 10:00:00,3.9
11507,2026-03-01 11:00:00,2.9
11508,2026-03-01 12:00:00,2.8
11509,2026-03-01 13:00:00,3.6
11510,2026-03-01 14:00:00,4.7
11511,2026-03-01 15:00:00,4.6
11512,2026-03-01 16:00:00,4.4
11513,2026-03-01 17:00:00,2.6
11514,2026-03-01 18:00:00,1.1
11515,2026-03-01 19:00:00,1.1
11516,2026-03-01 20:00:00,1.7
11517,2026-03-01 21:00:00,2.0
11518,2026-03-01 22:00:00,2.3
11519,2026-03-01 23:00:00,2.8
11520,2026-03-02 00:00:00,2.7
11521,2026-03-02 01:00:00,2.8
11522,2026-03-02 02:00:00,2.2
11523,2026-03-02 03:00:00,1.7
11524,2026-03-02 04:00:00,1.2
11525,2026-03-02 05:00:00,1.0
11526,2026-03-02 06:00:00,1.1
11527,2026-03-02 07:00:00,0.8
11528,2026-03-02 08:00:00,0.5
11529,2026-03-02 09:00:00,0.9
11530,2026-03-02 10:00:00,3.2
11531,2026-03-02 11:00:00,4.3
11532,2026-03-02 12:00:00,4.6
11533,2026-03-02 13:00:00,4.6
11534,2026-03-02 14:00:00,3.9
11535,2026-03-02 15:00:00,3.9
11536,2026-03-02 16:00:00,2.7
11537,2026-03-02 17:00:00,1.3
11538,2026-03-02 18:00:00,1.1
11539,2026-03-02 19:00:00,1.3
11540,2026-03-02 20:00:00,2.8
11541,2026-03-02 21:00:00,1.9
11542,2026-03-02 22:00:00,2.7
11543,2026-03-02 23:00:00,2.6
11544,2026-03-03 00:00:00,2.5
11545,2026-03-03 01:00:00,2.3
11546,2026-03-03 02:00:00,1.6
11547,2026-03-03 03:00:00,2.5
11548,2026-03-03 04:00:00,2.4
11549,2026-03-03 05:00:00,2.2
11550,2026-03-03 06:00:00,2.6
11551,2026-03-03 07:00:00,2.1
11552,2026-03-03 08:00:00,1.1
11553,2026-03-03 09:00:00,0.7
11554,2026-03-03 10:00:00,1.0
11555,2026-03-03 11:00:00,1.5
11556,2026-03-03 12:00:00,3.3
11557,2026-03-03 13:00:00,3.8
11558,2026-03-03 14:00:00,3.0
11559,2026-03-03 15:00:00,3.2
11560,2026-03-03 16:00:00,3.2
11561,2026-03-03 17:00:00,1.8
11562,2026-03-03 18:00:00,0.8
11563,2026-03-03 19:00:00,0.7
11564,2026-03-03 20:00:00,0.6
11565,2026-03-03 21:00:00,0.3
11566,2026-03-03 22:00:00,0.2
11567,2026-03-03 23:00:00,0.5
11568,2026-03-04 00:00:00,0.3
11569,2026-03-04 01:00:00,0.5
11570,2026-03-04 02:00:00,1.0
11571,2026-03-04 03:00:00,1.3
11572,2026-03-04 04:00:00,1.3
11573,2026-03-04 05:00:00,1.2
11574,2026-03-04 06:00:00,1.2
11575,2026-03-04 07:00:00,1.2
11576,2026-03-04 08:00:00,0.9
11577,2026-03-04 09:00:00,1.0
11578,2026-03-04 10:00:00,1.4
11579,2026-03-04 11:00:00,1.8
11580,2026-03-04 12:00:00,1.6
11581,2026-03-04 13:00:00,2.3
11582,2026-03-04 14:00:00,2.0
11583,2026-03-04 15:00:00,1.7
11584,2026-03-04 16:00:00,1.5
11585,2026-03-04 17:00:00,0.9
11586,2026-03-04 18:00:00,0.5
11587,2026-03-04 19:00:00,0.8
11588,2026-03-04 20:00:00,1.1
11589,2026-03-04 21:00:00,0.7
11590,2026-03-04 22:00:00,0.3
11591,2026-03-04 23:00:00,0.5
11592,2026-03-05 00:00:00,1.1
11593,2026-03-05 01:00:00,1.4
11594,2026-03-05 02:00:00,1.5
11595,2026-03-05 03:00:00,2.0
11596,2026-03-05 04:00:00,2.1
11597,2026-03-05 05:00:00,2.1
11598,2026-03-05 06:00:00,2.3
11599,2026-03-05 07:00:00,2.3
11600,2026-03-05 08:00:00,2.1
11601,2026-03-05 09:00:00,2.8
11602,2026-03-05 10:00:00,3.7
11603,2026-03-05 11:00:00,5.1
11604,2026-03-05 12:00:00,3.7
11605,2026-03-05 13:00:00,3.1
11606,2026-03-05 14:00:00,3.4
11607,2026-03-05 15:00:00,3.3
11608,2026-03-05 16:00:00,3.1
11609,2026-03-05 17:00:00,2.0
11610,2026-03-05 18:00:00,1.6
11611,2026-03-05 19:00:00,3.1
11612,2026-03-05 20:00:00,4.0
11613,2026-03-05 21:00:00,3.6
11614,2026-03-05 22:00:00,3.1
11615,2026-03-05 23:00:00,2.7
11616,2026-03-06 00:00:00,3.4
11617,2026-03-06 01:00:00,2.8
11618,2026-03-06 02:00:00,2.4
11619,2026-03-06 03:00:00,2.5
11620,2026-03-06 04:00:00,2.8
11621,2026-03-06 05:00:00,2.9
11622,2026-03-06 06:00:00,2.3
11623,2026-03-06 07:00:00,2.0
11624,2026-03-06 08:00:00,2.6
11625,2026-03-06 09:00:00,2.9
11626,2026-03-06 10:00:00,2.9
11627,2026-03-06 11:00:00,2.5
11628,2026-03-06 12:00:00,4.2
11629,2026-03-06 13:00:00,4.3
11630,2026-03-06 14:00:00,3.9
11631,2026-03-06 15:00:00,3.4
11632,2026-03-06 16:00:00,3.2
11633,2026-03-06 17:00:00,2.1
11634,2026-03-06 18:00:00,1.0
11635,2026-03-06 19:00:00,1.1
11636,2026-03-06 20:00:00,1.4
11637,2026-03-06 21:00:00,2.5
11638,2026-03-06 22:00:00,2.7
11639,2026-03-06 23:00:00,2.6
11640,2026-03-07 00:00:00,2.8
11641,2026-03-07 01:00:00,2.5
11642,2026-03-07 02:00:00,2.4
11643,2026-03-07 03:00:00,3.0
11644,2026-03-07 04:00:00,1.9
11645,2026-03-07 05:00:00,1.6
11646,2026-03-07 06:00:00,1.9
11647,2026-03-07 07:00:00,2.6
11648,2026-03-07 08:00:00,2.4
11649,2026-03-07 09:00:00,2.5
11650,2026-03-07 10:00:00,2.7
11651,2026-03-07 11:00:00,2.9
11652,2026-03-07 12:00:00,3.4
11653,2026-03-07 13:00:00,3.1
11654,2026-03-07 14:00:00,3.9
11655,2026-03-07 15:00:00,2.8
11656,2026-03-07 16:00:00,2.0
11657,2026-03-07 17:00:00,0.9
11658,2026-03-07 18:00:00,0.6
11659,2026-03-07 19:00:00,1.0
11660,2026-03-07 20:00:00,1.5
11661,2026-03-07 21:00:00,1.9
11662,2026-03-07 22:00:00,1.3
11663,2026-03-07 23:00:00,2.0
11664,2026-03-08 00:00:00,2.1
11665,2026-03-08 01:00:00,2.2
11666,2026-03-08 02:00:00,2.6
11667,2026-03-08 03:00:00,3.0
11668,2026-03-08 04:00:00,2.9
11669,2026-03-08 05:00:00,2.7
11670,2026-03-08 06:00:00,2.7
11671,2026-03-08 07:00:00,2.5
11672,2026-03-08 08:00:00,2.3
11673,2026-03-08 09:00:00,1.9
11674,2026-03-08 10:00:00,2.4
11675,2026-03-08 11:00:00,2.5
11676,2026-03-08 12:00:00,2.9
11677,2026-03-08 13:00:00,3.1
11678,2026-03-08 14:00:00,3.6
11679,2026-03-08 15:00:00,3.8
11680,2026-03-08 16:00:00,2.9
11681,2026-03-08 17:00:00,2.3
11682,2026-03-08 18:00:00,2.2
11683,2026-03-08 19:00:00,2.5
11684,2026-03-08 20:00:00,2.7
11685,2026-03-08 21:00:00,3.0
11686,2026-03-08 22:00:00,3.2
11687,2026-03-08 23:00:00,3.7
11688,2026-03-09 00:00:00,4.0
11689,2026-03-09 01:00:00,4.1
11690,2026-03-09 02:00:00,3.5
11691,2026-03-09 03:00:00,3.2
11692,2026-03-09 04:00:00,3.6
11693,2026-03-09 05:00:00,4.3
11694,2026-03-09 06:00:00,4.6
11695,2026-03-09 07:00:00,4.0
11696,2026-03-09 08:00:00,4.4
11697,2026-03-09 09:00:00,3.3
11698,2026-03-09 10:00:00,3.9
11699,2026-03-09 11:00:00,4.0
11700,2026-03-09 12:00:00,3.3
11701,2026-03-09 13:00:00,2.9
11702,2026-03-09 14:00:00,3.4
11703,2026-03-09 15:00:00,2.9
11704,2026-03-09 16:00:00,1.8
11705,2026-03-09 17:00:00,1.1
11706,2026-03-09 18:00:00,2.1
11707,2026-03-09 19:00:00,2.2
11708,2026-03-09 20:00:00,1.9
11709,2026-03-09 21:00:00,1.7
11710,2026-03-09 22:00:00,2.7
11711,2026-03-09 23:00:00,1.9
11712,2026-03-10 00:00:00,1.9
11713,2026-03-10 01:00:00,1.3
11714,2026-03-10 02:00:00,2.1
11715,2026-03-10 03:00:00,1.1
11716,2026-03-10 04:00:00,1.2
11717,2026-03-10 05:00:00,1.7
11718,2026-03-10 06:00:00,1.6
11719,2026-03-10 07:00:00,1.1
11720,2026-03-10 08:00:00,0.8
11721,2026-03-10 09:00:00,0.6
11722,2026-03-10 10:00:00,1.6
11723,2026-03-10 11:00:00,1.7
11724,2026-03-10 12:00:00,2.5
11725,2026-03-10 13:00:00,3.2
11726,2026-03-10 14:00:00,3.6
11727,2026-03-10 15:00:00,3.3
11728,2026-03-10 16:00:00,2.6
11729,2026-03-10 17:00:00,1.7
11730,2026-03-10 18:00:00,0.8
11731,2026-03-10 19:00:00,1.0
11732,2026-03-10 20:00:00,1.7
11733,2026-03-10 21:00:00,1.7
11734,2026-03-10 22:00:00,2.4
11735,2026-03-10 23:00:00,2.5
11736,2026-03-11 00:00:00,2.2
11737,2026-03-11 01:00:00,1.3
11738,2026-03-11 02:00:00,2.4
11739,2026-03-11 03:00:00,1.6
11740,2026-03-11 04:00:00,1.3
11741,2026-03-11 05:00:00,1.7
11742,2026-03-11 06:00:00,2.7
11743,2026-03-11 07:00:00,2.5
11744,2026-03-11 08:00:00,4.1
11745,2026-03-11 09:00:00,5.0
11746,2026-03-11 10:00:00,5.5
11747,2026-03-11 11:00:00,6.0
11748,2026-03-11 12:00:00,6.8
11749,2026-03-11 13:00:00,6.5
11750,2026-03-11 14:00:00,6.0
11751,2026-03-11 15:00:00,6.1
11752,2026-03-11 16:00:00,5.0
11753,2026-03-11 17:00:00,3.1
11754,2026-03-11 18:00:00,4.2
11755,2026-03-11 19:00:00,3.8
11756,2026-03-11 20:00:00,4.6
11757,2026-03-11 21:00:00,5.7
11758,2026-03-11 22:00:00,4.8
11759,2026-03-11 23:00:00,4.5
11760,2026-03-12 00:00:00,4.6
11761,2026-03-12 01:00:00,5.0
11762,2026-03-12 02:00:00,4.8
11763,2026-03-12 03:00:00,4.1
11764,2026-03-12 04:00:00,3.9
11765,2026-03-12 05:00:00,3.6
11766,2026-03-12 06:00:00,4.1
11767,2026-03-12 07:00:00,3.3
11768,2026-03-12 08:00:00,3.2
11769,2026-03-12 09:00:00,3.6
11770,2026-03-12 10:00:00,3.4
11771,2026-03-12 11:00:00,4.0
11772,2026-03-12 12:00:00,3.4
11773,2026-03-12 13:00:00,3.1
11774,2026-03-12 14:00:00,4.3
11775,2026-03-12 15:00:00,4.3
11776,2026-03-12 16:00:00,3.9
11777,2026-03-12 17:00:00,3.7
11778,2026-03-12 18:00:00,2.8
11779,2026-03-12 19:00:00,2.9
11780,2026-03-12 20:00:00,3.6
11781,2026-03-12 21:00:00,3.4
11782,2026-03-12 22:00:00,3.3
11783,2026-03-12 23:00:00,3.0
11784,2026-03-13 00:00:00,2.9
11785,2026-03-13 01:00:00,2.6
11786,2026-03-13 02:00:00,3.2
11787,2026-03-13 03:00:00,3.0
11788,2026-03-13 04:00:00,3.0
11789,2026-03-13 05:00:00,3.7
11790,2026-03-13 06:00:00,4.9
11791,2026-03-13 07:00:00,3.6
11792,2026-03-13 08:00:00,4.1
11793,2026-03-13 09:00:00,6.8
11794,2026-03-13 10:00:00,8.3
11795,2026-03-13 11:00:00,8.7
11796,2026-03-13 12:00:00,8.7
11797,2026-03-13 13:00:00,9.4
11798,2026-03-13 14:00:00,8.8
11799,2026-03-13 15:00:00,6.9
11800,2026-03-13 16:00:00,4.5
11801,2026-03-13 17:00:00,5.6
11802,2026-03-13 18:00:00,5.4
11803,2026-03-13 19:00:00,5.0
11804,2026-03-13 20:00:00,5.3
11805,2026-03-13 21:00:00,3.8
11806,2026-03-13 22:00:00,4.4
11807,2026-03-13 23:00:00,3.8
11808,2026-03-14 00:00:00,4.1
11809,2026-03-14 01:00:00,4.0
11810,2026-03-14 02:00:00,3.3
11811,2026-03-14 03:00:00,4.1
11812,2026-03-14 04:00:00,4.7
11813,2026-03-14 05:00:00,5.0
11814,2026-03-14 06:00:00,4.0
11815,2026-03-14 07:00:00,4.2
11816,2026-03-14 08:00:00,3.9
11817,2026-03-14 09:00:00,5.3
11818,2026-03-14 10:00:00,4.5
11819,2026-03-14 11:00:00,4.5
11820,2026-03-14 12:00:00,4.9
11821,2026-03-14 13:00:00,4.3
11822,2026-03-14 14:00:00,3.4
11823,2026-03-14 15:00:00,3.0
11824,2026-03-14 16:00:00,4.1
11825,2026-03-14 17:00:00,3.4
11826,2026-03-14 18:00:00,3.6
11827,2026-03-14 19:00:00,2.8
11828,2026-03-14 20:00:00,2.4
11829,2026-03-14 21:00:00,2.3
11830,2026-03-14 22:00:00,2.5
11831,2026-03-14 23:00:00,2.6
11832,2026-03-15 00:00:00,2.2
11833,2026-03-15 01:00:00,2.3
11834,2026-03-15 02:00:00,2.5
11835,2026-03-15 03:00:00,2.6
11836,2026-03-15 04:00:00,3.1
11837,2026-03-15 05:00:00,2.2
11838,2026-03-15 06:00:00,2.5
11839,2026-03-15 07:00:00,2.0
11840,2026-03-15 08:00:00,1.9
11841,2026-03-15 09:00:00,2.0
11842,2026-03-15 10:00:00,1.7
11843,2026-03-15 11:00:00,1.8
11844,2026-03-15 12:00:00,1.7
11845,2026-03-15 13:00:00,1.8
11846,2026-03-15 14:00:00,2.4
11847,2026-03-15 15:00:00,1.9
11848,2026-03-15 16:00:00,3.1
11849,2026-03-15 17:00:00,2.2
11850,2026-03-15 18:00:00,0.6
11851,2026-03-15 19:00:00,0.5
11852,2026-03-15 20:00:00,0.7
11853,2026-03-15 21:00:00,2.1
11854,2026-03-15 22:00:00,1.3
11855,2026-03-15 23:00:00,0.7
11856,2026-03-16 00:00:00,1.2
11857,2026-03-16 01:00:00,1.4
11858,2026-03-16 02:00:00,1.5
11859,2026-03-16 03:00:00,1.7
11860,2026-03-16 04:00:00,2.0
11861,2026-03-16 05:00:00,2.6
11862,2026-03-16 06:00:00,3.3
11863,2026-03-16 07:00:00,3.9
11864,2026-03-16 08:00:00,5.7
11865,2026-03-16 09:00:00,6.6
11866,2026-03-16 10:00:00,7.4
11867,2026-03-16 11:00:00,4.4
11868,2026-03-16 12:00:00,6.0
11869,2026-03-16 13:00:00,4.9
11870,2026-03-16 14:00:00,4.7
11871,2026-03-16 15:00:00,5.0
11872,2026-03-16 16:00:00,3.8
11873,2026-03-16 17:00:00,3.2
11874,2026-03-16 18:00:00,2.5
11875,2026-03-16 19:00:00,2.0
11876,2026-03-16 20:00:00,3.5
11877,2026-03-16 21:00:00,3.6
11878,2026-03-16 22:00:00,2.9
11879,2026-03-16 23:00:00,2.2
11880,2026-03-17 00:00:00,1.7
11881,2026-03-17 01:00:00,1.5
11882,2026-03-17 02:00:00,1.1
11883,2026-03-17 03:00:00,0.7
11884,2026-03-17 04:00:00,0.9
11885,2026-03-17 05:00:00,0.4
11886,2026-03-17 06:00:00,0.7
11887,2026-03-17 07:00:00,0.9
11888,2026-03-17 08:00:00,0.8
11889,2026-03-17 09:00:00,1.1
11890,2026-03-17 10:00:00,1.0
11891,2026-03-17 11:00:00,1.9
11892,2026-03-17 12:00:00,1.5
11893,2026-03-17 13:00:00,1.6
11894,2026-03-17 14:00:00,1.8
11895,2026-03-17 15:00:00,2.4
11896,2026-03-17 16:00:00,2.9
11897,2026-03-17 17:00:00,2.6
11898,2026-03-17 18:00:00,1.8
11899,2026-03-17 19:00:00,1.9
11900,2026-03-17 20:00:00,1.9
11901,2026-03-17 21:00:00,2.2
11902,2026-03-17 22:00:00,2.2
11903,2026-03-17 23:00:00,2.4
11904,2026-03-18 00:00:00,2.7
11905,2026-03-18 01:00:00,2.3
11906,2026-03-18 02:00:00,1.6
11907,2026-03-18 03:00:00,1.4
11908,2026-03-18 04:00:00,1.8
11909,2026-03-18 05:00:00,1.6
11910,2026-03-18 06:00:00,1.2
11911,2026-03-18 07:00:00,1.2
11912,2026-03-18 08:00:00,2.2
11913,2026-03-18 09:00:00,2.5
11914,2026-03-18 10:00:00,3.6
11915,2026-03-18 11:00:00,4.2
11916,2026-03-18 12:00:00,4.3
11917,2026-03-18 13:00:00,4.0
11918,2026-03-18 14:00:00,3.4
11919,2026-03-18 15:00:00,3.5
11920,2026-03-18 16:00:00,3.1
11921,2026-03-18 17:00:00,2.3
11922,2026-03-18 18:00:00,1.8
11923,2026-03-18 19:00:00,1.6
11924,2026-03-18 20:00:00,0.5
11925,2026-03-18 21:00:00,0.4
11926,2026-03-18 22:00:00,0.5
11927,2026-03-18 23:00:00,1.0
11928,2026-03-19 00:00:00,1.1
11929,2026-03-19 01:00:00,0.5
11930,2026-03-19 02:00:00,0.3
11931,2026-03-19 03:00:00,0.3
11932,2026-03-19 04:00:00,0.5
11933,2026-03-19 05:00:00,0.6
11934,2026-03-19 06:00:00,0.7
11935,2026-03-19 07:00:00,0.4
11936,2026-03-19 08:00:00,0.4
11937,2026-03-19 09:00:00,0.7
11938,2026-03-19 10:00:00,1.0
11939,2026-03-19 11:00:00,1.8
11940,2026-03-19 12:00:00,2.0
11941,2026-03-19 13:00:00,1.8
11942,2026-03-19 14:00:00,2.1
11943,2026-03-19 15:00:00,2.2
11944,2026-03-19 16:00:00,1.7
11945,2026-03-19 17:00:00,1.3
11946,2026-03-19 18:00:00,1.2
11947,2026-03-19 19:00:00,0.9
11948,2026-03-19 20:00:00,0.5
11949,2026-03-19 21:00:00,0.6
11950,2026-03-19 22:00:00,0.8
11951,2026-03-19 23:00:00,0.9
11952,2026-03-20 00:00:00,1.5
11953,2026-03-20 01:00:00,1.8
11954,2026-03-20 02:00:00,2.1
11955,2026-03-20 03:00:00,1.9
11956,2026-03-20 04:00:00,1.5
11957,2026-03-20 05:00:00,1.4
11958,2026-03-20 06:00:00,1.6
11959,2026-03-20 07:00:00,1.3
11960,2026-03-20 08:00:00,1.8
11961,2026-03-20 09:00:00,1.3
11962,2026-03-20 10:00:00,1.3
11963,2026-03-20 11:00:00,1.7
11964,2026-03-20 12:00:00,2.1
11965,2026-03-20 13:00:00,1.8
11966,2026-03-20 14:00:00,1.8
11967,2026-03-20 15:00:00,1.4
11968,2026-03-20 16:00:00,1.8
11969,2026-03-20 17:00:00,1.6
11970,2026-03-20 18:00:00,1.0
11971,2026-03-20 19:00:00,1.6
11972,2026-03-20 20:00:00,2.0
11973,2026-03-20 21:00:00,2.1
11974,2026-03-20 22:00:00,1.6
11975,2026-03-20 23:00:00,0.8
11976,2026-03-21 00:00:00,0.5
11977,2026-03-21 01:00:00,1.6
11978,2026-03-21 02:00:00,1.3
11979,2026-03-21 03:00:00,0.6
11980,2026-03-21 04:00:00,0.5
11981,2026-03-21 05:00:00,0.8
11982,2026-03-21 06:00:00,0.8
11983,2026-03-21 07:00:00,1.2
11984,2026-03-21 08:00:00,1.4
11985,2026-03-21 09:00:00,1.6
11986,2026-03-21 10:00:00,2.0
11987,2026-03-21 11:00:00,1.8
11988,2026-03-21 12:00:00,2.3
11989,2026-03-21 13:00:00,3.0
11990,2026-03-21 14:00:00,2.5
11991,2026-03-21 15:00:00,2.6
11992,2026-03-21 16:00:00,2.2
11993,2026-03-21 17:00:00,1.3
11994,2026-03-21 18:00:00,0.7
11995,2026-03-21 19:00:00,0.7
11996,2026-03-21 20:00:00,1.0
11997,2026-03-21 21:00:00,1.7
11998,2026-03-21 22:00:00,2.0
11999,2026-03-21 23:00:00,1.8
12000,2026-03-22 00:00:00,2.0
12001,2026-03-22 01:00:00,2.1
12002,2026-03-22 02:00:00,1.4
12003,2026-03-22 03:00:00,1.6
12004,2026-03-22 04:00:00,2.2
12005,2026-03-22 05:00:00,2.2
12006,2026-03-22 06:00:00,2.2
12007,2026-03-22 07:00:00,1.6
12008,2026-03-22 08:00:00,2.4
12009,2026-03-22 09:00:00,2.8
12010,2026-03-22 10:00:00,3.3
12011,2026-03-22 11:00:00,4.7
12012,2026-03-22 12:00:00,3.6
12013,2026-03-22 13:00:00,3.7
12014,2026-03-22 14:00:00,4.0
12015,2026-03-22 15:00:00,4.0
12016,2026-03-22 16:00:00,3.4
12017,2026-03-22 17:00:00,3.0
12018,2026-03-22 18:00:00,1.7
12019,2026-03-22 19:00:00,1.7
12020,2026-03-22 20:00:00,1.1
12021,2026-03-22 21:00:00,0.4
12022,2026-03-22 22:00:00,0.6
12023,2026-03-22 23:00:00,0.6
12024,2026-03-23 00:00:00,0.5
12025,2026-03-23 01:00:00,0.6
12026,2026-03-23 02:00:00,0.4
12027,2026-03-23 03:00:00,0.5
12028,2026-03-23 04:00:00,0.6
12029,2026-03-23 05:00:00,0.6
12030,2026-03-23 06:00:00,0.8
12031,2026-03-23 07:00:00,1.2
12032,2026-03-23 08:00:00,1.3
12033,2026-03-23 09:00:00,1.6
12034,2026-03-23 10:00:00,1.8
12035,2026-03-23 11:00:00,2.0
12036,2026-03-23 12:00:00,2.3
12037,2026-03-23 13:00:00,2.6
12038,2026-03-23 14:00:00,2.0
12039,2026-03-23 15:00:00,2.2
12040,2026-03-23 16:00:00,1.7
12041,2026-03-23 17:00:00,1.6
12042,2026-03-23 18:00:00,1.2
12043,2026-03-23 19:00:00,1.0
12044,2026-03-23 20:00:00,0.6
12045,2026-03-23 21:00:00,0.5
12046,2026-03-23 22:00:00,0.6
12047,2026-03-23 23:00:00,0.9
12048,2026-03-24 00:00:00,1.2
12049,2026-03-24 01:00:00,1.1
12050,2026-03-24 02:00:00,0.2
12051,2026-03-24 03:00:00,1.0
12052,2026-03-24 04:00:00,0.8
12053,2026-03-24 05:00:00,1.5
12054,2026-03-24 06:00:00,1.4
12055,2026-03-24 07:00:00,1.4
12056,2026-03-24 08:00:00,0.9
12057,2026-03-24 09:00:00,1.3
12058,2026-03-24 10:00:00,2.6
12059,2026-03-24 11:00:00,4.1
12060,2026-03-24 12:00:00,5.2
12061,2026-03-24 13:00:00,5.4
12062,2026-03-24 14:00:00,6.9
12063,2026-03-24 15:00:00,7.1
12064,2026-03-24 16:00:00,5.7
12065,2026-03-24 17:00:00,4.2
12066,2026-03-24 18:00:00,3.1
12067,2026-03-24 19:00:00,3.4
12068,2026-03-24 20:00:00,3.7
12069,2026-03-24 21:00:00,4.7
12070,2026-03-24 22:00:00,5.0
12071,2026-03-24 23:00:00,5.9
12072,2026-03-25 00:00:00,5.8
12073,2026-03-25 01:00:00,5.5
12074,2026-03-25 02:00:00,5.0
12075,2026-03-25 03:00:00,5.2
12076,2026-03-25 04:00:00,6.9
12077,2026-03-25 05:00:00,6.4
12078,2026-03-25 06:00:00,6.8
12079,2026-03-25 07:00:00,7.2
12080,2026-03-25 08:00:00,8.7
12081,2026-03-25 09:00:00,9.1
12082,2026-03-25 10:00:00,9.0
12083,2026-03-25 11:00:00,8.6
12084,2026-03-25 12:00:00,8.4
12085,2026-03-25 13:00:00,7.9
12086,2026-03-25 14:00:00,7.3
12087,2026-03-25 15:00:00,6.2
12088,2026-03-25 16:00:00,5.3
12089,2026-03-25 17:00:00,6.2
12090,2026-03-25 18:00:00,4.2
12091,2026-03-25 19:00:00,3.1
12092,2026-03-25 20:00:00,3.7
12093,2026-03-25 21:00:00,3.0
12094,2026-03-25 22:00:00,2.5
12095,2026-03-25 23:00:00,2.8
12096,2026-03-26 00:00:00,3.0
12097,2026-03-26 01:00:00,3.2
12098,2026-03-26 02:00:00,3.4
12099,2026-03-26 03:00:00,3.1
12100,2026-03-26 04:00:00,2.1
12101,2026-03-26 05:00:00,2.7
12102,2026-03-26 06:00:00,2.5
12103,2026-03-26 07:00:00,3.5
12104,2026-03-26 08:00:00,4.5
12105,2026-03-26 09:00:00,4.3
12106,2026-03-26 10:00:00,4.6
12107,2026-03-26 11:00:00,5.3
12108,2026-03-26 12:00:00,4.9
12109,2026-03-26 13:00:00,3.6
12110,2026-03-26 14:00:00,4.1
12111,2026-03-26 15:00:00,5.1
12112,2026-03-26 16:00:00,4.7
12113,2026-03-26 17:00:00,2.5
12114,2026-03-26 18:00:00,1.8
12115,2026-03-26 19:00:00,1.6
12116,2026-03-26 20:00:00,1.5
12117,2026-03-26 21:00:00,1.6
12118,2026-03-26 22:00:00,1.4
12119,2026-03-26 23:00:00,2.1
12120,2026-03-27 00:00:00,2.4
12121,2026-03-27 01:00:00,1.6
12122,2026-03-27 02:00:00,1.9
12123,2026-03-27 03:00:00,1.7
12124,2026-03-27 04:00:00,1.9
12125,2026-03-27 05:00:00,1.9
12126,2026-03-27 06:00:00,0.9
12127,2026-03-27 07:00:00,1.5
12128,2026-03-27 08:00:00,3.9
12129,2026-03-27 09:00:00,2.9
12130,2026-03-27 10:00:00,2.9
12131,2026-03-27 11:00:00,3.9
12132,2026-03-27 12:00:00,3.8
12133,2026-03-27 13:00:00,2.9
12134,2026-03-27 14:00:00,1.8
12135,2026-03-27 15:00:00,2.6
12136,2026-03-27 16:00:00,2.3
12137,2026-03-27 17:00:00,1.4
12138,2026-03-27 18:00:00,0.5
12139,2026-03-27 19:00:00,0.8
12140,2026-03-27 20:00:00,0.9
12141,2026-03-27 21:00:00,1.3
12142,2026-03-27 22:00:00,1.0
12143,2026-03-27 23:00:00,0.5
12144,2026-03-28 00:00:00,1.1
12145,2026-03-28 01:00:00,0.8
12146,2026-03-28 02:00:00,1.2
12147,2026-03-28 03:00:00,0.9
12148,2026-03-28 04:00:00,1.4
12149,2026-03-28 05:00:00,2.2
12150,2026-03-28 06:00:00,1.9
12151,2026-03-28 07:00:00,0.9
12152,2026-03-28 08:00:00,3.5
12153,2026-03-28 09:00:00,5.2
12154,2026-03-28 10:00:00,5.7
12155,2026-03-28 11:00:00,5.7
12156,2026-03-28 12:00:00,5.8
12157,2026-03-28 13:00:00,5.9
12158,2026-03-28 14:00:00,5.7
12159,2026-03-28 15:00:00,6.7
12160,2026-03-28 16:00:00,6.0
12161,2026-03-28 17:00:00,5.8
12162,2026-03-28 18:00:00,4.4
12163,2026-03-28 19:00:00,4.8
12164,2026-03-28 20:00:00,3.7
12165,2026-03-28 21:00:00,3.0
12166,2026-03-28 22:00:00,3.2
12167,2026-03-28 23:00:00,2.7
12168,2026-03-29 00:00:00,1.5
12169,2026-03-29 01:00:00,1.4
12170,2026-03-29 02:00:00,1.3
12171,2026-03-29 03:00:00,2.0
12172,2026-03-29 04:00:00,2.2
12173,2026-03-29 05:00:00,2.2
12174,2026-03-29 06:00:00,2.2
12175,2026-03-29 07:00:00,2.4
12176,2026-03-29 08:00:00,2.5
12177,2026-03-29 09:00:00,2.8
12178,2026-03-29 10:00:00,2.9
12179,2026-03-29 11:00:00,3.4
12180,2026-03-29 12:00:00,4.0
12181,2026-03-29 13:00:00,4.4
12182,2026-03-29 14:00:00,4.6
12183,2026-03-29 15:00:00,4.8
12184,2026-03-29 16:00:00,4.7
12185,2026-03-29 17:00:00,4.5
12186,2026-03-29 18:00:00,2.9
12187,2026-03-29 19:00:00,1.9
12188,2026-03-29 20:00:00,1.1
12189,2026-03-29 21:00:00,1.5
12190,2026-03-29 22:00:00,1.9
12191,2026-03-29 23:00:00,4.0
12192,2026-03-30 00:00:00,4.4
12193,2026-03-30 01:00:00,4.7
12194,2026-03-30 02:00:00,4.8
12195,2026-03-30 03:00:00,4.4
12196,2026-03-30 04:00:00,4.7
12197,2026-03-30 05:00:00,5.8
12198,2026-03-30 06:00:00,6.0
12199,2026-03-30 07:00:00,5.3
12200,2026-03-30 08:00:00,5.9
12201,2026-03-30 09:00:00,5.4
12202,2026-03-30 10:00:00,5.8
12203,2026-03-30 11:00:00,4.0
12204,2026-03-30 12:00:00,4.6
12205,2026-03-30 13:00:00,3.7
12206,2026-03-30 14:00:00,3.8
12207,2026-03-30 15:00:00,2.0
12208,2026-03-30 16:00:00,2.0
12209,2026-03-30 17:00:00,2.5
12210,2026-03-30 18:00:00,1.7
12211,2026-03-30 19:00:00,1.9
12212,2026-03-30 20:00:00,1.8
12213,2026-03-30 21:00:00,2.3
12214,2026-03-30 22:00:00,2.0
12215,2026-03-30 23:00:00,2.2
12216,2026-03-31 00:00:00,2.2
12217,2026-03-31 01:00:00,2.3
12218,2026-03-31 02:00:00,2.1
12219,2026-03-31 03:00:00,1.8
12220,2026-03-31 04:00:00,2.5
12221,2026-03-31 05:00:00,3.2
12222,2026-03-31 06:00:00,4.0
12223,2026-03-31 07:00:00,4.0
12224,2026-03-31 08:00:00,3.9
12225,2026-03-31 09:00:00,3.7
12226,2026-03-31 10:00:00,4.5
12227,2026-03-31 11:00:00,4.6
12228,2026-03-31 12:00:00,5.5
12229,2026-03-31 13:00:00,5.1
12230,2026-03-31 14:00:00,6.1
12231,2026-03-31 15:00:00,5.0
12232,2026-03-31 16:00:00,2.9
12233,2026-03-31 17:00:00,5.8
12234,2026-03-31 18:00:00,3.6
12235,2026-03-31 19:00:00,3.1
12236,2026-03-31 20:00:00,2.3
12237,2026-03-31 21:00:00,3.3
12238,2026-03-31 22:00:00,2.3
12239,2026-03-31 23:00:00,1.8
12240,2026-04-01 00:00:00,1.5
12241,2026-04-01 01:00:00,1.0
12242,2026-04-01 02:00:00,1.4
12243,2026-04-01 03:00:00,1.1
12244,2026-04-01 04:00:00,1.1
12245,2026-04-01 05:00:00,1.3
12246,2026-04-01 06:00:00,1.1
12247,2026-04-01 07:00:00,1.2
12248,2026-04-01 08:00:00,0.6
12249,2026-04-01 09:00:00,0.7
12250,2026-04-01 10:00:00,0.9
12251,2026-04-01 11:00:00,1.3
12252,2026-04-01 12:00:00,1.8
12253,2026-04-01 13:00:00,2.4
12254,2026-04-01 14:00:00,1.6
12255,2026-04-01 15:00:00,1.8
12256,2026-04-01 16:00:00,2.2
12257,2026-04-01 17:00:00,1.6
12258,2026-04-01 18:00:00,2.0
12259,2026-04-01 19:00:00,2.1
12260,2026-04-01 20:00:00,1.6
12261,2026-04-01 21:00:00,1.2
12262,2026-04-01 22:00:00,0.8
12263,2026-04-01 23:00:00,0.5
12264,2026-04-02 00:00:00,0.4
12265,2026-04-02 01:00:00,0.4
12266,2026-04-02 02:00:00,0.4
12267,2026-04-02 03:00:00,0.3
12268,2026-04-02 04:00:00,0.4
12269,2026-04-02 05:00:00,0.3
12270,2026-04-02 06:00:00,0.2
12271,2026-04-02 07:00:00,0.4
12272,2026-04-02 08:00:00,0.9
12273,2026-04-02 09:00:00,2.7
12274,2026-04-02 10:00:00,3.2
12275,2026-04-02 11:00:00,3.9
12276,2026-04-02 12:00:00,3.2
12277,2026-04-02 13:00:00,3.1
12278,2026-04-02 14:00:00,3.1
12279,2026-04-02 15:00:00,3.5
12280,2026-04-02 16:00:00,3.6
12281,2026-04-02 17:00:00,2.6
12282,2026-04-02 18:00:00,1.7
12283,2026-04-02 19:00:00,1.3
12284,2026-04-02 20:00:00,0.8
12285,2026-04-02 21:00:00,0.8
12286,2026-04-02 22:00:00,0.6
12287,2026-04-02 23:00:00,0.6
12288,2026-04-03 00:00:00,1.0
12289,2026-04-03 01:00:00,2.7
12290,2026-04-03 02:00:00,3.1
12291,2026-04-03 03:00:00,3.3
12292,2026-04-03 04:00:00,2.8
12293,2026-04-03 05:00:00,3.1
12294,2026-04-03 06:00:00,3.7
12295,2026-04-03 07:00:00,3.3
12296,2026-04-03 08:00:00,3.5
12297,2026-04-03 09:00:00,3.1
12298,2026-04-03 10:00:00,3.6
12299,2026-04-03 11:00:00,5.4
12300,2026-04-03 12:00:00,4.4
12301,2026-04-03 13:00:00,4.1
12302,2026-04-03 14:00:00,4.8
12303,2026-04-03 15:00:00,3.8
12304,2026-04-03 16:00:00,5.2
12305,2026-04-03 17:00:00,3.8
12306,2026-04-03 18:00:00,1.4
12307,2026-04-03 19:00:00,1.4
12308,2026-04-03 20:00:00,2.2
12309,2026-04-03 21:00:00,2.0
12310,2026-04-03 22:00:00,2.4
12311,2026-04-03 23:00:00,4.4
12312,2026-04-04 00:00:00,4.1
12313,2026-04-04 01:00:00,4.0
12314,2026-04-04 02:00:00,4.2
12315,2026-04-04 03:00:00,5.2
12316,2026-04-04 04:00:00,4.5
12317,2026-04-04 05:00:00,4.8
12318,2026-04-04 06:00:00,5.8
12319,2026-04-04 07:00:00,6.5
12320,2026-04-04 08:00:00,6.5
12321,2026-04-04 09:00:00,6.8
12322,2026-04-04 10:00:00,7.6
12323,2026-04-04 11:00:00,9.2
12324,2026-04-04 12:00:00,6.2
12325,2026-04-04 13:00:00,7.8
12326,2026-04-04 14:00:00,7.1
12327,2026-04-04 15:00:00,6.1
12328,2026-04-04 16:00:00,5.7
12329,2026-04-04 17:00:00,6.2
12330,2026-04-04 18:00:00,4.7
12331,2026-04-04 19:00:00,2.4
12332,2026-04-04 20:00:00,1.2
12333,2026-04-04 21:00:00,0.9
12334,2026-04-04 22:00:00,1.8
12335,2026-04-04 23:00:00,1.5
12336,2026-04-05 00:00:00,1.6
12337,2026-04-05 01:00:00,2.1
12338,2026-04-05 02:00:00,3.0
12339,2026-04-05 03:00:00,4.7
12340,2026-04-05 04:00:00,4.5
12341,2026-04-05 05:00:00,3.3
12342,2026-04-05 06:00:00,4.6
12343,2026-04-05 07:00:00,5.9
12344,2026-04-05 08:00:00,6.9
12345,2026-04-05 09:00:00,7.1
12346,2026-04-05 10:00:00,7.3
12347,2026-04-05 11:00:00,9.4
12348,2026-04-05 12:00:00,7.4
12349,2026-04-05 13:00:00,7.0
12350,2026-04-05 14:00:00,8.6
12351,2026-04-05 15:00:00,8.7
12352,2026-04-05 16:00:00,6.2
12353,2026-04-05 17:00:00,6.1
12354,2026-04-05 18:00:00,6.9
12355,2026-04-05 19:00:00,6.6
12356,2026-04-05 20:00:00,6.1
12357,2026-04-05 21:00:00,4.0
12358,2026-04-05 22:00:00,4.4
12359,2026-04-05 23:00:00,8.2
12360,2026-04-06 00:00:00,7.2
12361,2026-04-06 01:00:00,7.4
12362,2026-04-06 02:00:00,7.9
12363,2026-04-06 03:00:00,6.5
12364,2026-04-06 04:00:00,6.1
12365,2026-04-06 05:00:00,5.9
12366,2026-04-06 06:00:00,6.3
12367,2026-04-06 07:00:00,8.5
12368,2026-04-06 08:00:00,8.9
12369,2026-04-06 09:00:00,9.7
12370,2026-04-06 10:00:00,9.9
12371,2026-04-06 11:00:00,9.1
12372,2026-04-06 12:00:00,9.5
12373,2026-04-06 13:00:00,8.8
12374,2026-04-06 14:00:00,8.2
12375,2026-04-06 15:00:00,8.1
12376,2026-04-06 16:00:00,8.2
12377,2026-04-06 17:00:00,6.6
12378,2026-04-06 18:00:00,4.7
12379,2026-04-06 19:00:00,3.1
12380,2026-04-06 20:00:00,2.9
12381,2026-04-06 21:00:00,2.8
12382,2026-04-06 22:00:00,3.2
12383,2026-04-06 23:00:00,2.3
12384,2026-04-07 00:00:00,2.0
12385,2026-04-07 01:00:00,2.1
12386,2026-04-07 02:00:00,2.3
12387,2026-04-07 03:00:00,3.5
12388,2026-04-07 04:00:00,3.5
12389,2026-04-07 05:00:00,2.9
12390,2026-04-07 06:00:00,3.1
12391,2026-04-07 07:00:00,4.8
12392,2026-04-07 08:00:00,4.7
12393,2026-04-07 09:00:00,4.3
12394,2026-04-07 10:00:00,4.7
12395,2026-04-07 11:00:00,4.1
12396,2026-04-07 12:00:00,3.8
12397,2026-04-07 13:00:00,4.1
12398,2026-04-07 14:00:00,3.3
12399,2026-04-07 15:00:00,3.3
12400,2026-04-07 16:00:00,2.7
12401,2026-04-07 17:00:00,2.6
12402,2026-04-07 18:00:00,1.1
12403,2026-04-07 19:00:00,0.4
12404,2026-04-07 20:00:00,0.8
12405,2026-04-07 21:00:00,0.9
12406,2026-04-07 22:00:00,0.9
12407,2026-04-07 23:00:00,0.9
12408,2026-04-08 00:00:00,0.5
12409,2026-04-08 01:00:00,0.5
12410,2026-04-08 02:00:00,0.9
12411,2026-04-08 03:00:00,0.9
12412,2026-04-08 04:00:00,0.9
12413,2026-04-08 05:00:00,0.3
12414,2026-04-08 06:00:00,0.5
12415,2026-04-08 07:00:00,0.5
12416,2026-04-08 08:00:00,0.8
12417,2026-04-08 09:00:00,1.1
12418,2026-04-08 10:00:00,1.6
12419,2026-04-08 11:00:00,2.2
12420,2026-04-08 12:00:00,2.0
12421,2026-04-08 13:00:00,2.1
12422,2026-04-08 14:00:00,2.5
12423,2026-04-08 15:00:00,2.1
12424,2026-04-08 16:00:00,1.8
12425,2026-04-08 17:00:00,1.9
12426,2026-04-08 18:00:00,1.1
12427,2026-04-08 19:00:00,2.5
12428,2026-04-08 20:00:00,2.0
12429,2026-04-08 21:00:00,1.4
12430,2026-04-08 22:00:00,2.0
12431,2026-04-08 23:00:00,1.8
12432,2026-04-09 00:00:00,0.6
12433,2026-04-09 01:00:00,0.9
12434,2026-04-09 02:00:00,0.7
12435,2026-04-09 03:00:00,0.7
12436,2026-04-09 04:00:00,0.9
12437,2026-04-09 05:00:00,0.4
12438,2026-04-09 06:00:00,1.1
12439,2026-04-09 07:00:00,1.1
12440,2026-04-09 08:00:00,1.2
12441,2026-04-09 09:00:00,2.4
12442,2026-04-09 10:00:00,2.2
12443,2026-04-09 11:00:00,2.5
12444,2026-04-09 12:00:00,2.6
12445,2026-04-09 13:00:00,2.6
12446,2026-04-09 14:00:00,2.7
12447,2026-04-09 15:00:00,2.6
12448,2026-04-09 16:00:00,2.3
12449,2026-04-09 17:00:00,2.3
12450,2026-04-09 18:00:00,2.4
12451,2026-04-09 19:00:00,2.1
12452,2026-04-09 20:00:00,1.6
12453,2026-04-09 21:00:00,0.8
12454,2026-04-09 22:00:00,1.4
12455,2026-04-09 23:00:00,1.7
12456,2026-04-10 00:00:00,1.5
12457,2026-04-10 01:00:00,1.5
12458,2026-04-10 02:00:00,2.1
12459,2026-04-10 03:00:00,3.1
12460,2026-04-10 04:00:00,3.2
12461,2026-04-10 05:00:00,3.3
12462,2026-04-10 06:00:00,3.4
12463,2026-04-10 07:00:00,3.0
12464,2026-04-10 08:00:00,2.7
12465,2026-04-10 09:00:00,2.2
12466,2026-04-10 10:00:00,2.9
12467,2026-04-10 11:00:00,2.8
12468,2026-04-10 12:00:00,2.0
12469,2026-04-10 13:00:00,1.2
12470,2026-04-10 14:00:00,1.5
12471,2026-04-10 15:00:00,1.7
12472,2026-04-10 16:00:00,3.1
12473,2026-04-10 17:00:00,2.0
12474,2026-04-10 18:00:00,1.1
12475,2026-04-10 19:00:00,0.9
12476,2026-04-10 20:00:00,1.0
12477,2026-04-10 21:00:00,0.7
12478,2026-04-10 22:00:00,0.4
12479,2026-04-10 23:00:00,0.4
12480,2026-04-11 00:00:00,0.7
12481,2026-04-11 01:00:00,1.3
12482,2026-04-11 02:00:00,2.1
12483,2026-04-11 03:00:00,1.6
12484,2026-04-11 04:00:00,2.0
12485,2026-04-11 05:00:00,2.5
12486,2026-04-11 06:00:00,2.3
12487,2026-04-11 07:00:00,2.4
12488,2026-04-11 08:00:00,2.6
12489,2026-04-11 09:00:00,3.0
12490,2026-04-11 10:00:00,3.2
12491,2026-04-11 11:00:00,3.6
12492,2026-04-11 12:00:00,3.9
12493,2026-04-11 13:00:00,4.6
12494,2026-04-11 14:00:00,5.0
12495,2026-04-11 15:00:00,4.5
12496,2026-04-11 16:00:00,4.7
12497,2026-04-11 17:00:00,4.1
12498,2026-04-11 18:00:00,2.9
12499,2026-04-11 19:00:00,2.2
12500,2026-04-11 20:00:00,2.3
12501,2026-04-11 21:00:00,3.3
12502,2026-04-11 22:00:00,3.5
12503,2026-04-11 23:00:00,3.2
12504,2026-04-12 00:00:00,3.9
12505,2026-04-12 01:00:00,3.9
12506,2026-04-12 02:00:00,4.2
12507,2026-04-12 03:00:00,4.7
12508,2026-04-12 04:00:00,5.0
12509,2026-04-12 05:00:00,4.4
12510,2026-04-12 06:00:00,3.9
12511,2026-04-12 07:00:00,3.2
12512,2026-04-12 08:00:00,3.8
12513,2026-04-12 09:00:00,4.3
12514,2026-04-12 10:00:00,2.0
12515,2026-04-12 11:00:00,1.3
12516,2026-04-12 12:00:00,1.7
12517,2026-04-12 13:00:00,2.2
12518,2026-04-12 14:00:00,1.4
12519,2026-04-12 15:00:00,1.9
12520,2026-04-12 16:00:00,1.1
12521,2026-04-12 17:00:00,0.9
12522,2026-04-12 18:00:00,0.7
12523,2026-04-12 19:00:00,0.6
12524,2026-04-12 20:00:00,0.6
12525,2026-04-12 21:00:00,0.8
12526,2026-04-12 22:00:00,0.7
12527,2026-04-12 23:00:00,1.3
12528,2026-04-13 00:00:00,1.5
12529,2026-04-13 01:00:00,1.2
12530,2026-04-13 02:00:00,1.2
12531,2026-04-13 03:00:00,1.2
12532,2026-04-13 04:00:00,1.5
12533,2026-04-13 05:00:00,1.6
12534,2026-04-13 06:00:00,1.3
12535,2026-04-13 07:00:00,2.0
12536,2026-04-13 08:00:00,2.2
12537,2026-04-13 09:00:00,3.1
12538,2026-04-13 10:00:00,3.6
12539,2026-04-13 11:00:00,3.8
12540,2026-04-13 12:00:00,5.7
12541,2026-04-13 13:00:00,5.2
12542,2026-04-13 14:00:00,5.3
12543,2026-04-13 15:00:00,4.5
12544,2026-04-13 16:00:00,3.7
12545,2026-04-13 17:00:00,3.2
12546,2026-04-13 18:00:00,4.0
12547,2026-04-13 19:00:00,3.5
12548,2026-04-13 20:00:00,3.2
12549,2026-04-13 21:00:00,3.4
12550,2026-04-13 22:00:00,3.2
12551,2026-04-13 23:00:00,2.9
12552,2026-04-14 00:00:00,3.0
12553,2026-04-14 01:00:00,2.4
12554,2026-04-14 02:00:00,2.0
12555,2026-04-14 03:00:00,1.4
12556,2026-04-14 04:00:00,1.2
12557,2026-04-14 05:00:00,0.8
12558,2026-04-14 06:00:00,0.9
12559,2026-04-14 07:00:00,0.9
12560,2026-04-14 08:00:00,0.6
12561,2026-04-14 09:00:00,2.0
12562,2026-04-14 10:00:00,2.7
12563,2026-04-14 11:00:00,2.4
12564,2026-04-14 12:00:00,3.7
12565,2026-04-14 13:00:00,4.1
12566,2026-04-14 14:00:00,3.8
12567,2026-04-14 15:00:00,3.9
12568,2026-04-14 16:00:00,3.4
12569,2026-04-14 17:00:00,2.4
12570,2026-04-14 18:00:00,2.3
12571,2026-04-14 19:00:00,1.4
12572,2026-04-14 20:00:00,1.8
12573,2026-04-14 21:00:00,1.2
12574,2026-04-14 22:00:00,1.4
12575,2026-04-14 23:00:00,1.5
12576,2026-04-15 00:00:00,0.9
12577,2026-04-15 01:00:00,0.7
12578,2026-04-15 02:00:00,0.7
12579,2026-04-15 03:00:00,0.6
12580,2026-04-15 04:00:00,0.3
12581,2026-04-15 05:00:00,0.2
12582,2026-04-15 06:00:00,0.3
12583,2026-04-15 07:00:00,0.6
12584,2026-04-15 08:00:00,1.1
12585,2026-04-15 09:00:00,1.0
12586,2026-04-15 10:00:00,1.8
12587,2026-04-15 11:00:00,2.1
12588,2026-04-15 12:00:00,2.0
12589,2026-04-15 13:00:00,1.7
12590,2026-04-15 14:00:00,1.7
12591,2026-04-15 15:00:00,2.1
12592,2026-04-15 16:00:00,1.3
12593,2026-04-15 17:00:00,1.2
12594,2026-04-15 18:00:00,1.1
12595,2026-04-15 19:00:00,0.7
12596,2026-04-15 20:00:00,0.4
12597,2026-04-15 21:00:00,0.8
12598,2026-04-15 22:00:00,0.7
12599,2026-04-15 23:00:00,0.8
12600,2026-04-16 00:00:00,1.2
12601,2026-04-16 01:00:00,1.5
12602,2026-04-16 02:00:00,1.1
12603,2026-04-16 03:00:00,0.6
12604,2026-04-16 04:00:00,0.8
12605,2026-04-16 05:00:00,0.9
12606,2026-04-16 06:00:00,1.0
12607,2026-04-16 07:00:00,1.2
12608,2026-04-16 08:00:00,1.0
12609,2026-04-16 09:00:00,1.0
12610,2026-04-16 10:00:00,1.0
12611,2026-04-16 11:00:00,1.6
12612,2026-04-16 12:00:00,2.0
12613,2026-04-16 13:00:00,3.0
12614,2026-04-16 14:00:00,2.5
12615,2026-04-16 15:00:00,3.0
12616,2026-04-16 16:00:00,4.0
12617,2026-04-16 17:00:00,2.1
12618,2026-04-16 18:00:00,3.3
12619,2026-04-16 19:00:00,3.5
12620,2026-04-16 20:00:00,2.2
12621,2026-04-16 21:00:00,1.8
12622,2026-04-16 22:00:00,1.4
12623,2026-04-16 23:00:00,1.3
12624,2026-04-17 00:00:00,1.2
12625,2026-04-17 01:00:00,1.9
12626,2026-04-17 02:00:00,2.1
12627,2026-04-17 03:00:00,2.5
12628,2026-04-17 04:00:00,2.2
12629,2026-04-17 05:00:00,1.8
12630,2026-04-17 06:00:00,1.4
12631,2026-04-17 07:00:00,1.3
12632,2026-04-17 08:00:00,1.2
12633,2026-04-17 09:00:00,1.8
12634,2026-04-17 10:00:00,2.5
12635,2026-04-17 11:00:00,2.4
12636,2026-04-17 12:00:00,2.6
12637,2026-04-17 13:00:00,2.5
12638,2026-04-17 14:00:00,2.5
12639,2026-04-17 15:00:00,2.0
12640,2026-04-17 16:00:00,2.0
12641,2026-04-17 17:00:00,1.7
12642,2026-04-17 18:00:00,0.6
12643,2026-04-17 19:00:00,1.6
12644,2026-04-17 20:00:00,1.4
12645,2026-04-17 21:00:00,1.2
12646,2026-04-17 22:00:00,0.8
12647,2026-04-17 23:00:00,0.9
12648,2026-04-18 00:00:00,1.1
12649,2026-04-18 01:00:00,1.8
12650,2026-04-18 02:00:00,0.8
12651,2026-04-18 03:00:00,0.9
12652,2026-04-18 04:00:00,1.6
12653,2026-04-18 05:00:00,1.4
12654,2026-04-18 06:00:00,1.6
12655,2026-04-18 07:00:00,2.6
12656,2026-04-18 08:00:00,2.8
12657,2026-04-18 09:00:00,2.6
12658,2026-04-18 10:00:00,2.3
12659,2026-04-18 11:00:00,1.7
12660,2026-04-18 12:00:00,2.0
12661,2026-04-18 13:00:00,2.3
12662,2026-04-18 14:00:00,2.0
12663,2026-04-18 15:00:00,2.0
12664,2026-04-18 16:00:00,2.0
12665,2026-04-18 17:00:00,1.5
12666,2026-04-18 18:00:00,1.1
12667,2026-04-18 19:00:00,1.1
12668,2026-04-18 20:00:00,1.2
12669,2026-04-18 21:00:00,0.4
12670,2026-04-18 22:00:00,1.7
12671,2026-04-18 23:00:00,0.9
12672,2026-04-19 00:00:00,0.8
12673,2026-04-19 01:00:00,1.1
12674,2026-04-19 02:00:00,0.9
12675,2026-04-19 03:00:00,1.1
12676,2026-04-19 04:00:00,1.0
12677,2026-04-19 05:00:00,0.9
12678,2026-04-19 06:00:00,0.8
12679,2026-04-19 07:00:00,1.0
12680,2026-04-19 08:00:00,1.3
12681,2026-04-19 09:00:00,1.0
12682,2026-04-19 10:00:00,1.7
12683,2026-04-19 11:00:00,3.2
12684,2026-04-19 12:00:00,3.3
12685,2026-04-19 13:00:00,2.3
12686,2026-04-19 14:00:00,1.5
12687,2026-04-19 15:00:00,2.9
12688,2026-04-19 16:00:00,5.4
12689,2026-04-19 17:00:00,6.0
12690,2026-04-19 18:00:00,5.3
12691,2026-04-19 19:00:00,5.0
12692,2026-04-19 20:00:00,3.9
12693,2026-04-19 21:00:00,3.1
12694,2026-04-19 22:00:00,4.1
12695,2026-04-19 23:00:00,4.8
12696,2026-04-20 00:00:00,4.0
12697,2026-04-20 01:00:00,4.2
12698,2026-04-20 02:00:00,5.3
12699,2026-04-20 03:00:00,5.3
12700,2026-04-20 04:00:00,5.3
12701,2026-04-20 05:00:00,5.6
12702,2026-04-20 06:00:00,5.7
12703,2026-04-20 07:00:00,5.2
12704,2026-04-20 08:00:00,4.1
12705,2026-04-20 09:00:00,2.1
12706,2026-04-20 10:00:00,1.9
12707,2026-04-20 11:00:00,1.6
12708,2026-04-20 12:00:00,2.4
12709,2026-04-20 13:00:00,2.6
12710,2026-04-20 14:00:00,2.4
12711,2026-04-20 15:00:00,2.5
12712,2026-04-20 16:00:00,1.6
12713,2026-04-20 17:00:00,1.3
12714,2026-04-20 18:00:00,1.0
12715,2026-04-20 19:00:00,0.9
12716,2026-04-20 20:00:00,1.1
12717,2026-04-20 21:00:00,0.9
12718,2026-04-20 22:00:00,1.5
12719,2026-04-20 23:00:00,1.1
12720,2026-04-21 00:00:00,1.3
12721,2026-04-21 01:00:00,0.9
12722,2026-04-21 02:00:00,1.2
12723,2026-04-21 03:00:00,1.1
12724,2026-04-21 04:00:00,0.6
12725,2026-04-21 05:00:00,1.0
12726,2026-04-21 06:00:00,1.1
12727,2026-04-21 07:00:00,1.7
12728,2026-04-21 08:00:00,1.6
12729,2026-04-21 09:00:00,1.7
12730,2026-04-21 10:00:00,2.0
12731,2026-04-21 11:00:00,2.2
12732,2026-04-21 12:00:00,2.4
12733,2026-04-21 13:00:00,2.2
12734,2026-04-21 14:00:00,2.6
12735,2026-04-21 15:00:00,2.2
12736,2026-04-21 16:00:00,2.0
12737,2026-04-21 17:00:00,1.5
12738,2026-04-21 18:00:00,1.2
12739,2026-04-21 19:00:00,0.6
12740,2026-04-21 20:00:00,0.6
12741,2026-04-21 21:00:00,0.8
12742,2026-04-21 22:00:00,1.0
12743,2026-04-21 23:00:00,1.3
12744,2026-04-22 00:00:00,1.5
12745,2026-04-22 01:00:00,1.5
12746,2026-04-22 02:00:00,1.5
12747,2026-04-22 03:00:00,1.7
12748,2026-04-22 04:00:00,1.7
12749,2026-04-22 05:00:00,2.0
12750,2026-04-22 06:00:00,2.2
12751,2026-04-22 07:00:00,2.3
12752,2026-04-22 08:00:00,2.0
12753,2026-04-22 09:00:00,3.0
12754,2026-04-22 10:00:00,3.6
12755,2026-04-22 11:00:00,4.2
12756,2026-04-22 12:00:00,3.7
12757,2026-04-22 13:00:00,3.7
12758,2026-04-22 14:00:00,4.2
12759,2026-04-22 15:00:00,4.5
12760,2026-04-22 16:00:00,4.5
12761,2026-04-22 17:00:00,4.3
12762,2026-04-22 18:00:00,3.5
12763,2026-04-22 19:00:00,2.9
12764,2026-04-22 20:00:00,2.0
12765,2026-04-22 21:00:00,1.8
12766,2026-04-22 22:00:00,2.0
12767,2026-04-22 23:00:00,2.3
12768,2026-04-23 00:00:00,2.8
12769,2026-04-23 01:00:00,2.7
12770,2026-04-23 02:00:00,3.0
12771,2026-04-23 03:00:00,3.1
12772,2026-04-23 04:00:00,3.7
12773,2026-04-23 05:00:00,3.8
12774,2026-04-23 06:00:00,5.3
12775,2026-04-23 07:00:00,4.2
12776,2026-04-23 08:00:00,4.3
12777,2026-04-23 09:00:00,4.0
12778,2026-04-23 10:00:00,4.0
12779,2026-04-23 11:00:00,3.6
12780,2026-04-23 12:00:00,4.2
12781,2026-04-23 13:00:00,3.5
12782,2026-04-23 14:00:00,3.7
12783,2026-04-23 15:00:00,3.6
12784,2026-04-23 16:00:00,3.9
12785,2026-04-23 17:00:00,3.6
12786,2026-04-23 18:00:00,2.9
12787,2026-04-23 19:00:00,2.5
12788,2026-04-23 20:00:00,1.7
12789,2026-04-23 21:00:00,2.0
12790,2026-04-23 22:00:00,2.0
12791,2026-04-23 23:00:00,1.9
12792,2026-04-24 00:00:00,2.6
12793,2026-04-24 01:00:00,3.8
12794,2026-04-24 02:00:00,4.6
12795,2026-04-24 03:00:00,4.3
12796,2026-04-24 04:00:00,4.0
12797,2026-04-24 05:00:00,4.2
12798,2026-04-24 06:00:00,4.7
12799,2026-04-24 07:00:00,4.0
12800,2026-04-24 08:00:00,4.2
12801,2026-04-24 09:00:00,4.0
12802,2026-04-24 10:00:00,4.3
12803,2026-04-24 11:00:00,4.2
12804,2026-04-24 12:00:00,4.6
12805,2026-04-24 13:00:00,5.6
12806,2026-04-24 14:00:00,4.7
12807,2026-04-24 15:00:00,5.0
12808,2026-04-24 16:00:00,3.9
12809,2026-04-24 17:00:00,2.8
12810,2026-04-24 18:00:00,2.1
12811,2026-04-24 19:00:00,2.5
12812,2026-04-24 20:00:00,3.3
12813,2026-04-24 21:00:00,3.2
12814,2026-04-24 22:00:00,3.0
12815,2026-04-24 23:00:00,4.1
12816,2026-04-25 00:00:00,3.6
12817,2026-04-25 01:00:00,4.3
12818,2026-04-25 02:00:00,4.9
12819,2026-04-25 03:00:00,5.7
12820,2026-04-25 04:00:00,5.6
12821,2026-04-25 05:00:00,5.4
12822,2026-04-25 06:00:00,6.1
12823,2026-04-25 07:00:00,6.8
12824,2026-04-25 08:00:00,5.8
12825,2026-04-25 09:00:00,5.7
12826,2026-04-25 10:00:00,7.0
12827,2026-04-25 11:00:00,6.1
12828,2026-04-25 12:00:00,6.9
12829,2026-04-25 13:00:00,7.1
12830,2026-04-25 14:00:00,7.6
12831,2026-04-25 15:00:00,8.3
12832,2026-04-25 16:00:00,8.3
12833,2026-04-25 17:00:00,7.0
12834,2026-04-25 18:00:00,7.5
12835,2026-04-25 19:00:00,6.8
12836,2026-04-25 20:00:00,4.9
12837,2026-04-25 21:00:00,5.9
12838,2026-04-25 22:00:00,4.9
12839,2026-04-25 23:00:00,4.6
12840,2026-04-26 00:00:00,4.5
12841,2026-04-26 01:00:00,3.6
12842,2026-04-26 02:00:00,3.2
12843,2026-04-26 03:00:00,3.7
12844,2026-04-26 04:00:00,3.4
12845,2026-04-26 05:00:00,3.0
12846,2026-04-26 06:00:00,3.0
12847,2026-04-26 07:00:00,2.6
12848,2026-04-26 08:00:00,2.6
12849,2026-04-26 09:00:00,2.7
12850,2026-04-26 10:00:00,3.0
12851,2026-04-26 11:00:00,3.2
12852,2026-04-26 12:00:00,2.8
12853,2026-04-26 13:00:00,3.0
12854,2026-04-26 14:00:00,3.3
12855,2026-04-26 15:00:00,2.5
12856,2026-04-26 16:00:00,2.5
12857,2026-04-26 17:00:00,2.2
12858,2026-04-26 18:00:00,2.2
12859,2026-04-26 19:00:00,1.4
12860,2026-04-26 20:00:00,0.8
12861,2026-04-26 21:00:00,0.6
12862,2026-04-26 22:00:00,0.4
12863,2026-04-26 23:00:00,1.0
12864,2026-04-27 00:00:00,1.2
12865,2026-04-27 01:00:00,0.9
12866,2026-04-27 02:00:00,1.1
12867,2026-04-27 03:00:00,1.1
12868,2026-04-27 04:00:00,0.9
12869,2026-04-27 05:00:00,1.3
12870,2026-04-27 06:00:00,0.7
12871,2026-04-27 07:00:00,0.4
12872,2026-04-27 08:00:00,2.0
12873,2026-04-27 09:00:00,3.1
12874,2026-04-27 10:00:00,2.8
12875,2026-04-27 11:00:00,2.8
12876,2026-04-27 12:00:00,3.6
12877,2026-04-27 13:00:00,3.5
12878,2026-04-27 14:00:00,3.6
12879,2026-04-27 15:00:00,2.6
12880,2026-04-27 16:00:00,2.4
12881,2026-04-27 17:00:00,1.8
12882,2026-04-27 18:00:00,1.2
12883,2026-04-27 19:00:00,0.7
12884,2026-04-27 20:00:00,0.9
12885,2026-04-27 21:00:00,1.5
12886,2026-04-27 22:00:00,1.9
12887,2026-04-27 23:00:00,1.4
12888,2026-04-28 00:00:00,1.4
12889,2026-04-28 01:00:00,1.3
12890,2026-04-28 02:00:00,1.6
12891,2026-04-28 03:00:00,1.4
12892,2026-04-28 04:00:00,1.4
12893,2026-04-28 05:00:00,1.6
12894,2026-04-28 06:00:00,2.5
12895,2026-04-28 07:00:00,3.1
12896,2026-04-28 08:00:00,3.1
12897,2026-04-28 09:00:00,2.9
12898,2026-04-28 10:00:00,2.9
12899,2026-04-28 11:00:00,3.3
12900,2026-04-28 12:00:00,3.4
12901,2026-04-28 13:00:00,3.3
12902,2026-04-28 14:00:00,2.8
12903,2026-04-28 15:00:00,2.9
12904,2026-04-28 16:00:00,2.6
12905,2026-04-28 17:00:00,2.6
12906,2026-04-28 18:00:00,2.5
12907,2026-04-28 19:00:00,1.6
12908,2026-04-28 20:00:00,0.9
12909,2026-04-28 21:00:00,1.4
12910,2026-04-28 22:00:00,2.2
12911,2026-04-28 23:00:00,2.2
12912,2026-04-29 00:00:00,1.3
12913,2026-04-29 01:00:00,0.8
12914,2026-04-29 02:00:00,1.7
12915,2026-04-29 03:00:00,1.1
12916,2026-04-29 04:00:00,1.2
12917,2026-04-29 05:00:00,0.9
12918,2026-04-29 06:00:00,1.1
12919,2026-04-29 07:00:00,2.7
12920,2026-04-29 08:00:00,4.1
12921,2026-04-29 09:00:00,4.3
12922,2026-04-29 10:00:00,3.8
12923,2026-04-29 11:00:00,3.2
12924,2026-04-29 12:00:00,3.7
12925,2026-04-29 13:00:00,3.7
12926,2026-04-29 14:00:00,3.5
12927,2026-04-29 15:00:00,3.3
12928,2026-04-29 16:00:00,3.1
12929,2026-04-29 17:00:00,2.5
12930,2026-04-29 18:00:00,2.4
12931,2026-04-29 19:00:00,1.4
12932,2026-04-29 20:00:00,0.6
12933,2026-04-29 21:00:00,0.2
12934,2026-04-29 22:00:00,0.3
12935,2026-04-29 23:00:00,0.9
12936,2026-04-30 00:00:00,0.4
12937,2026-04-30 01:00:00,0.8
12938,2026-04-30 02:00:00,0.8
12939,2026-04-30 03:00:00,0.6
12940,2026-04-30 04:00:00,0.2
12941,2026-04-30 05:00:00,0.7
12942,2026-04-30 06:00:00,1.0
12943,2026-04-30 07:00:00,2.7
12944,2026-04-30 08:00:00,3.7
12945,2026-04-30 09:00:00,2.4
12946,2026-04-30 10:00:00,1.9
12947,2026-04-30 11:00:00,2.4
12948,2026-04-30 12:00:00,1.9
12949,2026-04-30 13:00:00,2.1
12950,2026-04-30 14:00:00,2.3
12951,2026-04-30 15:00:00,2.1
12952,2026-04-30 16:00:00,1.8
12953,2026-04-30 17:00:00,1.2
12954,2026-04-30 18:00:00,1.4
12955,2026-04-30 19:00:00,0.6
12956,2026-04-30 20:00:00,0.8
12957,2026-04-30 21:00:00,0.8
12958,2026-04-30 22:00:00,0.4
12959,2026-04-30 23:00:00,0.3
12960,2026-05-01 00:00:00,0.8
12961,2026-05-01 01:00:00,0.7
12962,2026-05-01 02:00:00,0.7
12963,2026-05-01 03:00:00,0.9
12964,2026-05-01 04:00:00,0.9
12965,2026-05-01 05:00:00,1.0
12966,2026-05-01 06:00:00,1.3
12967,2026-05-01 07:00:00,1.1
12968,2026-05-01 08:00:00,1.1
12969,2026-05-01 09:00:00,2.0
12970,2026-05-01 10:00:00,2.1
12971,2026-05-01 11:00:00,2.2
12972,2026-05-01 12:00:00,2.2
12973,2026-05-01 13:00:00,2.2
12974,2026-05-01 14:00:00,1.8
12975,2026-05-01 15:00:00,2.7
12976,2026-05-01 16:00:00,2.3
12977,2026-05-01 17:00:00,2.2
12978,2026-05-01 18:00:00,1.3
12979,2026-05-01 19:00:00,1.1
12980,2026-05-01 20:00:00,0.7
12981,2026-05-01 21:00:00,0.7
12982,2026-05-01 22:00:00,0.5
12983,2026-05-01 23:00:00,0.9
12984,2026-05-02 00:00:00,0.6
12985,2026-05-02 01:00:00,1.3
12986,2026-05-02 02:00:00,1.5
12987,2026-05-02 03:00:00,2.0
12988,2026-05-02 04:00:00,1.6
12989,2026-05-02 05:00:00,1.9
12990,2026-05-02 06:00:00,1.6
12991,2026-05-02 07:00:00,1.3
12992,2026-05-02 08:00:00,2.1
12993,2026-05-02 09:00:00,4.1
12994,2026-05-02 10:00:00,5.2
12995,2026-05-02 11:00:00,5.2
12996,2026-05-02 12:00:00,4.1
12997,2026-05-02 13:00:00,3.8
12998,2026-05-02 14:00:00,4.0
12999,2026-05-02 15:00:00,3.5
13000,2026-05-02 16:00:00,3.2
13001,2026-05-02 17:00:00,3.3
13002,2026-05-02 18:00:00,2.6
13003,2026-05-02 19:00:00,1.1
13004,2026-05-02 20:00:00,0.3
13005,2026-05-02 21:00:00,2.0
13006,2026-05-02 22:00:00,2.7
13007,2026-05-02 23:00:00,3.1
13008,2026-05-03 00:00:00,2.4
13009,2026-05-03 01:00:00,1.9
13010,2026-05-03 02:00:00,2.2
13011,2026-05-03 03:00:00,1.7
13012,2026-05-03 04:00:00,0.9
13013,2026-05-03 05:00:00,1.0
13014,2026-05-03 06:00:00,1.2
13015,2026-05-03 07:00:00,0.9
13016,2026-05-03 08:00:00,1.8
13017,2026-05-03 09:00:00,2.0
13018,2026-05-03 10:00:00,2.1
13019,2026-05-03 11:00:00,3.3
13020,2026-05-03 12:00:00,4.4
13021,2026-05-03 13:00:00,4.9
13022,2026-05-03 14:00:00,3.5
13023,2026-05-03 15:00:00,3.5
13024,2026-05-03 16:00:00,2.8
13025,2026-05-03 17:00:00,2.2
13026,2026-05-03 18:00:00,1.8
13027,2026-05-03 19:00:00,0.8
13028,2026-05-03 20:00:00,1.9
13029,2026-05-03 21:00:00,2.6
13030,2026-05-03 22:00:00,1.4
13031,2026-05-03 23:00:00,1.4
